step,loss,grad_norm,batch_starts_sha256
1,8.324520111083984,2.055480718612671,ec66205d2fb063ece0b453884e8f1bf64e5b45d18fb590885e8390e532cb10b3
2,8.137251853942871,2.273272752761841,54e033420c9bcf36d8d595d2f07cee179bac84eb3d9778b7cc10c9b872083756
3,7.950216770172119,1.3069391250610352,b7417221291a54cbbb14b32ca3816e2685cea6283ad562f931a33ea9c26c448d
4,7.840364933013916,1.2892249822616577,f8a9d8dbba593c432fa3e7b5d45940aa960f78b73c70fb22453434f01ea879ac
5,7.709327220916748,1.3081319332122803,9e432ca7167e13e6a8493d0bc7a26bf3f2d81af86082a2bedcf8d6176500a534
6,7.626572608947754,1.239071249961853,439a5489d175a3e3c2b4ae55cbfdb68ca04cbac17bc514bdf96b8beebb6976ee
7,7.499349117279053,1.2655553817749023,ca29887eecc20ca330fa1e166f1e309394ac0affaff1c85bf603ae609f02cce4
8,7.371833324432373,1.2580173015594482,beb314b0e641766269bbda16ff460654122aace1965fcf7fbaa7745dcc99043d
9,7.232376575469971,1.3094282150268555,934e9aaf8c7610c855d3d683fd2880dd685918b93c99eb3e658446f9ca1aa9a5
10,7.132296562194824,1.250800609588623,c7afaae9db31a949b7b0c4cce51d87ddd5ac8bf416fec9b813fe5349621cf276
11,7.032721042633057,1.2342581748962402,d525b9426df17884615ac30956a754fa3e2bec1b66ed74aeb2cd843b136363d6
12,6.9159159660339355,2.2751176357269287,e41192cfa7fb4bb90ea10da43951e5b64ff8b1fd9a66fb98a1248c1caf627814
13,6.849609375,1.2388616800308228,f446abdb0f45e3d8ae93e565316eb58c1d918713a61c95938f2d22e5416ff21f
14,6.680202484130859,1.2488634586334229,3958aa3b8bfd6a7ad5ae0d8e13a22bc286b4a8fdc182b8d1fb4d9356abc4de33
15,6.6538872718811035,1.1347007751464844,619fb6b39692c0c8319072d8a1e02b58ba585e8ce4ed133684a41f1ef3128bd7
16,6.597789287567139,1.122549295425415,268ebdc1833152a2f48b3722fbd582a1c827c11fd4827d8b16b3b7a615394108
17,6.541940689086914,1.0379374027252197,7a1c064f80ece5197af3837e9d725e20b789a1e089b0d2499db7159ba9b24c5b
18,6.416553497314453,1.1027148962020874,0fb83c3dca650609520af4ca7b2852ad9920ad84ed6ce40d416144d6a7bbbf3b
19,6.370426177978516,1.0612832307815552,0aaeb3fa5d51456358c6d648e4229cad3028f19d6a368deed9eb80cb8f97c64d
20,6.294856548309326,1.013643503189087,b929d4cb6efb2475dba697471269b7608b073ce0959da95c1209b0d9b00709b3
21,6.236988544464111,0.9934895038604736,d7e5a2daf33a40eb8a5cc1a04047b4ddaf48a8afc1b4fb6c7dd688e12886d10f
22,6.196999549865723,0.9259853363037109,3ebdda8d280c6989337771db7cbf936d57f89adb856a0777cb9f0fbf936c819d
23,6.156894683837891,0.8546268939971924,3da31a71d5d2d312be3a237e30f422dc29eb9b369ba997a3e7ee34df780564dd
24,6.169954299926758,0.7534071803092957,4853b1c49aa4807e82c7498ac28373ffa014f461fd401d342a628c7f12236ab2
25,6.142983913421631,0.7250855565071106,a2c1082420b59fddabb8cc06bc4f657fe47354d617b678e117be7d99a091f4cf
26,6.003368854522705,0.7673199772834778,4bc4753ca634751890e2297a981dafac82f2b08de044da188aa708916548710e
27,5.99393892288208,0.7311941385269165,ed5739de2cf6faf73605ad1bd6890951621ea510eba37b64534f3665c947936f
28,5.999704360961914,0.6333139538764954,5c12c3b16dfe7d2d406ac1c5fb11ce0a6b7b380cbd127cf9384df62897f4eb0d
29,6.050049304962158,0.58673095703125,1fd392ff92ad9f3e1dc6cc87adaf56209dfa0e78674fa8aa04ae699b89303f55
30,5.9612298011779785,0.6622496247291565,509ca3671ba0f906c970f0fe2b78acd0dbd1bacb6f86d5c9f9e65c88908e9e36
31,5.938264846801758,0.5666916966438293,9c449132d41db4036161789ac2b20504238c3544a8bfe8fa9aed013ed4151f61
32,5.833538055419922,0.507877767086029,95957ce0e311ba1ef6dd46f8fc99fcdcef86134706266b3a71324ee97b637eee
33,5.83188533782959,0.6891723275184631,c04dd77c3bfab58bd088175e8b4ce1f18de4c9b3915da154d25b3bad542a7794
34,5.756149768829346,0.6740126609802246,d59a0bd5e520d360b4f95ad7cee0f043881583a597cc2545ab9d9addda03eb24
35,5.791373252868652,0.5555410385131836,5a9bc33001ea04927dba6e92cda09630bffdf49ea2ccb74d7aa38134e8d86113
36,5.784303188323975,0.9681188464164734,596d02ec2b6bf39ef92ae0bfb8b84076f828f09bebe34aea0078fd8d63037fec
37,5.7520036697387695,0.6634069085121155,33f0505c6025efe4b7ce33a8135ef80a06362c78edfcaee02d32d96c89f9ad85
38,5.7612762451171875,0.923101007938385,ed1e132ef1f928b0e358120874965d849d261dccf2c7b2060a4a6205ea2ac25f
39,5.746710300445557,0.4366781711578369,610cdb168ab49c22ef5dde7b23e6b728610063438434cba9d4d43a5c3dc77f2d
40,5.759070873260498,0.6331568360328674,f3d349e8e2b3f5e91f49beb409ecc84de94644c60b2443e6300677eb3445d210
41,5.650463104248047,0.5510122776031494,b37b5d03c731222e19e786b707ee871b711315327dc19a5a1fc0d2a2b5390b12
42,5.640641689300537,0.8533387780189514,2f802ee0909bbb77d0f6b83c606a377665f2216deb40034ef5abe7e326cbc8a3
43,5.658351421356201,1.1084840297698975,05fa94b12b27ed6b4eb4cc509c6c6649896e1432b356b47db98576c045346162
44,5.643717288970947,0.6405705213546753,38c3c939d06623e8a9ad163db25978db92452fd19df6d3cffe8133cd5a1449e5
45,5.598713397979736,0.5536619424819946,e2adb230ccedacb77a8e8857ecc068ae1bd0b603a5aa824769cddc3ff0c5c595
46,5.610569953918457,0.89112788438797,52c9d859b991501bd1754a975ae31d9be2d334d78f20c302d05e87e9edf18ee7
47,5.530647277832031,0.6154767870903015,c3e354f2ede24d0480dfbe520295807b14694388f9aa6d26039368b34eca583e
48,5.5722975730896,0.9280638098716736,4aabeb5b4034af9820380237ce598bbd821fe32977c83dfef73838cd40f38bf6
49,5.557480335235596,0.6280717849731445,6c18bb4d1cf20efa866682466646bb494aee782c09845227afcf5d3080028b06
50,5.456604480743408,0.8537556529045105,16c0d39798d2624358480046ab72f87ff7ce004cbbc3b3b410579fd3e4d98db4
51,5.383700847625732,0.7546186447143555,e0007e8750ae94565926110423413d85448121995de95a658308b81f66b94882
52,5.453859329223633,0.5537225604057312,e74ef087290b91682d3b9e44403df784c4dab358785db11b5caf394564ceb962
53,5.391376495361328,0.6103735566139221,1d6e6e0825faa9366a91e9c098c1e068f81e59c6a70ed9f4240c7a23b0702dd1
54,5.415371417999268,0.5248452425003052,e88377a20a32aedafefaa9e6684898709f86c4f2f5256cdc4b8aac90a9192dd6
55,5.311401844024658,0.6430960297584534,c7b6329a7ef5e99d302e965920620cca36c101e74b7d68890e6f43026bd3dda9
56,5.281466484069824,0.5871139168739319,67343cf152b04ef82ea820cab6dcb78cf3b72acf5ab7bb0260e34e3f7d8f3aec
57,5.376181602478027,0.4380013346672058,2b71a85c900b804067f155c9c2671ea95afa9650c5a763e444086c316f189163
58,5.27097225189209,0.7802577614784241,3c9dd8e8d457e60be37ccc76cd5e06cefa2da561b30033619bf2feb30a6d20b3
59,5.287603855133057,0.48884066939353943,2c9bedf79577e538f518cc0f3503aeaf2a276b0ec579205fc80a1ee565020980
60,5.21028470993042,0.7950326204299927,9ae354c8f405d0142cc069d8660bed6178914b8c4478d5507d5a6cb6d05ddddd
61,5.294186592102051,0.7587623000144958,6e89fc7413b599d59d1a6dfb1053babe0af282bb196fa0be9143d7e46caf5f45
62,5.264524459838867,0.6551383137702942,671dc8fad5a01cd3fa84d821994ec432560c9ad60ed217d83035c6da0c7915f3
63,5.192890644073486,0.6911487579345703,53794e84b907302d1b9212b7ffb2485b14632638f01133314d714febdcdab110
64,5.153684139251709,0.7053775787353516,2172718e03cc8b73a113128e997ab49036a8485ddf56c92b09e5f36a21d1306e
65,5.17676305770874,0.6456630825996399,6d515c6f318b9930bc4a3ac26e03446cab1cf56523e030b8ed5639ea3eed919e
66,5.147891044616699,1.105027437210083,3e321901dc4fcefda2333eaa1337e3d05842f0510b2642041b4ab0c1271b947a
67,5.068629741668701,1.7250964641571045,950fd91071525c4934f7a3f55a3618563dc42a634002cb9744891ff9878557cf
68,5.137915134429932,1.0364693403244019,2fb5be99d5d2c1f45fa11aebc670040573f21727050eff0b7f4667b0fb0289f4
69,5.027133464813232,1.469707727432251,c92cc48af983ff8206bbab6abef28c54005d89c361a50705fb9c646858eb3526
70,5.039062976837158,1.274862289428711,85cfb444361e506d29fd773a16bdfe3f1d8e6a59edb54ab7584056bb7a892bff
71,5.018069267272949,1.001079797744751,96bbf47aee6b61b55cacfc08455219f017d02436daa81fdc7484cd6f15c289b7
72,5.012993812561035,0.8853761553764343,2b11fcdcb8ee41fc0b0b6b46fac54e8790e947e540e63973016ca00a37a02c08
73,4.956768989562988,0.63636314868927,21cce29fa559c88f86d12790fad0f9f005eb47184d537fcfff319124330a08c0
74,5.010139465332031,0.9080517888069153,2b388285e9317819748c27f54f2b68be903c54ea678e226b3d7b491326e3a68c
75,5.0068793296813965,0.6335912346839905,9caa734764fcfc70a675c24d76758b9ba97d048ba4c360c869f362c88e6f0610
76,4.847482204437256,0.709874153137207,d01dc776b9b25f0026db1bd68e443a31cfad813867cf7071271787e3efec8fee
77,4.916160583496094,0.7997440099716187,5f894e198d17141d3aeae3b061648022fadb50983fb73b611973f24ed0610db7
78,4.914038181304932,0.6072554588317871,715bdd81af170f89552142f66f5f488d28e0389aec0744863e5545babc054f2a
79,4.8059983253479,0.6662513017654419,01f466947450dc190c907188aa10147b4f82c29bafa797e316150994bb2bf72f
80,4.924499034881592,0.7691909074783325,1e3e2b2e94990c687ad945096ae19149287dd47487952adda805c1da24b68e82
81,4.772150993347168,0.5449855327606201,3eaaad7f7bf2bb43703e68181a7447a2e04761e7b834500a642c959643d80874
82,4.787354946136475,0.9591506719589233,97093c356233ae16bbf836e2200340bdcc14734c28f129121d782c67f4334e31
83,4.807555675506592,0.8327922224998474,7e3eed1f4ee0faf6c1a107f17d3040fc87cb768b39207a22d1facd40e0a048b0
84,4.909998416900635,0.6515353918075562,ad2e080a415f62dbf80d19466231a8254ae571aefa271489fb18784219a29bfd
85,4.753697872161865,0.5120818018913269,630c5590213b74bb05dd9d387e3abc3d5121e9d4f66184a8af1c037165f7830d
86,4.732981204986572,0.8137126564979553,b58eca5daf7c293f55df0787d6d2516bee39e0e9b425a778c684b7f7d4acc68b
87,4.805609703063965,0.6277198195457458,6e3e71200f31339b0372852ace6441275de14bb009204846848a72c8a4b079d2
88,4.743420600891113,0.8166206479072571,b992f653094445f63ca03d62e3e45ef77d5e244773c9d18d7904cf9f17594c68
89,4.777778625488281,0.9958024621009827,823427a5ec4bb83fb1c289ff7650c63c009f70b9943fc3018f1127f1f2be9383
90,4.689882278442383,0.602873682975769,4610340ab10e8e29aecba5e331a7b6e64199b655d7dded19af02983d4b5a7c12
91,4.69788122177124,1.4797965288162231,34d520327dc9f1811fa95303928d8f2a01ee686ad758c254ac048423b4719e78
92,4.725896835327148,0.770844578742981,ba3b71e6a4f54932269989cde6a5ab54286a92da5859b301be79a5a178d2e478
93,4.6514506340026855,0.8682113289833069,7238f04b67799299fdef866938e1a88d1d7b74994eae4ffbeed373930897baa3
94,4.645166397094727,0.7286452651023865,8591cec21020802627a4b3fa056a709f8cc808a37d6396ce398443b342abb6f7
95,4.575244426727295,0.6159929037094116,a55b6dac53eb81b71f9442642102da4f6d18005c88e53c33e545227988a1b491
96,4.591310024261475,1.0236979722976685,f591f0ec83951949de8178204ed526202a14f455d3638231033eee5bed1ffbf2
97,4.648400783538818,0.42475491762161255,2affb2f230a9fb13986d4cf4f64de1338a1f843f23cbaddc068421adca32086d
98,4.672172546386719,0.8825076222419739,9236c25b945fbaae7535549e808cbb817baa089323fda827fc95150a5e164c41
99,4.570303916931152,0.4732237756252289,673867eea8105d7d91fc797f589b5163556d06b27121279a51454c08df5bea84
100,4.5989861488342285,0.5397669672966003,4d148ae811d51d853c9bd37f99c0a2b294d78e91011da09f49520da44b98e650
101,4.605379581451416,0.7220922112464905,6823eb6187a7fd68f7c36ac7376a3dd82711ff431d3dd0e28aa12f1554c2fa48
102,4.651818752288818,0.5808960199356079,eeb36e7896850a2493e3ea9505d73beadbbc92b2908383e33f9e86ecd54d5aed
103,4.811018466949463,0.8213537335395813,dc55d88a79a7d2ba396ed4e0085dddb79862ad073eeb2a46bce95c7f8d3354a9
104,4.600935459136963,0.45078617334365845,88157a4aeadb94e473a368092133f1497d18d116095f9052afda9eccf091e20a
105,4.572603702545166,1.0460981130599976,3972bf7cf92cdc39ba5ec1854c910e2514245a48216cd1a27b6c6946487fe6e2
106,4.602199077606201,0.47740715742111206,cb0aa794dab9fb16b7a67b05ebd1dc049b7358a841c56b156cc2b5bc53df8623
107,4.550226211547852,0.5400340557098389,fbc57ef87a57ec6f860a253df1366b7721ff2b217b5d9604455ee276fcac366e
108,4.596409320831299,0.7255027890205383,2b75670cc634119d7a263fce109389df8d763bdce1d6eec34b0aed24f0929163
109,4.536051273345947,0.4423236548900604,40af1069d751a208cdca09cae6c83eac43b25444f3c5251a75e099d108cd35e7
110,4.529168605804443,0.6211556196212769,4f179ffa42bd0a1b4bc80da42ccc606e98d46cd3697b15a78649c7f48cb7a7e5
111,4.589877128601074,0.6528265476226807,02fc0c37f76138576470c2b80ac416bc6235acfc4b28948575275d0c6022637e
112,4.4144606590271,0.5459817051887512,59864b5595ff1f8f6be39fe0d4fc98cf4f14ec5164f892e098a967b7c68d4d46
113,4.424343585968018,0.5494645237922668,eb011136048f6f3631240c1547c3c3c335c2e035dbf05066401bf838cf88a587
114,4.505463600158691,0.5571579933166504,6acec32760d055356aa3a055a7991c0917cdecf8c9e27167a6263127a83328e7
115,4.560381889343262,0.4983970820903778,fddaa031f2c28c7df666b7019e51a65523b5cec9951ff438e9f8c733fae866cf
116,4.493138790130615,0.6470696330070496,7ed3e66f9993e94c1950b2c1c1252b25123b0e82f5d8fbda56268ed012337ca8
117,4.486363887786865,0.5864636898040771,7f98ad80e09c37bf551c60fb7ce23450f2b8d79270741f452ba53570858c3653
118,4.46665620803833,0.5077874660491943,3ae7bc51519673bf4cec4a86fd8d09902d17295254c5fe8244a535de786345e3
119,4.401954174041748,0.5772180557250977,d1b78b29b0e11e8a8b77f33f41252434b4d321be70c36fa7463f0681461beaad
120,4.521214008331299,0.638883650302887,1c6ae37d917a0796612f30575bf26ab4fb63d8828058b1fad53f7e5c28188d62
121,4.391270637512207,0.47990429401397705,5082f16a5809ba7452b642d004c6fab6ab5d5e5013b381b0a3c5b36a5fcf2204
122,4.465137004852295,0.5073884725570679,aebe78c9159e48e99419f08bbdb484c19e02423d33bf9a952a2abf6c7bf6cacf
123,4.420289039611816,0.5824894309043884,ae4be722d4022676df83cabec8aac3735d2900762e7b7ba47d027f8032d316c1
124,4.407940864562988,0.5943341255187988,3a74a6ae2cbab549b479cc3203fa119600fb8973025c19042ccd83db02abf960
125,4.409543991088867,0.5141724348068237,79f34d36b64c71c4f2129d6cfa9dbf246f06940d22e57dd47a3c344ea9dd908a
126,4.4005961418151855,0.5022833943367004,319a1b6e13842e6249d356a6fb0d69646c7f2a3723d7645cba1408186acd1a01
127,4.370019435882568,0.5733692646026611,8c002e57c7adf9b24867477556dce697a7b376d5b52b03e2132042a9805c145f
128,4.406533241271973,0.48346611857414246,97427f018f7909db389a9577c039fe5fdefa970c743828baff0c3baf6f2f3aa4
129,4.39985990524292,0.49710631370544434,dfea65fb6e84ed919e0a4f9475e96e254f73b3a818e724962dc7852ba3f46bcd
130,4.416306495666504,0.5445153117179871,12053e4d260757b06eba218d027f3129fa8805833957f59d9d3083d9704e18a3
131,4.358333110809326,0.5034193992614746,6dfe046e46ffa2261d22e7471d90304c84bb6dfb565c5428451c1cb3eb058dca
132,4.33699893951416,0.39779406785964966,2822926b794eda8234ea29dccdfb17b576e520996d51e7c4e57699c566121d96
133,4.411099433898926,0.5618314146995544,1138c1165eb6c6b9229dc1c59e92cae8de4711410c3fcf51330b099d75370c7a
134,4.411449909210205,0.46108344197273254,bcc8e485f30b9100da50b619ba05ff873cf6acee6f0ebdc1a5b8b51ca0f02ead
135,4.405011177062988,0.4231208264827728,432a8997e87ae66ccd846d84ed3b79bfd93aef717d10539bbd40ddfcb307e98e
136,4.339028835296631,0.6807299256324768,dfc7cf769548d2e871f1b5b699ea6b4e0c5da3ac83bc1624e54b982a5ea3b1aa
137,4.377052307128906,0.47036969661712646,6d8790f33b2b55e8564ded6db42abc5d240b700ff0a93cdf3c65292493610099
138,4.33294153213501,0.5606789588928223,a15cbc033faa4d8a65b5e89f1da4704df44427ba7803ec15af9407cc22d931c5
139,4.391668319702148,0.4860422909259796,e05ec5c0bcd65cbfeddb67841e713b6ec42d193ebc10ff05e63de67db9558618
140,4.382263660430908,0.6075477600097656,c10967702e8f9bcf1f30d16ef5e344446e464cf7d3c46b62c98f58b5d287d059
141,4.4148969650268555,0.48332980275154114,136cfe50b29df2461e897122b86647a784a8293a313a02d3c16b6917187cf905
142,4.347034931182861,0.5290781855583191,6bfdfcd3358f0f1ab3fdd7157535b1873e7243782d352196c7f524b0811573dd
143,4.298882484436035,0.4709479808807373,0ac2c708b2f8d2658052d5f4b33981d69c5437ea032385fb9c94b5e9d022c2dd
144,4.329896450042725,0.4753210246562958,d02bf9e6af1495e86562c43bd265202fd1b6821b455e74378db5112d902ae3b3
145,4.304348468780518,0.5347011685371399,b689804aa83ba0c1ab83d33cf08822d54f81bb1d1da88008912bffcf82e70eae
146,4.31915283203125,0.5055316090583801,0909a19d1847ee7fefc1f252e7e9d6df0b617d508c79c8d7b5da2213830c5dc7
147,4.298295497894287,0.45558592677116394,75fccf66c0f2e868858fabf24d5cd5f55106cc42d3543653e81765e8f2baf881
148,4.278805255889893,0.5429049134254456,13a1e3ae02a322334030508011e5ca17024a6bdfc2821797beab3c3160aa3c99
149,4.320552349090576,0.43310806155204773,3059d0c7eb3d4cf9fa61c244410e6cb45f9eb3f8c7b631c2b0432174978ad513
150,4.386756896972656,0.5583967566490173,c56916d88fcc4e508394523bbdb6d92d7a87ac7969697a053e5514957ca3641c
151,4.3058977127075195,0.4518560767173767,97a706697756567446254e2f516c9ee48f3693688c073dda5d7f334320b3e5b3
152,4.282702922821045,0.48595350980758667,2db02f1d7fa762ea626b026701ea2701b9b6ec42bca2d7b5954621b1efd0686c
153,4.370606422424316,0.4609701335430145,96ffee7bee2a6a336fb4906c95faeb16728d96a6cfd7ff4495135bc2d6ef4f84
154,4.30767297744751,0.5436643362045288,558501a35cbdc3dc18dadce34133cfde99af8f878c8e4bc958ee12eeb9003f49
155,4.224697113037109,0.5067004561424255,216af06c9e31d176c1504b7af43289e38fc7cc23d6c033de9abb38649fb36101
156,4.320434093475342,0.5441804528236389,dd68520bf8ce2221fa61b543f9db617c7b99441b20139ddf917b01b39fe0d367
157,4.3435540199279785,0.5256664156913757,652bd3932cffe56e7abe56fd914218d2befe8727ace7f30959f4ccbaf4e46754
158,4.248210430145264,0.4375057816505432,e03ad294a17446088300f251cbcb215b219a357aff3620a5466cb53528effc95
159,4.276381969451904,0.4573360085487366,76418d83f366d67f3fc1d8279b9dfa763a864a2fa7a71b33bef731f5032bd2de
160,4.26679801940918,0.5384140610694885,e46fc181ed24f1b6c2b847bfd06a987c99fd6b19e6d25f7f260b869213cecb7c
161,4.314711570739746,0.47938498854637146,753842e10eae6b9ff9ebb57267f5f160c4e6b624d2b594d425207fcd58d8f829
162,4.342342853546143,0.5164471864700317,7a7120b66be66bbb692bf0a58095abc3392dc5a351de8626d2724fb26e871232
163,4.202724933624268,0.5826767086982727,b0f22ed8a1acc761fa1b2abeeffb3910267b0f0eb260b4affb50fbfc7dc58a88
164,4.139999866485596,0.462454617023468,84ec29e3b0266c77417b16d81df526439f8f4f256f0d0fb9f4dc31934e231202
165,4.360185623168945,0.525569498538971,e1a0b9ea6f472902a5df9be20bc3478ba29799bdebf242fc43dc6ec08e8f79ac
166,4.2506914138793945,0.5791738629341125,408c80deeb1d575bc59ac43bc104625e16ce724d7e4692caab5565b604ee09e6
167,4.19656229019165,0.4619894027709961,d8749b3b9af5ab393fb4ed4f582accfdbbda205715fb4323c1aa6c812ba45f1d
168,4.242455005645752,0.5031285881996155,e4324d1842e7ccbd26db40cd8fe4ac9fcb6c5002392314a2a47dc02c557b71d5
169,4.184589862823486,0.433765709400177,9317c1ae7aa3bdfade476b8491cb4d592b9e55aac7774aaef3f679d4b3ea7db6
170,4.172690391540527,0.6043590307235718,e6ccaeaccbf6c796fc1199220a610819bcfc87b2ffb8ad5554a4c2f549c88b09
171,4.208397388458252,0.5141476988792419,2f2644494d4af71556b0c7e45a662cb191353608d126fca151a5dc136a39d09e
172,4.170162200927734,0.4317599833011627,1c3076c1e2f73253b0ef503d924da6e649da9ff5020a237a9da4700d8b154783
173,4.258238315582275,0.4974088668823242,c698f49af829c786cabb5a7e6d826a0b805a0c96a45267cd44b92b7976e41a0d
174,4.095653057098389,0.48531368374824524,b435c56e9396ec9f5d8480c0b821dc9f75a65022cf9638aa293780947c4cb63b
175,4.275455474853516,0.5275173187255859,4606936569439770b61644347b3e48da4d32c597d7d4b358293334438e7097c2
176,4.233119010925293,0.6864258646965027,40e628c618a40f5309e52fb4454d6066095a9815b55215ce8c93467e6138ce30
177,4.312005043029785,0.42776253819465637,17b01a5e9737e036ae519097dbda751b96e5091e89b48373ff606625825b08f3
178,4.219585418701172,0.7846247553825378,d85a1a5fd2bf443722c14367ba6579413447758287377d110fb6d7671f973085
179,4.267847537994385,0.6277623176574707,8f54a492a68598668a6dc48ba884d4ddc1178fe873cd29c69e62b23b1da46128
180,4.3173041343688965,0.6483969688415527,8072fdb65fcaa29cb618cf56a4abadd406a6f28deee51511419a8a27882db0f9
181,4.188546180725098,0.49436137080192566,328e658396add89b0397e20cdbd92783803137aa39e0de9caf454e07ece65091
182,4.242465496063232,0.5301083922386169,e6d54dc84148965e1a8b3846d5bf5dfba9e681abbd50d7ba296594fc81c43ac7
183,4.182927131652832,0.6142907738685608,b311484dea43a359cb6e43fc550d2c68dbe73cd5d92e11e530ccce014e265108
184,4.271496772766113,0.5123187899589539,e336c01888584199959d02872db43a2a30567ef0ac505162219acbd304932b50
185,4.202749252319336,0.4895862638950348,0c6d6cc0e1e7c698abb7df847e79ef8b580b0aba23f999df0aa42498935dd53f
186,4.195003986358643,0.4818418025970459,db9237252b135d5e378b271803b0fe61de9a8761c58b8c2ce78ffcfface17789
187,4.24973201751709,0.5052467584609985,71da61bec62f3ca2611cb9dd00e6684370d0a4421cccec5675678a559d0ee91e
188,4.109001159667969,0.6061015725135803,84f540f29ea96d39dfd5159f1bbd9db88752c63e2dee1027d29e26dcbe04429c
189,4.232829570770264,0.4172920286655426,ac883144f1bd735db7bddeabc30d9e8d22cff561071f9805eaf8b608b44c1938
190,4.284665107727051,0.49008917808532715,9213ce6e542f1b7b30b36312eb711f567da4595cae00bb50f1a81199fcd5033c
191,4.189054489135742,0.4757877290248871,6af05932b078d99bdffa245a978a60ea98e5cd97cb87cd9e74570d23a3f0317d
192,4.129071235656738,0.4777977764606476,2b3ae7dc4d621e81346acab74c2a099e1c03cddfe175ddbd76050a733ea769c5
193,4.145051956176758,0.4928641617298126,9268d30d234cb293963aaa46acc88cd85cad1b10031dcf5a1cf23db128a58fd9
194,4.197680473327637,0.5875311493873596,c6b996d8571cfb3604c7c83364b3a62fb8e430888a39168067fc9d0c0daa21aa
195,4.179647922515869,0.46900129318237305,dea54a34c409d1d3578248d1c3bcf98df87f559d363b484e8936442fc30c80bf
196,4.069674015045166,0.44107040762901306,409504f4e459c6df511d3776627055f682a59dc99b853b9d46d31656866fa6f8
197,4.078444004058838,0.602794349193573,2dfa541d73679711378a99d9eca682f86d594df99f8735685b343db1348b3966
198,4.159822463989258,0.5605497360229492,b6cfc9cabcdebbd8888d622b76341632917fa01d3fb8350e11d425184593218a
199,4.139412879943848,0.4306323528289795,8db9f81997de626ed197aea568e5b9991ec31ee7be77d27cb446a02ef729e007
200,4.263467788696289,0.4196222424507141,be6d4a7e7df5978330761e4f282d7d88ec47c0dd76580b5a3ab87a514f96f399
201,4.159242630004883,0.47972241044044495,1b79d27bd99de4ca22812737606cc8077b967e553c7facb94e2245770197e7e3
202,4.153122425079346,0.6482069492340088,a442a0b185081956a3f8658c2046f2e1845663ac4ddc70d94b5a0274efb4c639
203,4.232979774475098,0.44751888513565063,6b91139daef3530c4a1ab9f2377ade5d388f691fd5b0f1295e681f4bded37c3b
204,4.184169292449951,0.47585728764533997,87f2bcb99b0a57f97bd4585c8822c0cf5c66c0d616adedd055ae3b3ac29d8dbb
205,4.16815185546875,0.5200804471969604,6941a88f4d77d56901e3a2271898a3017725d0d4c1f0863024821b02d1c634e3
206,4.323448181152344,0.45845022797584534,b3910bd79186a096ed76cd8ceb5705b9ffffba1370a2dba31d794ebc39a0daa8
207,4.2717437744140625,0.4713996648788452,b82af627d2ec2080d1cfa300090fb573518c8b4fc87f6d56c75ea1aa50d50386
208,4.149890422821045,0.5001570582389832,39ac59dd6a8d0e027364845f46121d59d12e3e969aff35c67a533f3441ceda4a
209,4.112194061279297,0.4610535204410553,ad6b4bb59398b327858b61ff1c715549fd6ec42d71e6d036bf4aad7f19c68000
210,4.255767345428467,0.5793723464012146,ed1a96cf5b2e922ec8b430fa11ec0e9fb165b38ef2d207bb019bd24a552d6ad5
211,4.130171298980713,0.582423985004425,2d5da1b9f08716734e644d3aa9288bb3f38fb84ea3e1e2cb7445b750cbb56b01
212,4.035224437713623,0.5603373646736145,8d5c132cde0b10c399c5c80739794efbc15f22eec7d3c36bdb3e8d0fd5e9b933
213,4.090364456176758,0.631582498550415,ee650ab6d133e70a254b3020be5f38b4193307ccb6b6b97890bf4ce77f6380ce
214,4.184565544128418,0.5594264268875122,dab11c2883470688c45ab8734a57c9302200e64dc00f7b5f85481bdeef1e34bc
215,4.047605037689209,0.45439228415489197,3406de59ed2604fcc641933c259ea340c6820c1f14e1ac674a4923cdfb0309fc
216,4.193779468536377,0.5293409824371338,6567171ca146f3287562a09deedbe4c3de7e74d9ac7640d8c1207d5d142e9b35
217,4.139662265777588,0.49345719814300537,40d31513100aebe4b4cf96d54626c2ccee7c6b3752db4169cf51f49faf808c58
218,4.147163391113281,0.5480537414550781,abbbf6a748a98a311762681ab66c081f0d32d4d58d103f360651be360198c971
219,4.085232257843018,0.5413490533828735,10a0b080b4e1b643930f810f28fa865f45427b21ffea4e94312d19d2758a290b
220,4.117432117462158,0.5052271485328674,dac862f21defdff0cdf364cab9c9b270f213535f4ab5d8e61e1fdd7198293764
221,4.16808557510376,0.5187616944313049,6f32885b081e3dc0956483f95e3f00082c270d850ca0484bed641295c960654a
222,4.084629535675049,0.4767293930053711,1cf2c6daca47225622e64cb9964bd3048965af353c82ea9e7252d12ce9dba95a
223,4.078952789306641,0.45269596576690674,949202dbe212bdcbbb856a7ba11f61b50b405e7040faecdf273c25efc933851f
224,4.034108638763428,0.5404841899871826,173fd57eb49d42293bb6305fcc4b477f1b957a2e7b5aada539b10482d851d172
225,4.236622333526611,0.4446500241756439,e658b3d7f2c4e043b22705ec691ce5a3a0ed1c432b0723be081b4c0715ef4393
226,4.099424362182617,0.48760393261909485,84a3b24e385b466d0b4da17516740ced770b56f9ab9f0fc802ed48ab06f84010
227,4.073106288909912,0.5008786916732788,3e54f26a97e0bd9f63846b3d46f817d32614c664ef044b9be2dcbb3db205c0c5
228,4.10439920425415,0.4629563093185425,dae47c5a9ae1a037311b034fc8d402e4d620f3e1392a00c60a253f33117934ac
229,4.09205961227417,0.44720810651779175,b889a3d7e999c014eed151700172342cd094ada038a9d980ea8669f3a9282da4
230,4.155867576599121,0.49313849210739136,d2f86ee5602573703021f8fa0fb7cb6f1157f86d6a4a112856e6bfe04d5ba73d
231,3.969571828842163,0.5623273849487305,271a54a7dd3da9924d00db796a30d6a96e969651573792dda49812fd8469678c
232,4.067259311676025,0.4786675274372101,ba49088de13dd1fcde65d3eb122a6f7b394ba7e97ddbae76f33662539d7b83f4
233,4.1353983879089355,0.5327981114387512,9e0cbfdcbde52902e64e9562912702e35fdbd0605e242619d07d0f822b1f9676
234,4.1420369148254395,0.46041521430015564,717fb4ace7ea1a0e810a36d8a30d77bfe96e19ed6d724fc786d340ebe7c25cfc
235,4.1499342918396,0.46005570888519287,38f62de559adf202bd424f24eff6bce70b5438165eca98bd66895152f2c14f2c
236,4.018849849700928,0.5175750851631165,a65cb5f9aaf30b7d0549d7ac7b0e0e43fb3a7d972d1b54b3edd89c6615a80396
237,4.086272239685059,0.43260908126831055,717618dfaceec7fb6e7ee22a638faa14f083f9954662a460367899226a29e8cb
238,4.04337215423584,0.48563989996910095,efcec6c01a61378f7518fec9295c639a2307ca70edc2d53ae4095663b5a403e4
239,4.262736797332764,0.5022539496421814,cdf2735f9ad5ca886db793ebf2fde0429976e53fa9e0c0225b07c486d0647735
240,4.155458450317383,0.4887111186981201,283a5abb8424484f19c93801232b6d3344c1e5d22caeca3372dc9f829aaba2cd
241,4.146427154541016,0.46872884035110474,98115636cd4d38f5c99ef1348e21e3ddaa1ffe6b8b01c98560cdd50e5cfe6a69
242,4.093827724456787,0.5439172387123108,f8fc8b6926bf9d09c299172eba6257e1fb25c81827503c58308d6e944adeef91
243,4.11477518081665,0.4968808889389038,8d6c7c9b6b92265da50eb554dcb5ddd7b2fe379917ad76f8f003f96cafe2ffee
244,3.98240065574646,0.5027201175689697,78f7573bc60872d279ed80b6bcb7d027b8c691d16fea9d0a69b82a0c361cbc86
245,4.046261787414551,0.4807574450969696,9eabcb9cbe7dbd854c6161de8247ad8bb97b98c362ae05bc4b044b7341920270
246,4.1171875,0.4626082479953766,7c6793d3ab7c847db6aa00329abec84f6626130096b2fcfa21cd38cf2caa0881
247,4.084190845489502,0.47381535172462463,ee561c4121889d29079034d750a24581f94dfc66ae81ec75fec3876ff0835d17
248,4.004152297973633,0.5483564138412476,70bd353e5572a0faa83a5ecea073481f25c2eeb589926abd8be08013d949e9f6
249,4.031007766723633,0.4437500536441803,35eada33f6ca9f4c840db11fdcc1619f622d0369f6b1a5c7c2a4b24beb3728dd
250,4.010035514831543,0.49728378653526306,5f7983a69872ea4f2cc43f109766bf23438d681df5e593bee0d1049f93c34034
251,4.0026469230651855,0.45192059874534607,3b4a5f0dd5c27eb23ad92e3dcb6e4be593cf1940e851abe019e2da00cad19576
252,4.017091274261475,0.5133353471755981,17b495d483e27c56521b124b2b8d014b12490d4329d2240783864878e1e07863
253,4.071622848510742,0.5265229344367981,599d06d6ec8c9d9e1ee896aeee8d7249730f90c8a86a667e78cfbd5981bcf8f8
254,4.0479254722595215,0.6547235250473022,d27f46d3241c10bc05e126516cc1d28897bc3f18f48878a142a3721ab525ae5d
255,4.156062602996826,0.47194838523864746,6d6dfe45d83777f377d9e8576cdeeb6f294c06de75e5c7e45c90ffd6e38b6313
256,4.046686172485352,0.654907763004303,746e932b973d164d5632b80e27ed603f9d0581c20dd9654245ae66fa54e8a078
257,4.045386791229248,0.5239993333816528,f35cec14fd471d1cbb9f0f5e0a257b8a48c6e09b9ccebeac379cfe6b5a206e14
258,4.04964017868042,0.5066763162612915,4a6163fc07f7dd0cce65e571786f0dab3afd6bdfdb501de33eb03847e162a233
259,4.110068321228027,0.5663533806800842,04e8979caa6ea8bf4685fd8e9c737a3de2cf35bb81719eef80d89d3bcfa47dc6
260,4.046905517578125,0.5419535636901855,1347afcde3b17c22161c8787f3841ecd446974503975a607e642ea371c4bc9a8
261,3.9774296283721924,0.5581094622612,44c0f6cf001cfc172708789bd2ef1207cd11601bc6e58e9f883dc31d1cfdeda6
262,3.981543779373169,0.5572367906570435,c0cab294b73c1df8f69cbcde3ced2c81c211bd967d408636d373b04a5dc985cb
263,4.1248626708984375,0.581803023815155,755ae84787726574b1c7f23686a4b521279e041c85bd5b85c261d0b33cc6ba19
264,3.9829607009887695,0.6019504070281982,2f18e473f8227c93dc3b773d259cb1b5d61efe29ca1e440a234026a973296b2d
265,4.069943428039551,0.5352333784103394,d7df2490591637977d2c5ff3daedcab502937b110fe34f360e2ffc341478c6ee
266,4.103797912597656,0.4896550476551056,ad7e69e68f3219b6ce285a26934f51a87e81b5b63ece3ffd08f6d737d7053f7f
267,4.145909786224365,0.4933229088783264,a1931ec1690d14f65e433e7892033269ed12a4a6a30c8850d56dd897a307511c
268,4.0680155754089355,0.46128469705581665,ab9d0052f78103bb71bb5be5e1921f6d7702f74c27ebe25e8843f2f16a6864e4
269,3.923041343688965,0.5644718408584595,e16b24461ff6b8a212d940a147a069435ff1acce2fa747391baeba174a43d83f
270,3.899301290512085,0.5204859972000122,293242da0e0bdc7d646715f66c18c477bf59005f0cfa4f3d7495d441f4d72b32
271,4.056675910949707,0.5307597517967224,291a4b4e1d5e7f9f43e3936ab53d947cddeeda6e3063cb52ee90030f8c3eba52
272,4.058796405792236,0.512336015701294,f66f2866766c3e91d8bd0e41ffaa7e9f3f192338f484638602c4570cd48006a9
273,4.0085554122924805,0.6155672669410706,788dae32431a5baffe28ff6640005ee2026ecb3c05d25396bb51cfd968611f0b
274,3.9121623039245605,0.46588748693466187,58ed8a0ecfc8907fa0cfdaef6d6a9a8536bf23dbab5fb0b77ecd5f9c60b790b7
275,4.011445999145508,0.5571603178977966,410ad285373f0558759ddf7a57f9567a7aac8caec62dcd08cad65ea7152c4cdd
276,4.001528739929199,0.6190841794013977,efd906540cae617c5618044c64703992fa088816d9d8aba76c3427295998d7e0
277,4.035867691040039,0.5059472918510437,3221c85906c3eb66ef57b313c0509474114480ad9fb5d290348ae815dbf89550
278,4.121726989746094,0.6231589913368225,1b45918dc6c3613f8231fb43b430a171d182e704d4a619c6d716f764b2dd2c27
279,4.084404945373535,0.582744836807251,c70032d6b87ec4c525c3bcedb51437df5f8ed71af671ede86ef988733619000e
280,3.974604368209839,0.5959380865097046,3f0a0bbf4f562726ca259f89f418138595da436049ed68dbcb9176f1391a0b87
281,3.975987672805786,0.5428155660629272,f9431b0e0225f99d70981c2d8aa39ec871adaefd73973330224843f9390faeef
282,3.9668567180633545,0.5590242743492126,990799bde5cbac4c40c6f0c4ac1f06c3ca7f9c39419bd5062a29b6227c79f33b
283,4.021625518798828,0.47274860739707947,2e7a0440b2ecb1ba3f31d087586818c99502294b5ffa247614103d363849bac4
284,4.027857303619385,0.6380985975265503,43acc2835f169a2c7c869bc14359a98d5aecc6128c585bd54f666f1fd9e590ae
285,4.066368103027344,0.6652683615684509,b66c52ae586bb250ad277a997fea2c24d510a34b35174070dc8f2d1a0a4deb95
286,4.032250881195068,0.4969370663166046,94fde64114b3f07e3f0f529070f376cc38ca79c3d91a887fc50dbc1ecc91cba6
287,3.9094927310943604,0.5032434463500977,df9d02e1b0a7701534b3d252445f4d946b88752840cd582557048f643bffc1f6
288,4.013481616973877,0.6444730162620544,afa7ff9bc1efd38ef769334a89bd2cfe4c98e8dc7fb2864070f07d8beee60688
289,4.021500587463379,0.5741163492202759,a64d1defd090640bac3c35721f4e9f704a9e9fc525f4e403f6600d2dac65f842
290,4.073437690734863,0.6020269989967346,0a8659302c30c8fdf358f04b35672b8a733851e9ec88f8a762b6ba27ed57f314
291,4.046090126037598,0.5997123122215271,0a2d8b96cf16e9d03d1f81931b02715cb9795dfc2c01150617d58d7e41ae4e63
292,3.962573766708374,0.5864327549934387,8e953e00bfa723ccb5bafd62e6135ab91f0551948607496416b284107245897d
293,3.9168291091918945,0.5241060256958008,297d01750b9ea8c5ef204dd9337473930c84f84371e4956ac7ae2a4833c13eb1
294,4.018024921417236,0.6275368332862854,1f590b97f3958e2eefaf7a65f3311d2a652ca044c7a429617006fb7b073dc728
295,4.009664058685303,0.5248406529426575,dea84e51aaa6772126e319bea9cf616c77d4589b431fb4831d1cc616e1b3a07e
296,3.9390156269073486,0.5254257917404175,3f9be4af959d2ee297b8890f8e627d659857ba98da209e2dd66598c074e0513a
297,3.9700729846954346,0.5482045412063599,c5ec653b50feb31ec6130abd06dbbe59a69248e972855fe4c9bbdb3644eb1303
298,3.979398012161255,0.5177186727523804,eb8a76e7808142440eeaca4d83c7fe3355d1d5b725ba72c45aa6a94c63e65f45
299,4.053525924682617,0.5525954961776733,c49a27963514c9f00cfeb977ce908be819a558096747f326c79993aba756667a
300,4.026035308837891,0.5407434105873108,4858290dd9f6ad22fb65bff7de1d606b4112b3757ac6f27b6531e439fa2bbe19
301,3.9515814781188965,0.5795062184333801,279e8c74c7dc9b7065d63f9542c0e26d69b73308fd8bd706fd5a6c6d0385e6d7
302,4.020843982696533,0.507070779800415,e8a6ca109cb6dc0892ffa222a0f6ffc903938fc397fe23ede7b72d3881bd6093
303,4.05200719833374,0.6307511329650879,880c39d80d677ad01d1cd3bb1683f929db7479fb7ea3a85907f4a90202ead32e
304,4.074244499206543,0.5628798007965088,70c1666306557206ed000836b307a7a99653e4643b32ed8554188e8a8965afb1
305,3.9454002380371094,0.6232266426086426,a2844e5ab4fbdc27b7d66bcadca09817f8626994556b33d808b799feb063ab0d
306,3.8973169326782227,0.5354640483856201,a8fdbcbb35d1bbcead7d977f9570afc2624a062fcb748dac8e3139561ae8d6b8
307,3.8781259059906006,0.6546695232391357,0a00c20b06de09ee8a9b574983158a280047a3db30acd058c807dc53ecf2e1bd
308,4.017671585083008,0.6132128238677979,4ef43b6d52b650e37bf56e193b7fca5b83b33ca704c397660d0e80ea65a6bea5
309,3.8694303035736084,0.6823956966400146,d984303b569da2fc2c4f51d4ec4dd31565136599535acc64a792d9e98bbb8a01
310,3.966344118118286,0.5680158734321594,8a0d1850739746de73b9562131210b22ce757631623dbf4b4ab39a7348176b70
311,4.096672058105469,0.5545153021812439,cbf93504ff926b080a1b768b1e91d401e38c452141a4994adf312ed3730f626c
312,3.9911022186279297,0.6918326616287231,610ce6cf6bca69eb53e753f2bd80e409d7261ec9054c8a428fe2ffc0bb4400d5
313,4.019702434539795,0.5281909704208374,9fbc49b3cd6a63af54e32babd170c5f3adb974481c0f975e57fee5d2de3b19da
314,4.028112411499023,0.5292657613754272,9c318ae7bd953f8a6ec00712fdbd43f8bea997c632a7016546de0a0ef2b65164
315,3.926698684692383,0.5461289882659912,eb0e12b738589300cdf62c117a445c9a9184a838a3d987e104c6f48aec3bc56e
316,3.872500419616699,0.5526599287986755,a23b866749940ff1be30cc5c87bd8b59bf82283399f17a896fa047c1b5958c8d
317,3.8589138984680176,0.5939424633979797,38990107c65a5bbd86b6de99eec4675eeb8fba175c9d3547fcc33132fa1c5152
318,3.851447105407715,0.5832709670066833,70054b951c625cd7c9601bdaa38bfb2b7cff3cdfdff6ec936495f1b1b3d9faea
319,3.8496086597442627,0.5357012748718262,97c8458ee97cce84bcd932289e7b47f8f8d7976162efe12bcbd6777cadd29811
320,4.007425308227539,0.4761592149734497,9a1429f85ff8cf2601fe9a06d753820c9ee019d2c6e5b27c3f9e6332ffc9fcb8
321,3.940441131591797,0.6039323806762695,230f2cb0f9891607b88c46153e43adfbed481951a77c5780f47dade83ab31a21
322,3.8351080417633057,0.6645351052284241,45d3b0cb5c9a233a3b18678d786c43953b6b258b86f100b36ac29f68e5d288d2
323,3.955613374710083,0.5892639756202698,67060fe8ba6bba7c06b2dfe0582a77ac54468d5df01c34170aaab8609b3a6a5f
324,3.9671194553375244,0.8134268522262573,345e12657e219ab219a472e339a8d77c314a06a9a16b8c260ab9d41f5a42ec30
325,3.8648107051849365,0.5794858336448669,6fbcbd53cb8ff2377912dae77ea25bde9d7cf6666ea36c6dd9a9929043e28a3e
326,3.947617292404175,0.6245532035827637,b98690199285d5291b2b368229bde37c21d58cdd0fdc1498074a91f4a6c21353
327,3.888875722885132,0.6132448315620422,9fd5413e5733d138947587c466e437dda0f4fde40bd379e1b9d377b8bbff1357
328,3.8817479610443115,0.6150992512702942,1bfee48084e645ab76b0b594d1dee8ea6b9fc7a1cddb64958cac9e8ccb3939ee
329,3.9384474754333496,0.5878896117210388,9fa5c04ad6fc24da62220d766f80488394755bc6dc3934083c3d4af489b5a173
330,3.9313549995422363,0.5175610780715942,4b1924eeaaa69c640d78efd1635421cdd217ae1dfc7259a1fe751228a3d81714
331,3.9750449657440186,0.5756247043609619,6a31143126b8e51614acf312c749b77244fe598018c26bbdc756c663a45539b5
332,3.903470039367676,0.5595257878303528,e2d9dd380be92028012708283675b46e2c92c4618d0331084705a5e0246767c8
333,3.9345672130584717,0.4791910648345947,c6c75fe22bbfe1d164e169f5e25f2a82aa80411fa1c77f7f4f898345e68dbc33
334,3.967477560043335,0.608488142490387,fb3e0460a1be92000726e1fef12527bc4cca7a291547d432f0cf536aa730281e
335,3.8725898265838623,0.5479650497436523,b8431be9beefcd80374e03d858a3583758a5a9e1ab9bff450ce8bebeb976c153
336,3.879589319229126,0.5900197625160217,d5597c537fbe25b409bd699455d1d7f8743deda7610beae2adac5c91302e6aaa
337,3.7973217964172363,0.6011803150177002,a4bec918e3c58cc26d14787d288ffee88dae95fa44b2552c1abd74ba328a6d59
338,3.853121280670166,0.5647900104522705,49fb316e71edc3b9dc3989ca20e7d3f6334ff4f8bee0f41941deebb7c7c3a219
339,3.8750271797180176,0.5805208683013916,2ff8a40cccb0f31f80e2fa531c43256fd38c2a9b982179c44a4c32f7c4b814af
340,3.905259132385254,0.5481880307197571,b557c8701b091e2266358fffcfe19c3316c8cc80089a9658df93beef170c6bde
341,3.924862861633301,0.7137261629104614,1d52315bdbe05cf70fa2a49d6ebef573898863a04f1c42617469be129eb19229
342,3.8154234886169434,0.6004666686058044,1eb3c9eaac959a4d560893d11235ca643bdb29515fe54f3de382c1042ff35806
343,3.8509435653686523,0.5960631966590881,ab178b5d5558e0dc0339181e649f2ae44405f54979dd0c70b758af715bdaaf7b
344,3.8473212718963623,0.7582192420959473,7fea3e13d21e27e7d8de2c4051d29637d5aa273565b30e67194713fc5ac4a05f
345,3.763273000717163,0.8253489136695862,09dd2efa2b43ba4013dbc3ee2dbbb56b9c0246755ba2af7a07d78bb6d16f8164
346,3.897944450378418,0.5263307690620422,326ba4170e8f663dfc277c8f059e7253419aa714d0bc81d1ff04e9a19273bf31
347,3.921792984008789,0.7101631760597229,dfcb25f6c36481197e81c21ea59c88177ec4ef80b2ae4d21cef0726d06f24c3a
348,3.905076265335083,0.5447040796279907,79bfa2e50a633660ba284834d5ff9f6248180e2eae8810c3f55342f35fec6d95
349,3.9175007343292236,0.5739835500717163,601f1262b347df949e1043d9fb96d1598073c3c7574505dd2759976f12225a62
350,3.894702911376953,0.5526101589202881,daa7efb9c77a9c7fc83be7a6741c6e7e1d8c5602829069851b528634192ace7c
351,3.912403106689453,0.5003666281700134,931cc18531a84e4513139c5778b13307a60e0c49b05b9e4418c7004720e40e3a
352,3.8339579105377197,0.6322958469390869,94f8d0d9ab269f19c735e496907dc638552619cc149b204f626e7cea74423e2f
353,3.8402349948883057,0.5665651559829712,20acb00930ae5f62f33e6a6bc9cc0d70b9200a22a7ebfd4f91b84bddd920a888
354,3.852095127105713,0.6287239193916321,796352fd2c8aa9f885c7f28d219f1cf4084811e99a5b76a0eca7cc98d06996ff
355,3.8626723289489746,0.6054767370223999,9a4fa6c5e36e10268f289574d49bdc145bcc794852ba30a20968c4fa83dbc9b0
356,3.7951862812042236,0.5486695170402527,166c60a7398511ebb641942aecffe7f39524f1ccba1742c5fe2fd0696a8492b7
357,3.910815954208374,0.5742374062538147,f1971cb4e539dea75e9d051e454d4067eb6c05f34503ab3bf17a9ba543d900cd
358,3.7963850498199463,0.5987635850906372,fbfecc50de2dfc0d0a3e25a97d5a7e968cf9dc57a61dcbe6f951b5f57a851460
359,3.7599215507507324,0.519115686416626,6572cb1c908a0e605e57cea1954ec8caf65009dfcb431f340e5d190bdd7b10ae
360,3.8313798904418945,0.5610175728797913,f3ad23cb40269f3ebb64c1d3083a736e9388f41b713f78fc07b9a152285d5fd0
361,3.8512589931488037,0.5986425280570984,9d42e7f5079d779129540acce362d7af6f0f34f595a6b3ed70fbc1d50da2902f
362,3.8543617725372314,0.5476413369178772,51fecaf2ad84775d2012c828de15640db9aaa6f452d9c585962cda303001e65c
363,3.8203580379486084,0.4860118627548218,b6c5cffb97e191509220e266eff9fb33c8c7ef6749f222580f92b2cd88dad844
364,3.7318546772003174,0.6350228190422058,666331499a4a620cca24527e0628ea30f3a320a6cc235c613e6dcd0ee3f187bd
365,3.8714401721954346,0.4529205560684204,711f3d7a205acaf37043c03dfe9e2867fdab3350db25067361722683eb75ef68
366,3.9398996829986572,0.5898957848548889,245f43b4e0aec75c64d3a3d687af069b0bc1547e31d0d81611562d204b32a7ff
367,3.8795180320739746,0.5578067302703857,5b64c98dd1053d236c8b7aa3a29dbad33cf1f106707e5fd09dbb745bc6327764
368,3.9741625785827637,0.644128680229187,3249f8df0e95fc832f47ac9bc1c6279ca5142fe83bf673ba8766b706e469abcc
369,3.9220006465911865,0.5279114246368408,65256aefa8548b977dd409eee2498faf834871cab6816c174e777913bd480c4c
370,3.816469669342041,0.7401159405708313,3f3220a21cf925183655802c01e363f89e0fb4be4cdc74f1a38196c016b8adb5
371,3.8311269283294678,0.793691098690033,e8787dbe8ebfce0ebc2d2e733896743debbd84164d02f3a620b2f32ecc650de8
372,3.730412006378174,0.5660265684127808,b0487e7796e76e7e54e376ae152ea65cdabfdf5a2043206ce14efe869089f7dd
373,3.7506871223449707,0.5660352110862732,63046e30cc548dc78bd7610820f38679277a7b793fa7b52a455f92bf8b3463b3
374,3.78818941116333,0.6812335252761841,a24727b4cfc50b18e9c127e48c42f91f7438151c6c85e99f7086d1683435a0f5
375,3.893073558807373,0.6706852912902832,ce30073cb876981bc900f64718ccc450f9d40949a8a47e02c39a11310c5fd2ac
376,3.7796530723571777,0.5869542360305786,525b0bbbe14116f44b8a3657d853ad3c258022399757b0b1b68e0a4f6dfabc60
377,3.7640373706817627,0.7257553339004517,f0d69099a2ac8997baba74612dc80b0699c9ee32008eec7462d9be608f99f8eb
378,3.785933494567871,0.5596356987953186,567f2b2fe5700764202e3b51c9ad4b780294862aab9af527c0a923f0c8908493
379,3.797368288040161,0.6188952326774597,9702a22bbbc4f90625589be838be3cc84a09f3645a4900099840bc8ff11012a0
380,3.7628376483917236,0.5853347182273865,5822c408ee7e0bf637ed7af9a6ea93f3acc5f25e6d8aceeace5436bc08235e09
381,3.8292953968048096,0.5458658933639526,e720a2e4bbad9f2be88185437a5cfabf6f39bb268d3269727dc8c5fcaafd3de7
382,3.803680181503296,0.588379979133606,fe838dc95c5f6a89ae95150af114fa149f950f856640206e5d6bedb5bb01a7b9
383,3.849130153656006,0.629125714302063,9ebf5ec2b037eb457d5676e98d4b5ef59c32e54a0b0963b95f774fcc003a89e7
384,3.7811484336853027,0.5532504916191101,3b1649eed185007c079bf4d70d3f25be07a6790d13ee67a3396741987f973b83
385,3.8393959999084473,0.528023362159729,8fb6b39a21de67f5bc9cd13123f4d08a0a130cbbc331f9eb0157711b7a3504c2
386,3.7729878425598145,0.6429435014724731,6490895dcc8178922c1fdffc5c4027b495225e2703f25330feef81201c8f2237
387,3.770998477935791,0.574294924736023,c822a1d9fb475a19e196fca06b24e2ceaca483b145128de21facc0f3952b053c
388,3.746950387954712,0.5868126749992371,238f163edc3a7cdeabd16fde6069f16dca7ddf199be541015623bc4ecede548e
389,3.7212605476379395,0.547819972038269,c46a5954f361c9363d2cb61019cd19397e11ddb142e224b50b6283207ca3e5f1
390,3.8204054832458496,0.57277512550354,427d8fc2196aac2ad9376a24975c49f5d97ae5ee01c258f2917c3c74b0401706
391,3.744891405105591,0.5847495198249817,b3ceb2ae7f5b2a8557c3b2bc77c8b36ec8a281ce55fd30b2031108d8240040e7
392,3.8280019760131836,0.5870932936668396,ddad6118e655d8cb666b8c7731f5f95df9645c0264c241e194f4c448a4525670
393,3.791400909423828,0.601652979850769,52fc670d31b0ae9ac3d553762ae61c3f2cc6148fa706eebed971e893f6896439
394,3.7307701110839844,0.7707091569900513,6107071300433f2fa238315dae52a1cfefe12372152b6447ff441ed04635c92d
395,3.803102731704712,0.6259405612945557,4262c4f452c49bedc4c78523024202a1309da0bff0a77776e95a7785f777a00f
396,3.7854995727539062,0.660094141960144,44527503cb7f452b35e7922e3c2ac3433ab6a28a57e53bf8e7afa4cf4d79f69d
397,3.733877420425415,0.6792410612106323,bbd1860238c43c78ca2a76c964f87142a52c5e63b5a9f1c9a2059f2a3fd06cf0
398,3.7688982486724854,0.5292424559593201,2d0d1415b7b3b67e708c8345753639340dba616cc3e5ae189ee2fa9dc2d78ddc
399,3.7232396602630615,0.6872062087059021,eb5172e7aca5be89fcd86db7d1c8f0959771c908832fea20f8d607dec53a6e51
400,3.801201105117798,0.54060298204422,e7ad01d87a8dfc5730624fc64cd7950ca429e842979e9adb65357e247104fb08
401,3.7811152935028076,0.6253215670585632,d815257b45288cfdd3f05d9eea8e2b4ba02bd5ef5b7de54af2f889e5bc6f3322
402,3.705869197845459,0.6554505825042725,d98353f0b02b757b0097ba0bee5415a070e77e81c9ac886f317fd42a982039b0
403,3.724428415298462,0.6821109056472778,90a92c6c953320ec487f77cdb409d2441ab3922ab2ec79971a86c8c7d68163c5
404,3.7282350063323975,0.5756958723068237,73616d4b1cd3c12ea6606df7067939379b0185577db3de5f2cb314c75b290948
405,3.7565925121307373,0.5813711881637573,d3e48262cf58c5ddeae6076c9a65fa339b6bd2a04e23c2e4c8484604f3dff33d
406,3.727341890335083,0.5914309620857239,5d3c5f171d5b1e34b3f72b8a5007031b46c64bceb4e076974c1991ba159cba4f
407,3.68863582611084,0.5275574922561646,540e555e26cc5fabb23b07d6b40317c66ad693df622139133f73444a077dda98
408,3.7757201194763184,0.5702006220817566,aa5e5a018538d1f879419b2f68400221b9e27fb52f277c7ba9494ac03e472ede
409,3.7488555908203125,0.5487862229347229,a5c3cab46b5e13073c3dcc4a702714ac8a79525646364fcf49bb8f024b3e18e6
410,3.780536651611328,0.5286851525306702,77f18d0baf29663cb468ab002cab44fdc810ff59b63593a496827b98d2f1517a
411,3.7852375507354736,0.5042917132377625,8cc65e29f0b4e4df567f0e0e7431921f81acbfc086b80d48241986d10a7d3bb4
412,3.816553831100464,0.5444839596748352,565773262107c5d48cd28fbdf1a38a755a641761273f0fbb5964a87d03acdd58
413,3.6205835342407227,0.5920711755752563,fcdd4b626c0f06dc7771f0ee49561e19e041f8509688d9bbe214832b3a6f92f4
414,3.7135708332061768,0.5619258284568787,22667d9df272904d60247e2bd096b1d89bf9d138e739e7b93530803d9bed9853
415,3.7531282901763916,0.5385103821754456,9b958c5cf223664f8b2f7cb3a4f5f0ae988cb9d5e3e283d5c93f4e44b07bf5e1
416,3.7346887588500977,0.5425110459327698,3e7c3a86371c8c5a306736c2b118a5f04ed5c49832931a56c814fa6d53d39fcc
417,3.725464105606079,0.6939422488212585,e782cbb9285f21fea026825637a6848ae3f8bdf51d93828df9633144b080e495
418,3.8016421794891357,0.5896916389465332,3199707dce7d888b5d73a64e52b4299b094fd0cd8f007d0f0f9e7ab6d8c0193b
419,3.8070619106292725,0.6072040796279907,27aab7f593ecaf12ee7ff69f6511d6f034f0407d9125d3d4fe2949f53d2193c4
420,3.727245330810547,0.6506105661392212,5441c5b02e6ea9154895df108b4c88bfcb688f90d00d42e70b9b837e93da13e6
421,3.739501476287842,0.6260284185409546,5dc32f876b069d8475a72f9c12be3825c9e327e49705a353a6143e5beed3de02
422,3.825448513031006,0.6758226752281189,9b8f5182c66821af900a43d7a8d795902d42120690cb9e20f60bedb024e77548
423,3.8534984588623047,0.6038956642150879,778f412705eb923767e16574ba43005cb384326c1a0e0555b778425cdaf6619b
424,3.637087821960449,0.650446891784668,e6625987d400ab6b4910f7341f04f1a3cc29647d66952a075d400bfb8c992cb2
425,3.724762201309204,0.6813992261886597,b01d98b4d20ddcd6f21a62dc49095fa8d256af52da6f6904781f653a52bd208c
426,3.753474235534668,0.5253631472587585,1c53319682188590ac4986bf9fd434ebc442a042251744749f076db4f3d16fc3
427,3.711129903793335,0.6104769110679626,38e00756fa7045c2245639d848f0a5340513ad1ac868f2665a0754fef4cf9da1
428,3.6937003135681152,0.5352411270141602,8c4e8d29f54786f298416de37cd004553039ae69fa0d517c9105c0db0e8c08fb
429,3.7572107315063477,0.6648821234703064,265115e0abfb1351a8f47082138afc8f81a6844eb30c2ef8deea459657118ce5
430,3.6872551441192627,0.527991771697998,2da1612d1bc2b105a00c4a04efa73feea482df3ff1f8b8cfced111cc75fd5550
431,3.720924139022827,0.5542659163475037,cbd88e30aafc0dfa920c834378be1dba159730eb9d9ae556bac87d927163f058
432,3.725893974304199,0.6010866761207581,4e9bfdf3ae3deb6e03a3c67520f44fe508171cc2f8656d4dd90073ec22c9f90c
433,3.7680587768554688,0.6122782230377197,68f5a14677229861cde96207e6b726b8542d54a6434775ec4864569ee6339b45
434,3.7150661945343018,0.6035106778144836,ff27a71375e5dab0ed5117cf4cdff18432936b9497506fa832eab9073eb8efb8
435,3.7176036834716797,0.5827856063842773,75769ba9c59f412e80515d5c1554fd98cb01b76a64c112d8c3f29d5765abbc9e
436,3.647444725036621,0.6153864860534668,b13cd6ef93ef7e813191b856f67b67149368b8e57373368553c3e9ea9377f150
437,3.6591811180114746,0.5784571170806885,3e844b5c135183d7b742ecf9638c4a24a93ce776322c3be8da3846c279d62f97
438,3.6624810695648193,0.598920464515686,cca5b820e2ab1d249bc1e3d4bd279a76438352946337a7d2791e4c0707864928
439,3.663428544998169,0.6364682912826538,4dee748bb9bafc4dd659c3ec6afcde5f62ef3c579bfe16596ce30ca1349c3fae
440,3.74381685256958,0.6508294939994812,06208e60fb18d4ada06aa9101a7a4f87ede87b773bae500b005420d69dac4cf9
441,3.649430751800537,0.6388241052627563,c164ad097183ebfef2a991af196531ec5bb9de0ac5a94ebd18f1ad2b194b2e1b
442,3.6324543952941895,0.6208864450454712,d43d70b2ad03a915445b284a08aa8aca86906377113c555af9d31940cb23a664
443,3.5573678016662598,0.6299387216567993,f94e1a74d9ec2df765e92c481bb5e16c6191d674a9caa1c3b1c0bdd735501794
444,3.637040376663208,0.6451830863952637,b77d78e9f5e0b7fa34905cf0beae7d16d5d1cb86f5a70a538d88359e5c80afe0
445,3.760376453399658,0.5803184509277344,370a4d81344681d8bd5c0e8ee9db7cdc9de9526eb6c358ca5ebd71c91acae910
446,3.6713385581970215,0.6900365352630615,d28131e1c71f192cc975b025a64aac8d9978c348ac8f000b30cb180a00f15faf
447,3.6057708263397217,0.6041477918624878,e5c8773eb7e9144b440da3d3f524aa3b68b552b36ef7abe716db3a23cdc6c527
448,3.715311050415039,0.6204072833061218,2b27402d352e98d50493ba364c8ad0aab1c628ee138e4b8caf17695b7a6087b5
449,3.713749408721924,0.6204127073287964,2a634b3a85a7c6e80760b9999088b5dc72a9595bda57ff1f7ecde1916217b757
450,3.730717897415161,0.5686678886413574,2ac8ccc5c9587d2a3ad4d463acdbf078d415ea1bd782b333170089e3fcf530d5
451,3.600905179977417,0.6633061766624451,7891516b23fd86c7495959c643c62d26b29d22b12388e0778d551a03f036a711
452,3.6748507022857666,0.5983753800392151,f2df53fea92291575f56c4d9139bfdbe7e1fde2a1c85af98eb0c6cb56a199c3e
453,3.762632369995117,0.615536093711853,9f2ec3fb18900829aa203336425ed215acf2d69f990d2c63d494f9c212a02ff9
454,3.620826482772827,0.6631256937980652,b190a6337d93af51b720c646a00df7c074e62fee73942fc653e553c83e47313b
455,3.7449166774749756,0.6024153828620911,b37836d5a29c2ab8241c90d8a8ae08fee33dca3d42a51964fe9286bd7556877e
456,3.638500452041626,0.6314067244529724,c6e5e8659fe67eea5689d19c6f286228d56a2fd073c61c6959b0f37f44aaaee1
457,3.7083163261413574,0.6960334181785583,d2e99dabea67742d344a4c42dfc27ee8605369bb4dfd65fc1af0dcb03a6e9ed7
458,3.4908361434936523,0.5651999711990356,46f73f6a2bd5d15e3353101ddf6315e5d8dd0b45e1ee98ebc1abb721f762b568
459,3.6184186935424805,0.7843515872955322,0801d97fb4a015c99269bb5bf6398ffed2ce717c62928b70332f85fcdbf97123
460,3.617537260055542,0.5685002207756042,ebaf5dc9c8fcba3d7b204892cac078e9f392f1e9e8d53c94bc3e1eba05ae0e76
461,3.7780582904815674,0.5777462124824524,55a4aea32677ec38feb925cbae9eabcc74ba083973b26978ce2ada6cd208eb76
462,3.5694637298583984,0.8170915842056274,527f00ae72b4d9fc16c527164f0f3388614b2925c8b39bf0af00f7cf8e72c2e9
463,3.6387240886688232,0.6406278014183044,98b426ed1a1fb7a4b311212cc013264a6ef818559e6edddcbdaf865f725f372e
464,3.762941598892212,0.861960232257843,5ea922caba87da459593c44ddba711fed5c0b3c59940d80d4ba9e80830e52420
465,3.63383150100708,0.6568132042884827,7b50e8da5c3755a23e0f0baf70e94a37965a2fa60a96ace8af4e52a7812c2023
466,3.6303017139434814,0.6772352457046509,8512847385e572b4c38955ffbc5debdaca8810c4ee559e57afb227ce5eb6616a
467,3.6508381366729736,0.7308580875396729,589d79c096a83e2058baa2a060de91631f4bc60b513a75392b630f4af22a060c
468,3.711597204208374,0.6449101567268372,f7aae6547180e55a754970c1336ede1a42621d24d343925eeffac4af0163008a
469,3.617414951324463,0.6623696088790894,ff11e25f945a7924c4dbbf04945c6de72dbd34da35749e9817481277e1390893
470,3.6912689208984375,0.5969129204750061,6b2a02ed545ba94c5d4b1de34dad61037112bc0c1471eb4a3644e6ba2b469d41
471,3.6623551845550537,0.7070497870445251,fdf8f23d620c6335a29fe1f2814f15bf3f198099a2a680e504b0b1c310d051a1
472,3.6730167865753174,0.6462621092796326,3d5b4e211ca6c08c29ac0d2ca6b87048b1067dbbb9e164d71c4b0dc8301952bc
473,3.7405805587768555,0.6128696799278259,786f66bc7588a7baab666ff3d0b81fc156f81d48e99a81f608964fb74a399417
474,3.5233943462371826,0.7149370312690735,c16bb43d38a09b59dee5fe8e43e0121546165cf1f21254ff173eeafde8afb48d
475,3.6316914558410645,0.7742286920547485,7ffede2275a42fc9ad7290ce6f1eb01c9cb640d66e4429e00a291685bc0bd15c
476,3.5585718154907227,0.7560333013534546,4e8dc17a3086ce035de1dcd65cffb3b9ef24f28c68ad9f576d3910ca96c991fb
477,3.577954053878784,0.6311221718788147,54b60c48e99b8b45cca724efec12b3121075620f1fd9384178a374235c5324f4
478,3.6413674354553223,0.6687637567520142,f50ff7e121cf5cc7e6cb5b762fbd2b23ea2a3ea15442bfd98edfe6c45fac8c9f
479,3.7260947227478027,0.8251082897186279,6b24c4b43776469a00e770fd05445b433337c27dcb9bbb88e98ff53854cc02c3
480,3.55920147895813,0.7645080089569092,559163784927ed0e088378e19afdc2e8165c186181805e542ee2327e3b145683
481,3.6413462162017822,0.7702546715736389,af300a5ca71af3b3ee8bfbb27e1a6b8d168f502e4b8c5e02a16a6bbd60c09694
482,3.676110029220581,0.6733447313308716,97c2d8c3a2d45eb9d7cd8c35a4d55a1af360314f50fb8d4a22121c9e32e2a424
483,3.7052114009857178,0.6260501146316528,ac6a086efb0ccdd698ab9b14a3cd1e402733d91a76b14a0be64d010b8fb2d37a
484,3.506594181060791,0.6725566983222961,42bd954f9ecc02c11c3cb37d7ef38f715e02b3d7153b91b47abba40a345ffecd
485,3.5917165279388428,0.6460035443305969,6a6c8a0082b9e4601ab70210e8247dc6d863faced7622cb54419cacefa60880f
486,3.6367344856262207,0.605009138584137,89a0fef50293712647a8d101d7a0ceb603d45c9b4d7342047a8f3f51a2099460
487,3.591184139251709,0.6288082003593445,834141e84f52da9eb1b87d8bf96cf0a7fddeecf0d7cb7c8ffebd830924c3b0b1
488,3.6540513038635254,0.6524036526679993,01068f8a2807aedcce8d705d933636e487871340471bb5fd810a83db1b2e2c9c
489,3.6472413539886475,0.6456233859062195,d9380e6072fb3351bc4902645558f6b26c5e29a6ede84d790aa4a0284a62b166
490,3.636013984680176,0.6152297854423523,dd76de6cb4d1492ccfbf9f932ae1aef560bf0b6a9953dbe11350d9002fd90461
491,3.642695188522339,0.6533660888671875,811ce8137616cd2346dfb8d5011fcaf8593274d42aa50f60a48dfcb5f5fd246b
492,3.6096274852752686,0.5619787573814392,d0b2efcf1fbedeae34001e4b55ab22928bb3a8eb32e66747b936b39380edbc58
493,3.621276378631592,0.6459397077560425,45f1e095fce7b1f8c617645017e24cbff32c56ecea9d85ee273bdf0865bb6c35
494,3.5898563861846924,0.5625172853469849,51b8984f3daed60de56955f1c2cbec49a5668fc4a9f2218808b0160d5000eff5
495,3.5425007343292236,0.6042702794075012,4987a4b60d794fcae02595389ca65c8d148b0645b54ad4c79bb666135eedd3bc
496,3.510776996612549,0.5680440068244934,0eaee72faa46ab7110125af8b22136dce76444fe0561ea433d8b9018f99e512c
497,3.596369981765747,0.5852776765823364,a59f605e84b239372602dd32d457a7e239049fa4c8f2a13d69ce25e621308f48
498,3.537396192550659,0.5462162494659424,b43ee3a8cf5b2dd9c9ff74c226d684ac43704420661c598bd4e61c3b420acd40
499,3.4786295890808105,0.6242489218711853,f48d9ddc66fa16fb49f56a69147fa3ae2744c16f0b26aa08728629856196a281
500,3.6646056175231934,0.660988450050354,195465a207497a5fdac5eaacbe0d4830a49b6b4117836e3e3c11fc23e89b55b7
501,3.6610467433929443,0.6285960674285889,54136fac7331686a0768bdad48ecd50cc27746231a999420bd776a17345dacd5
502,3.5837316513061523,0.5875561833381653,9be91b8154d042ec5bfbb0e11e64ca88ffbe9fca89a539916b45d8448b9aeb1c
503,3.630791187286377,0.5602767467498779,2af7ca8cb38326ce192b6a2ab15f5bdcd872654c8888f135417fc69abc0b9cce
504,3.6665945053100586,0.6187403798103333,9d33cd0a8a5c6c52272bd4b180068bb10a1bfb9af732c6a8f30ad0575e7ff9b2
505,3.6068460941314697,0.721688985824585,cd11edd818498dd258bfa368175f4131dd0458f8d0360902845a523042b57cba
506,3.585968494415283,0.5858578085899353,b7eebe5c26f3553efc51ceccfbd3a66d34630457fb3b9192aa847a2ad2250b26
507,3.5817887783050537,0.6057462096214294,3597fbfb7aa3a909a8f224beea7aef0f034897f565162fdbe43ed24e1cd397d3
508,3.572218179702759,0.6236761808395386,3bffab224b2c41eabc23fa25ee0cc4ba03a29975e9701e1f170077bd75073d19
509,3.5121960639953613,0.6157820224761963,9ec3bcbfbe6322fa6231bb08a19dd81d7132f0f0bf5f6fad5a0760018d70c742
510,3.5295932292938232,0.639445960521698,e347add53c553a469159d1736aa8e1b741753a4bf3b1a2648ac17e5cad6b0b5e
511,3.587526559829712,0.6821892857551575,616d1d459f9ab34333ae8cbec3dd48b64d16aac7b0f8356d32c14c282467c55d
512,3.4329090118408203,0.7401933670043945,887ecb77c2ce6a09cd649a9178567efb3c2e61cb215705302348c47e5137fe03
513,3.536499500274658,0.6135038733482361,577e5895b2b2de88baae55622ec34f38b7871c5b89c263ed778c2a8b095297d9
514,3.53259015083313,0.7436187863349915,31380f38f313ed53fc37c4d1df03ab0f77647020659b8d06e6e293ab791e482c
515,3.5741844177246094,0.6464603543281555,4fa6d43765d348125d83090aa7ec0a801e99360a60761e8055546340a63ec4a9
516,3.5275790691375732,0.6621822118759155,e4c103ac70ceb99bb43716b1d0b53c7abff3c08a1d067172d9d03245270de900
517,3.5661380290985107,0.8616554141044617,40137d2c09bb0d0c075e16a6b485a8a34b85c4960c1e809099f480c96e5f5562
518,3.4807541370391846,0.6436976790428162,ff39e7926bb50eb37ba569553fbfce4471d393bd8014333251840f139dfc7b04
519,3.588639259338379,0.6885794401168823,deec5fc88ce5d7d957ca8f13e5c6242819930022bda3a9f47e7d7b692a155d3f
520,3.467620611190796,0.6466270089149475,f31eed18927e07cc7667b1bd2ffa34be189227f1438fc9b16607b8f6cd74b88f
521,3.5161986351013184,0.6593757271766663,538c0404fe7f471b47a82ebc26d1a552ddd638b7270129413119a7260c184b25
522,3.589442491531372,0.7370589971542358,0a2820b5e69bc70e0d5c4459817bcd4f0f952d1aa584b56f57acc58c18655a38
523,3.396613836288452,0.6092513203620911,0268a679159adcfd8d7ca8c6719d92ae012594e98b58f57719a176a577293508
524,3.5301966667175293,0.8377622365951538,f0bd2e04cf6cee294c0b8774cf8226c3e49323bda75f9f934b818f594de48694
525,3.43603253364563,0.8116725087165833,817829742ff5a7301643aa3af85740362f6324b88011581a6cfdd9107343785a
526,3.532386302947998,0.7879562377929688,8958e7407c6f655466653797544f2a729eb4bf27f985c9b4826cd9c30d911fd7
527,3.5704457759857178,0.6948712468147278,c46bfd73822a3fdc11d065d613636e7799ba4b6ac38eb55bbc18d9f92e771985
528,3.5680394172668457,0.6339104175567627,1e3e66a7d7074597ec4e6fae069f3d3eead660ea08eb7acd1c31e72e31b2c42e
529,3.5427212715148926,0.6945407390594482,e2a7b557e679e77336a93890b29fc7130215d8588fa8b010c81ae4726e32c797
530,3.5458831787109375,0.7297306656837463,da0dba925b2b59d6b07137afcce71241f6ef1ef261921dfd86f6c2ebf1b1075c
531,3.5794949531555176,0.6733307242393494,8dbb8e2dc3da73fce92944b90d195e56eed230a5961e73453dc70761fc775b11
532,3.4179370403289795,0.6738023161888123,c60aa3fd9387464fc7c5f8333271fa6d4f77edb36716a3d66531c4f1973c0041
533,3.5531487464904785,0.7210339903831482,8fc84cb5340bc6f8507cde89aee1134e1f290e834d31692a83507d19a7ecf9e6
534,3.492154121398926,0.7378895282745361,279f7e9acd0eeeb76f2a4c04d03423ac553e3d46747053b24f65896b0eb9b8b1
535,3.6438300609588623,0.6673134565353394,ad5d359ff81cedbedb13ab5ddfbe8c81aa791e5203839033f5f8e138a1dc825f
536,3.410275936126709,0.6961564421653748,dd2182a01cfa8817505fea45cc05d1f589978e6d92dd14af8f5bdb842a0fef98
537,3.555368661880493,0.6728435158729553,721c6b527c2f83107467a121c8e32ae87f0c793410658a42b2a3126763e7bf86
538,3.597311019897461,0.6333205699920654,166c755aa0e73ff15a579372554ee898ceec312bd87ec51dcec65649da654438
539,3.476625919342041,0.6153472065925598,9b776b803cfbfa440f963857aaa8bc74f28bf804b8b9c03b1307bc0712aeb2ee
540,3.5980446338653564,0.8562565445899963,9b7331b8949102293e6be161a3b31c7fdef495f5c00d6d8c09a8ed455e61f62a
541,3.569654703140259,0.9045131802558899,92949fa038159a093d28389b2c15526d35942ee8930227f6e05a0ed3507e3b01
542,3.5530874729156494,0.8322931528091431,8c3e1e74abf5ec961f2d77f2f11d2fb58b50ec4b5d7734f354c64ae1af02dd86
543,3.5510075092315674,0.6912345886230469,057ca94e666bbc4b1838447b0af34e3316305853747b19ac9a4792a21ff9dc3c
544,3.4739699363708496,0.7514437437057495,2c09876b1be018e8b5f07007cb62026c748144d79cabe570fbf99f60f35e374a
545,3.3571319580078125,0.6812725067138672,263dd19adacb77b7a92d9777bab2385ff3668056550a01a1bb1b825a075d14e0
546,3.563298225402832,0.6931860446929932,b3abb30361c75649deb0cfd964d1798e8f986296154fa4de41cf1e642c04b3be
547,3.441661834716797,0.5849199891090393,497779f0dd1c5ad90144c86ca97cdcb798df784ecaa63593934e8acd6a40d31c
548,3.4024150371551514,0.6644988656044006,e22b1c48fa68d342eff7476d1082e47bffb9af335ee76fe9577cc8c87a5b2e6e
549,3.6711061000823975,0.6217066049575806,fda4e23ef5858e73becc4feccb5c8e5254e28aa1515bb126990dfac599d9078f
550,3.532242774963379,0.636422336101532,aa7d9579fde81bf70a2becf3b9ea5034306304cd9543496aed1834e0b6f8697c
551,3.489433526992798,0.6264864206314087,9f59ae6755e94e331cd2fb9533b39113e74e84fe1bec1a6de81670ffb73e9055
552,3.542464017868042,0.6458954811096191,071084886276bad89773fcc6fc5ffcccd63708cb05d3aebac8cd813061e931ff
553,3.356403112411499,0.6485624313354492,584acf8250f17269c827b23f9410ba0e4b2a27fb9d8ad59db3efc4ff85a209b8
554,3.479306697845459,0.6130340099334717,b916c530f472383672bee3cb3d6dff0fe0a19cfbd232cd80c15061b1eb0d8a46
555,3.537456512451172,0.6490157246589661,34f9728ebfcf9544122596f9968e24f56647cafccaafa3430133e19faa9d00b8
556,3.7232210636138916,0.6781455874443054,1bbd47491f6647b529590bcd98a451d4ebed4c56c4e1aa00eefc7be25d727024
557,3.4698123931884766,0.7696029543876648,bef74d9727dc677b013c08fd2f647253531b49919d18f7cd7f3afe72c32af7a7
558,3.3824710845947266,0.6056588888168335,844a539e4477a443d13efefdb345556af0139e3ad90fe2c137df91bd093079ab
559,3.584691286087036,0.6869291067123413,7b825666c888387b097c80daf19d9566ccfc8df40cf82948e3b94a52662912ce
560,3.5316460132598877,0.6434887647628784,4791f5a649ad1594333c7e8ed8c19b2e25b028b6659c429c7bc7d192100db455
561,3.4798038005828857,0.7258636951446533,c9633e44ad353163e19a2f58dec954d5d5508dc70baeb5574e1b85cadac4531a
562,3.486137866973877,0.7217587232589722,3d227c2fdcfb588394b1f382053ff1172fddbe798dda11eaad7a7c7bc61edcc6
563,3.4261233806610107,0.6534782648086548,bf4ca481ed5768b72109f79d51fc19db346084c8d06925e046ba3eef58181f76
564,3.3774874210357666,0.6730004549026489,c3f2232821e209ae8b2ecf6f6aed85ca7184973015dafa45b726274d699f8397
565,3.4976415634155273,0.6652032136917114,eb1e6658ee737822683c658e212cd5f9a9a976d524fe0ed4a57f3b9256c992b1
566,3.4826605319976807,0.775239109992981,3fe18f48111dfc7e2314bb1cdc43b7810768c1ab857ad84a09be78d6dca598f4
567,3.4798429012298584,0.6610546708106995,11bbf657d8d97660bb6753dedd9863caecee90ea2e4ef54d52d25848a292f8fc
568,3.5415995121002197,0.6519620418548584,970b0cd419b034d62f0ec0e2887bcb464f4e7428e3e38491b9412d9bfde897ec
569,3.5522830486297607,0.7265686392784119,481b8b18f415577a184dc448e2e9d722e41111255fbba5b999f39519e8306e7e
570,3.426063299179077,0.6998785138130188,194a79a8e288c628fdd86326a94f3f2f6ef33c7fc4766cafc26ee8b0093f4694
571,3.418745279312134,0.61277174949646,5d321f7ac7a8d86a2ae6f223c12f4299bb632572421fdb74a72ab0d3bd9b6d4c
572,3.519205331802368,0.6142582297325134,f687dd9072927c65949437e0c83b870770e9247ed61b512570ddb9dbfad950cd
573,3.516542673110962,0.6102303266525269,01effe2720f074e721a28e2caaf3b7666334b3bb2607b75e8d7e4d95b8bccfa6
574,3.422816753387451,0.6139863133430481,f67cfcfdcdc6d217109f453d6c9a7757f544e220542b03ddb97307c17985d960
575,3.409029960632324,0.5942502021789551,4a7312710c5c78c0afb32276fec3ca448824796eef400f281c91fa4230fb92ef
576,3.532505750656128,0.5784729719161987,12132277d2b44e61d4ed665d7abcf54b96ef8fc1336648d8109728b8151e6ed5
577,3.4301600456237793,0.6234245896339417,bb5f2d7a8e398125cea71319a1962543aa3613925bc92c9aa3602606e09190c9
578,3.5006844997406006,0.6022850275039673,a335f3c1e323b9070a146076fe5490cee353a3600019a426b104efc89aa82326
579,3.52384877204895,0.6366042494773865,f3cb1b9d5934a7e9f4973dc60b5b1fdc6fa071c6a2beec90bf41822e94609271
580,3.364098072052002,0.6416219472885132,45dcf880eb2aba1e46f82b53ac935c17a940dae633fd5a73096eafede316dea2
581,3.4709835052490234,0.6463443040847778,92ae7726fc51d82aae2b48e14955ba515fef2efac5f02cfb3612c1c612391db5
582,3.388489246368408,0.6479449272155762,1014969783516ba694a2f015d384851358e9a4950121a088cf151585578f977b
583,3.4443206787109375,0.6474395990371704,8992105e29101de5e61ba0131032a5d152cc9e9050e6e17e28fbe43fe292e4ac
584,3.504380464553833,0.6184147000312805,742ad872476a716fa93a65ede18f9fde616dcb81f9751d1693eca291cff55649
585,3.3612473011016846,0.7204242944717407,04a5d42d941896983e99c1784c20d2417be4530d994e7071b8a5ac9291124fea
586,3.457937479019165,0.6809669137001038,dfd98d481b9294c51a7425491e5439d2c3034506ba21c5c330c4a67aadce905b
587,3.4840147495269775,0.7113165855407715,c898ef9812d36c3d5ff5ea7e1486eff750bd541b2639e600807e1912e811a5d9
588,3.3742949962615967,0.647163987159729,259cd28a723eb268fb66d7c418e42c2d104861b0094b0e51c7aa9398233f4dc1
589,3.4880669116973877,0.7818591594696045,ffb1c6b60ac0e02571d8d2b52144032e0003b36f37642198478ab7b2cd89338c
590,3.423863649368286,0.6861904859542847,9286275852d6039dd6fa25aa41eff19dedb57d2a1bd7bf7099954d15a85b1864
591,3.4552247524261475,0.8160467147827148,bae93e29a320b0a28af0fc67c9106ecbb7ab5a805ecf514d03286ea99c10a70d
592,3.4072842597961426,0.9107475876808167,e6e5d1871f92c1405bb1e900007c07f01c898ef5788185ca7d7ecd7ffe4cbb79
593,3.493520975112915,0.7167221307754517,ebee3fb85dbdb700f4a974a3f3fc0f47c606ced2397a7f78a9590c1296541436
594,3.5361316204071045,0.8174141049385071,f367f12ad5169538c037b7351f216ec09ca1b2feaac7a9b07c6ce6446ccc73e4
595,3.3354554176330566,1.003875732421875,7f003158c9db94e496c838efe9c35f75a1c297dc709b3de27a41282f297cf002
596,3.403475522994995,0.6650901436805725,f16a773b31ececbf813dffda2f647deaf15932aaeb7554425cc080ca68c2e99f
597,3.4552037715911865,0.9382315874099731,49aaac9bc22f83dd5efd0b849da5e8852446e856a3ca26190b349402f967a858
598,3.539649724960327,0.7901238203048706,89cca82ac0562ebfda0f57f655b7a4d62f994e221aecdcc0aee73617e48e5ea4
599,3.4639060497283936,0.6769185066223145,9b4a9b5d191106d5a0ca99c41ea240fab27caffbdf33b9ed54c51f101c7dc77e
600,3.4789702892303467,0.7248231172561646,77c79f88c01e88a079a5c4e513b1ea6abc7d4c32b826cd1cc5e13a8c81c870ec
601,3.4660425186157227,0.6426134705543518,969861a55420b25efcff6216cb091db599d9bf5cee3f4570d3fcd65549856e2b
602,3.491851568222046,0.7409681081771851,0617d2a896e20732c831544fa369a9351565522d807ff64c7856ec32cd2264bd
603,3.4495911598205566,0.6708917021751404,738aa96f13ad4240cd59bbd733e0c1619fb3586ad461f272bb79897dca9983c1
604,3.278719902038574,0.6612374782562256,48a9c78763fd985acdf58dbc11719bf0fb04c9d9220e9ac205d6fd48637bff4c
605,3.5327649116516113,0.6264299750328064,47fef477ba702202cc50c4c35f912d97d0a0f1922db8c923160ad2d00e02adee
606,3.499415874481201,0.6207517385482788,832227be173f24eb54a4cd3a965e9c0853578cc20aab3ee32bdd3cd723d4c36e
607,3.3690319061279297,0.6323928833007812,9f22c378eec0e09c984c70328e4daf51d165655cd5c2a2b4e8f6309d574f1d1c
608,3.3796885013580322,0.6293970942497253,d1352e91aa1e3eb210ccc904da788407e12d1a5cca7b7f1fc8ae5374bc1b5d71
609,3.444582462310791,0.6239800453186035,41f9db5e31e93fb01474167824aad1794854dfe2b40c425c9c9c22befb8d9be3
610,3.4696102142333984,0.6200765371322632,a65659463e5fc23a0442351eb00df315776276e0d48017cdf66567eff10f972b
611,3.436448097229004,0.8140915036201477,5bd354aa060de68844406de6111242e4ce7225ed4e29b514e73fcacb36297535
612,3.4708263874053955,0.8664116263389587,b43d8c0bd83b0dcc750e6ed21ddc157ff08bff3d5abca8850a05655df210e4de
613,3.4048774242401123,0.7667602300643921,ce79da5ec40d6f2eb2bb629e1c804fda2e54693f6ee2a835f6766144c1b23743
614,3.312042713165283,0.8207101225852966,417939f02c6bfe15c3526b76bfacb0b9b1a6826ac068c6ce15baaac20289e5e3
615,3.529890298843384,0.8305022716522217,08dd99e5018a202032c13434e9ccbe4757cf324ad8974c24a28167a0dda1b251
616,3.3498682975769043,0.8023010492324829,33321b4ba20737e47c80cb76da5b985b7d2c765576cb7173700c0b546317b08e
617,3.4508724212646484,0.7672220468521118,e3ba96f00e32088106abe7de4e6d30f37992f2a926a4c97ecb879c591dc9ce2a
618,3.429175853729248,0.6654020547866821,9adcf368a0eab342d913368bc648942434ac586821628086388ab7947c68efad
619,3.4053947925567627,0.794592022895813,53b9724b2b698cc91cc19ac59247ce36665d2784cce857b7c638d54334a803c4
620,3.432497024536133,0.6698281168937683,401b6138b7d60c3702f02813a62dd0093846910d00815f5d72062dace892ee84
621,3.4186277389526367,0.7710637450218201,bc5d20ba23f96ddd3f12001e1ae3ce1f5eb1581823463feaeca8e2b745d3ca9e
622,3.4933829307556152,0.662756621837616,a2aa12f05a7ff6a630324b9734af7aaec06b34c5b472cd4bf5fc7caa38c9a6db
623,3.3433048725128174,0.6959747076034546,9ea5450ccff0fe335ac787b0d704be141ed3f205f821e9f09d42e6826a8363c9
624,3.3300793170928955,0.7353964447975159,df2223d0420ae60e96c67441965d64aa6d842340d6461ec34d90d649778d65a6
625,3.4330999851226807,0.6550447344779968,32ea3fef78dad38259103349cd59a931d71f5600bf2f79848c74f2b96cbf6f8f
626,3.4641594886779785,0.7222006320953369,415dc027373b254162e65e290e3fbf38a0cc5f186f92979ae3d9d4d423c123dd
627,3.3895657062530518,0.8079402446746826,d2e1a65cb2c7af76a3caf4aaa683ff63a65ce83bd8ac3ca75a9c422f27e52b5b
628,3.298107624053955,0.8940282464027405,43138cf6a40b8cf18c03960a68ceebfdd38179ebe06f1a3cfd3dd46e48931445
629,3.29967999458313,0.6764279007911682,a51fc574a7be2be8c27a735a9ff97fbb71ada4d804a8b12235ea09ac6a3b28b3
630,3.380570650100708,0.8250552415847778,2cd924a0684d6b85a657cc99daffc3f99a5a29802c1d3482c83e74e18497f52c
631,3.310790777206421,0.6689355373382568,e024f7ef8d103eac77c3d8deaac5e0142665b0189aede936a91d5894fb448afd
632,3.3656272888183594,0.7545104026794434,f410cce7f0f885bff0d58c8c64dd2143830a1db9487f54403785f5103ac25209
633,3.4685256481170654,0.7561955451965332,9f6c37c4a0753e15bfa2c34f52bbc7672414acf5a6154b0d596ba34d4d8011b8
634,3.490757942199707,0.7687100768089294,778d64dfc36951d833a3ee892f6d467940268b66658a8dcb8d0c1fe3e43ad89a
635,3.4326324462890625,0.6598522067070007,a38f8894ec271506728a73c23deb3ab56f99ce793ec300123f3f07ae230ea668
636,3.404595136642456,0.7792810201644897,6b1ca31acfd242c4178e6e15dbffb0a7548926e0f2ebbdbe989d18e713c14e02
637,3.3176915645599365,0.7468270659446716,e326fb10e7868671ba3d6d342b01ccd18352b9698c68f9835c9245b7927c27ee
638,3.3165078163146973,0.6725669503211975,f9c7bf877cba15e90e72737388d2c9e92f038bdb5cebb48af6c9d4eab46b4bdc
639,3.3221378326416016,0.742546021938324,5509aa88c0c7971e47e82de41683456c0c84d024548cdd617117cf03a92323a8
640,3.3146371841430664,0.6827261447906494,a668f2691e1c407bec218c0b3af2714edd96f5a1313356546ff9cfbe1013a85a
641,3.3087096214294434,0.6802403330802917,6cc681d17317051d2d9dd32b0e3bb893bd96066e2693a7b8c8a0dbff0a3a3aad
642,3.428962230682373,0.7370496392250061,6a3ba4bea9435df0e9cbc49818e8de5de9d2a6ed2ccae21812405385f8f456e8
643,3.2906436920166016,0.736907422542572,dee8064d84322815bc1fb9b7a3a630d92bb44670e0a35484ada2b38b623f6bbf
644,3.3487956523895264,0.722460925579071,f524dace694d72176eef65906caa3c786464171bc951d83f4726085f857cd8ba
645,3.370760679244995,0.6678944230079651,0a326bc5f0275b8701c0fe02c8c4c8f7d926153e5a43280d4de50b9836583a1f
646,3.3065197467803955,0.7234718799591064,5d75c5aacdfe9a6e7252d0bf779879f973c09d3ccf2281c244096db8648bf886
647,3.3841195106506348,0.7295675277709961,8ab57f0bd2a093246457e52efdcbeb3282fd4496a7b31a464b34975987ed1bdc
648,3.33585786819458,0.6610791683197021,371a2ca8b79f7a5398dc893342af11680090e059c972857ea3f982a9ceeb1b76
649,3.3083560466766357,0.6834965944290161,482e335cb64999b98904fa812bbc4390b93dea2cfbcf78b767b819db5084d5c0
650,3.363612174987793,0.6566082239151001,3b30c1fa9e990d103025ae3d45a16ddbc3692838b925e6abfb258d40c9874b73
651,3.3436710834503174,0.6775929927825928,ac96649c38f86c57fdbf22d10bde178743f6e7a3eb6154174abb57858c842b6d
652,3.321492910385132,0.7192882895469666,989532ced47e50a26e5d28420b48404c32654b8f7b1192c39fc526f67b0ffb61
653,3.3404369354248047,0.6910839676856995,de94f4e60164bb2481bb77cb9bafa1748a3cbfdac3f50bf791992919e9428680
654,3.380542755126953,0.8221558928489685,5645c795c55089bd472adf3827e9dffb0a88ababaf980b55eed8c63ac19e4576
655,3.397585153579712,0.7413894534111023,6a4caf95eecf2a2693937cd7fc3de72b8fcb63faff83240f8720e66e000df762
656,3.3592312335968018,0.8152577877044678,837e271c4175a0f6bd663310150ba001c7c137758c99cb898ad1684a0ce78b3e
657,3.300711154937744,0.7605034112930298,1aa073c968cbe32e3b1285bc075e549d18b04195f561dd12121de129ced2e556
658,3.3185529708862305,0.7288805246353149,8ec26d2279b568726f3598a8ac3b816fc897487caca8fd84a3fd8b08418b76bc
659,3.344856023788452,0.6801060438156128,c1ca68e636d12cd6ee5b9e86a20500e39156db861e3ca99c98991c07c332c985
660,3.4538066387176514,0.7895107865333557,2918b251f62723eaf8b961aa553b5ada25f986e1a4178150075ee45b5fbae30a
661,3.2822985649108887,0.7785068154335022,10e7fe0fc25ab6f0b1f28b65e62449796779099c1057f90a8e6ab6148027e687
662,3.271629571914673,0.7143524289131165,ead172464ab0a0006d5862a3f27acae57fd3ef6f40396511c9a07bdcc515df3f
663,3.313901662826538,0.8059462308883667,067e55da06df4dfc3204cac0cb1b08fe70afc897f48fe90536ee293e629d5546
664,3.415785789489746,0.7179355025291443,4c56cabaf6361fa51eb4f46dce660a7dd342c1869a87d3d6d22f059d6e57f454
665,3.336660623550415,0.655655026435852,5fd3e8b8f2ac23e4466ca0f30c24dfa4ce1dd1dfef61b8f96694a46655eb8c8b
666,3.316363573074341,0.80058354139328,48c603852524f2b926ce33562e2bb33b036c0385823e27115a350ee25db88333
667,3.3048737049102783,0.6849350333213806,c9386001ce4b74f40642ab743a09955900455d04384f6bbc5a00c26f7ff0769d
668,3.354233980178833,0.6286057233810425,6f74768a9a9dc6414eb904df0c482a015c5cc6da2ed417de212555ed2f0aa501
669,3.272949457168579,0.7245821356773376,1ef48f3951fdbbe1ba38330638541dcc7a3433358dc236669bb636c915d699d3
670,3.3633241653442383,0.7629871964454651,26926e59b9a76f89a2cd4bd19afc76de6a590930537b57d66b744a24fe12c400
671,3.2707395553588867,0.5870103240013123,6accaab4b0a3cac83b5fb42d9e2437494282cad8e872df0cd7dda9a2178b65b2
672,3.247774124145508,0.7997716069221497,bf04fad8a8859ccb4b98e56f4eeb0de763bb3a1c3ced4d40137b0976e485cc1f
673,3.3051483631134033,0.7802187204360962,04a2fee6ae7b3830ed4f4df6a237b3c5bd5a5c89a73775d44a1617f717ff5766
674,3.3078196048736572,0.6916813254356384,904d512e96651ce5b6e5a63fa5f264fb528abca91ce94375282487309195046d
675,3.3546793460845947,0.808940589427948,bfe177ad6b673c85e689c7968a7d59546de8560378092198cf5be426fce8fbf1
676,3.4466516971588135,0.7259081602096558,fa0b79a9c30f77ec660c256c666db0ef30b9547426cab1ab5b3a2dd355a78467
677,3.2196435928344727,0.7256245613098145,df92701b6799b1dec7a05def01790e8e749d46b366cf47bbf58d1f16ed001ac0
678,3.280367851257324,0.784122884273529,807f826508ebddc32c4e323ef0043891bfc16c1e526bc3063c8c3660d7f73d50
679,3.2380168437957764,0.7744607329368591,8d618eeae67e2d1030db80300059ed1229da67c92ce3e49886cabbf7c58aff40
680,3.264781951904297,0.7130341529846191,59b94fcb7350ae7d27c520ad1eed60c1e0740f2051e43a1fc2ccd5b823ac8f6d
681,3.2418017387390137,0.7669730186462402,2a722483ca4f8cc13299cd26ca070fa74a9591775d46daf27793f545f0993d90
682,3.2864902019500732,0.715985119342804,6d13084ed9f77cfabf90eac17647afdb0fb0d4512ddf7ec16127f1c96e3c8030
683,3.378641128540039,0.7561802268028259,005a47ad2cb54e27f2d3749be66650b8082134ef0a170c20a0a726db442cb5af
684,3.285142660140991,0.7372602820396423,81e63ed44750733202bb7783eda6388af2a018670889561b083064986d3c8865
685,3.287555694580078,0.7199900150299072,d321afcc7e0d964bc706d4eb22f85d306caaff43d467dd849b101991219601dc
686,3.486173391342163,0.8000437617301941,32ac873a360bcbedff840316ec77a961eed1ed8d8e7fcd9b5f81bed6ec597a96
687,3.3389482498168945,0.6613849997520447,b54e341e22c9ba61ef6a5c01caf21ae6e2fa9f664413fac3fa16c699eb4a6f1d
688,3.168152093887329,0.7140703797340393,e295dbb53500f32b1191c53fac8540b24b1fbd8c72b0d556cccd3e794835715c
689,3.2878236770629883,0.7309252619743347,d9133534f65003a926d7b9fea60eef4fe4ee808e44fd5b1c307b2af100a9dd50
690,3.1453006267547607,0.8335613012313843,28fd7df5da69c37b9bda6623982716c06356721cdb5f59604dd3f837865d1a57
691,3.2497527599334717,0.8189809918403625,1da19ed8e226f2e2feff93ec0dd94b905eeb04e959b093dc9973036549cf7b22
692,3.3191215991973877,0.6769399046897888,73d64c43e4624b8b57ef10ae7997166867462fbedddd2f7e0975ee51aa343fc2
693,3.3201489448547363,0.7768579125404358,7850011963320b2331cadd1728a81308d07ff077a4bf86b64fb67f39655ac15e
694,3.2782812118530273,0.6853768825531006,465a253ae633a15d85f066060232cc8617f694791f70a05ef22b976f15dbac74
695,3.2417314052581787,0.7586132884025574,5505949e19734f762f8ab91dd2a361555a7751394d2e9839ce1866ba7a55d34a
696,3.26554274559021,0.7739874124526978,c1d951d571e57bfe20a995a43b8103e6945bc7ea0bed00a2c884b0271902d7ce
697,3.0734846591949463,0.8065994381904602,c55dc73ab5d7bf45243b59d60a633b5129551830b3536fa237157baa80755db2
698,3.2142138481140137,0.7200369834899902,6fc2414a958b35bd546d1505d579623210195360d88dfdbb42e11e49934bc663
699,3.3023059368133545,0.70534348487854,4bc55243eb2d11c7f96c359349af1a3a101104f0ce382a791c113f3720fa09fd
700,3.2966833114624023,0.7204272150993347,ab6108d5298a4d6676a6df38a5e018a7ba3bf053b9951202ab48284c2074549c
701,3.1941275596618652,0.6810537576675415,7c054236e45f1fb65e4d38b635262969d79007fb230ecdb3aae0dfa4f6b92749
702,3.181349515914917,0.7613075375556946,00d33eade98ec33f2728807b10e110e98edb2912bb03b740ac76b73d0dcac320
703,3.270460844039917,0.8021822571754456,3a785a0bae5db13fef79473fda0e1cba5757c38460b8d959b2c46c2b2faa4e93
704,3.2935824394226074,0.7845478653907776,b402a5aac47fc29507cec2407fbbeb4abe1d1c42d82ef908de3d485eed3bab5b
705,3.3154022693634033,0.7757420539855957,760428dc9241baa2a675dd65c79292729ea8bd3a944009b8ce3308d1dfcd6a89
706,3.2025444507598877,0.8487152457237244,10ed6b37e5a46ec33c126de94195f03d55cdbe384e74503b6af47be9b9208e71
707,3.25934100151062,0.8049167394638062,104b990f3a32e811f4ef1f6778038f661118968181316fa2c9f81aeb3819f0fd
708,3.2405240535736084,0.712589681148529,156a9c92c1b248c1ec104090c6ccf475c625448933060b8f47f39410ca59a63f
709,3.281999349594116,0.7619519829750061,8542b186507f70f5a9612b64c903b0cf8ffa87d09ebe14526eea613d25b10059
710,3.214334487915039,0.7881774306297302,c31b32d04b2f9a08be14f5ad5b73a9714ee475d320ff770a0198e33fe2f860a6
711,3.254967451095581,0.6643065810203552,244ebe76db91a5289ccd15211d384f4aced7ac2b0ecb8dedd905f12ab52e19f5
712,3.264275074005127,0.8165605664253235,76a24ae44809634211388294ef295f0e87a391315b3e1c296573c4b6dcb25b61
713,3.2246031761169434,0.7748847603797913,62aa8b84ac5a98c46875ecb29c31856cf51eaa1835a61569f68bfb44c06a5fc9
714,3.3081650733947754,0.7347718477249146,b715da7565e26eb625af35239ddf724d4afaa685b350bf6230c9bcf6e9a601b4
715,3.248394727706909,0.7487830519676208,99e3967bf7c319f83c70a1f6aa2ddc6bec5e175e6ba4bfb9b0be028a93f6a8e7
716,3.2926697731018066,0.7891331911087036,2de4c5298c3a27f1f029f6e50df337fd8b6ccec15947619584d372e8c527ee33
717,3.306290864944458,0.7849611043930054,882e03a3ea8c84028c33e57553083e2aba20fabd2d51a7ad250e3807fcca4b72
718,3.2573139667510986,0.6798468828201294,4e79a435f4abec79c2d6092dc411867ca5cdf498a75077307c61e96f278493a0
719,3.1827168464660645,0.7154751420021057,776b19a6f57bbc2843528e0797e97692187b5d6a96db0815058cd2aaa34669be
720,3.253384828567505,0.7070339918136597,baa523db958d6b7174c54622e3c4ca50acf2278926ff22f067a315fe1983af1a
721,3.3186521530151367,0.6983635425567627,642994188798fc8ffb620f9c739555e9c00b3253abba853e8f1b425cb5bd60b7
722,3.317824125289917,0.8169553279876709,bb54f61000aab40f3826988cb1552565aac653b6655cc5fef6d6c17c25ca5147
723,3.3436806201934814,0.6719484925270081,ec198bcac688199bf1da2c53c29b691e7e3827da9b3991e5dfe8eb3bcc331284
724,3.2226264476776123,0.8732882738113403,fac13bf1aeeb5a606356bd3da7a3ff6a3b9b5d9bc7e9af8a9c43db79c7d6e1f2
725,3.233807325363159,0.8291919827461243,1cd158654b3ce8eb92a376d62553e3f112aa77320b6d4388a40889da8a8c0786
726,3.223539113998413,0.8153452277183533,38d98d2fc1bc4f0b2305c03b0d9800676bfcf4ff2d0ebecbc9b2411df9ccd325
727,3.147369623184204,0.693430483341217,636fbb7e0afba1d0c26d81c979fd796410d928b941ed0a7b11bab0ba93390bde
728,3.2189924716949463,0.7460200190544128,a53b8e7271d166b88860da5fa0623f4ccebd9c4922aaab2287847e50438f17d6
729,3.120983123779297,0.7445724606513977,3cfad589023a4cb9f27ea244290716868de9f7df4281e83103d315943593b2d0
730,3.257638931274414,0.6614202260971069,af95e01f0e7fd2544351456a5800fd234a72a2fa3fb0f3b1a37378ae3c5d1c70
731,3.150386095046997,0.7691100239753723,bfe888936cad0e4e31027f4c34c9c5355d3493b8e9af892b5a877f77b6b2fe58
732,3.283600091934204,0.6402544975280762,33d71b8abd0c6ba51899afb1256826fb250fffb7507c3a8a7a672d662e745602
733,3.235481023788452,0.7782756090164185,5b3eb2eff30b38f8cb305d5764dde9477fb8e9085da8fe556b650ad7d8eb0d23
734,3.247114896774292,0.813352108001709,f36c293c1ebe654a9ca4307dc0883c3d6866baa4b48a7814a786c56bed2dd47c
735,3.2538905143737793,1.0560179948806763,336e02578fe3c730776ac14c5e2c72bc2d1d7fb1b07dc2c513589241f96e3efc
736,3.316713333129883,0.7700671553611755,13f5d06ee817d4946302ed60cdd732455516d8bb368d4e44e18771277c16f974
737,3.2098324298858643,0.9524211287498474,83738e2a431460d9e26e6d801ab59d4cb436ca945bd90de3a43d2df0e97aeb25
738,3.192763328552246,0.730762243270874,ca276fca02667e68126136750824990d137bb874dbf12d6bd27247eb09c794f3
739,3.2751314640045166,0.7406492233276367,fff3647edc11e3616435522e64decb67303657d8b9c6ec05347c0024e782b6f5
740,3.3309197425842285,0.837978720664978,1e2b2a7035a9b1d5aeed22983a1689195c27453a14722d5f4373b445bcb7d953
741,3.2446722984313965,0.7806761264801025,bf853f0d69aee408eaf070919d401fd98cea91e31305639f031260b54b983222
742,3.1673970222473145,0.735710620880127,f81d21d0abd8077cbc8fdd33f4cee52231b806af92b2fade27b3754013477dcb
743,3.2164440155029297,0.7845086455345154,ad98d6ab13b1a26476fcb3fd24ef6086d888e893a21fe506edb885dd47651c2f
744,3.136005163192749,0.778892457485199,df0134d5b71a3b4c9292f60b259b6c1cb5865baeda80ce7601fb521363271d85
745,3.2220966815948486,0.8582445383071899,5dc34c38922b5064c2fa6b4496935066408564a2a895c8f11ab6c838b60745a5
746,3.1644277572631836,0.7357099056243896,ba9ab39947c0bdf7fdef87ceb5d148cb518a6cc6268ed5f4d68bb8b8f0a0f794
747,3.241478681564331,0.7809392213821411,9e917d4140bd657393f492bd80cc3062284e240ffbe9f6dcc40615d15b59c806
748,3.156996250152588,0.7722671031951904,11127dbf738d5a44d5ad128dc20aad6c9a5c486c1b9db3e49057d695bc042ac3
749,3.148127555847168,0.7052943706512451,50f46bc9978f7ba8a8945699ee29935434b0bd2d0d46f0a530f02e4defe66c8a
750,3.3953754901885986,0.7695421576499939,6be46975d9053414f2b6efb3e9c00b276695584857ca9b5e033abddd0f92d04c
751,3.2008161544799805,0.6671758890151978,47152d21e8e34b274487326d0a42f8dd474bfaf509ea0f19b6141b25270a8193
752,3.2107114791870117,0.7054858207702637,61ac45d671ea8e9364d6a2d98761bad2503f9c3969903d81d2a25b4d21dd0ce2
753,3.184601306915283,0.789322555065155,b6798cea467476d252d4605f7d112df280e4e06c675e9ba7bf6c85727eace0a7
754,3.3277409076690674,0.7627333998680115,f7cf64f4833e103aafd146176f12f0a3b9cbb4e7cf01c1c9f07a2e5b55ad268b
755,3.1063296794891357,0.865656852722168,2b3a79e1af0885b5136184c27e7d4a9bab8bd038903a0f70da07a6567140ba4b
756,3.244528293609619,0.7304133176803589,664df0ba14519cbd1bc55202cacc65002a68829f40a5a134687ef39df4d544c5
757,3.1659746170043945,0.7374950647354126,81cd3b9f3770989cdc9af8984d9032ac6b0f38a360b3b0d2b1e4bba315ce84e1
758,3.2769925594329834,0.8153840899467468,f2b67f2f70a3902ec9bf254cab4bace2f58776c0e6c3d0b3474215d953cbb3fd
759,3.2802176475524902,0.809640645980835,c9f44c739648fe0f2e00f8ec476cef37ec99d1af58cc981586291d6d3bd1c8f3
760,3.305185556411743,0.7473893761634827,b8c0792371d87fd69b719145039a8ca76918a18cdd5ba7945b90a624f613950b
761,3.1855180263519287,0.7197361588478088,5269700611ff30ae8eca837f8c4da15bcc544724b224f5c37d6c9562b50f0261
762,3.1941840648651123,0.8060858249664307,817c0c10bef13d119db4373cbd3c47223fc40e21dca87bbf18e8295dcebb2c96
763,3.1696741580963135,0.6990283727645874,16da2791f9a48eaad616d24ac07786ed358cd2fbe1ad01cd5a8ca9ed825bbefe
764,3.217101573944092,0.7553583979606628,636c5f1ea1d3f6d1b5b07b2ac1137df8c32a34f822b9e0f4185d30c2789f5219
765,3.121697425842285,0.7840956449508667,fc2d2486c76a72bb1881135cbcbd4fb143bae3651aa29951d8b19f5ac8246fa0
766,3.2270843982696533,0.7058730721473694,cd2952b93973a6d80d449bcdd692403a805f4315249be35853227cd8dcf5fc6a
767,3.168591022491455,0.7716646790504456,cea3206356dd928b28b9f236e52ce0efda2ba1c955d96cfacfcaf916b3520608
768,3.1893746852874756,0.7922918796539307,cf50dd9229bda4ea947d6a4323c4fbefe143485043938b0c3a29c4e6f8676745
769,3.3259899616241455,0.7026510238647461,a4dce2e274b9a21f245674bca47a0475cdf141587a1662f7d64ba3ddf4b63bfa
770,3.197899580001831,0.7763030529022217,80127dc5225f309ceca31da76ff2ae46ad5e050b18b0c8091aec5a4021398daa
771,3.123324394226074,0.7598081231117249,586892633a83d30c4c824030da5f3f028d52c5eb69b78994d4dfd3418ed8dbdd
772,3.3013811111450195,0.8370388150215149,78a348ccbf2f7c68a08463e67c9086d014e7fa1a40365545543d04836616662e
773,3.1689696311950684,0.7933806777000427,773ed96d2a5b126504e171231680041ae3ebca1b7355565c0f31614636f5232b
774,3.313311815261841,0.6900785565376282,9ffe2cde3769bd4d71ba50f87636fb9f4d2e322c627c732d2a30ea975ea54ad1
775,3.286902666091919,0.8105605244636536,293687938737eb38e8ff717dd19c022df25a86f6c2abb6de55dc10172fc98de4
776,3.2147510051727295,0.7168353796005249,c59e2615ecf7268721467031093960701d052fd28d37c10e7f4348be65439f0d
777,3.20831561088562,0.9139504432678223,282fcdd7dd776320658992738c3184738e1382edf6bef417ae535a3bb4f73fab
778,3.156240463256836,0.7533851861953735,3b89c768106b0dfbf1e88ff6367815fe1f1178340de7e9710ec578ff9de02e10
779,3.014382839202881,0.7920107841491699,fec6f60f24f43f14e4388fb9f201b4dcd49052779a94fc2ce2223f64047993b1
780,3.0640900135040283,0.8685433268547058,b6932cf0c594f0d837a7d0e285ba7c2dd487f5e7723bee4e939b61df099c6c25
781,3.14259934425354,0.8502272367477417,7791bb5ab434e9019ba6d02521a30d503c923bf8cd66c1a8f99dc9f774ac35b5
782,3.122070074081421,0.851998507976532,a871fd2be96530a317179f02d983e044eb271ddca482cee5925ecbd366e3e585
783,3.160083293914795,0.7689527869224548,b7dbdad4e51eb559a1b242e65b7bb97dc428b9f985c8153b13e6cc5ee09998b9
784,3.1562092304229736,0.8081524968147278,df39da64fa177864b84df4f516db6d24ec54b218a0e16cbca648bb7021f43940
785,3.111780881881714,0.820392906665802,fd0f2f60aa1d647fe14a20e0aa67ecfa048eb823add5ff7b6f0cd8f1a945d718
786,3.1323184967041016,0.7866817712783813,f8450b130842d9f5c02e69dc0026c6c52ceb274d9268f8130ea66049bc1c0265
787,3.1718039512634277,0.8796576261520386,02a96ddbc7d4ff4999c25156a3f7a2ff2af876334757ad9da776b910e25d896b
788,3.253844738006592,0.730736255645752,2c0775bfccffe00e76bd91f08dbc470d52fe68e09705849f30ee2039664fbafc
789,3.1810059547424316,1.0490390062332153,474bc82285d38bd473fc790137fb7672286dd13712c2f17e685282a1fd47637a
790,3.1378016471862793,0.7288944721221924,51a831e6458c7fab1c47a16d068fb8511c45bdf99a5ae9db2a7128c88d381cbf
791,3.1807007789611816,1.0158610343933105,0267edc42eecc9b1d8b86f7f01248990ddd4a5ba149525bf7a8b2126496e0a9f
792,3.2549617290496826,0.8174226880073547,2d9f5847de39ab823f28e959cc97feac424af32ae29583087f714e2fa80c7115
793,3.1139748096466064,0.8277232646942139,f1597195908e1f1f484f4726df896c0ff01f663b301cb7374b264d7b99b2ceae
794,3.2398247718811035,0.737169086933136,d8f68aee32ce0c0a68e00713922d8d04a1fc04d793ce3e11609518b874572471
795,3.1017611026763916,0.9185452461242676,c67c05073dc8e5b4383eaee4d643e10f3b51f2f495125ada975030166978a4a5
796,3.0678648948669434,0.7792986631393433,4eb211f790dd898efde8f05046a7f3a022e9f7b2dc2e9f9d63d72616a489360b
797,3.1025290489196777,0.8379455208778381,98e71dfd4561a54902e6463d33949144a640693d10f8e98c1e89474edac232fb
798,3.2037477493286133,0.6922711133956909,c8516ff72b7d52ef4298cc55a47c41b44e7212e32cc298d22e0d8be485a24765
799,3.1826117038726807,0.7931362390518188,cb8ee3e208091d6f2053464d25293856a07203ae2f0bb7daa0116154e646200b
800,3.2913241386413574,0.7712382078170776,74b1c8c00d18d23cfb873ed21ce6e81948668094bf04a7fa0cd2436d56bfc243
801,3.208477735519409,0.7182052731513977,529d90d1cd7d9e645b9c7367db5d48c4421312c3ada7d86693708eb9373057f2
802,3.1488232612609863,0.7127981185913086,1b89319bafe0e3ad60d6eff999e1e42fd6edffa1f337d249e966fbc98c5de990
803,3.1405091285705566,0.7217548489570618,04ca1bff0571d283a170354e014f7dce6de83482c8873f3514703722b183907e
804,3.266112804412842,0.6426198482513428,9cab99199329e28cff84928a0103b7805db918ea4ad6d9561bb229958049a03c
805,3.069298505783081,0.7509070038795471,671a98de990eaf7ae5b930cbf4d8a529223f8c144fa768531fd6576c6c240c36
806,3.187164306640625,0.7250867486000061,f8ec1397315ffa96252ced9fcb4347d84daaaaaaacd07051f718b7d92dd1fe82
807,3.1277432441711426,0.7011668086051941,b7d42a33f767555dcb505d8f59b39908795d16e313adefa14301d93ef35cef5b
808,3.235736131668091,0.8887582421302795,f762eeca2c7414c8f0ec637e15b8d695992555b842bdd2671112454f1d6f41e4
809,3.1318252086639404,0.828465461730957,e9a3def7f83dcf9a38a45f1a35d3367aea095adcc47b77740794625d7f37b394
810,3.1220285892486572,0.7959046959877014,f0c02c4dc723d731f5ca092e0e2f8d86977c99b925096a67cde7aeecc9837d00
811,3.1416208744049072,0.7664881348609924,420f1a8d3c6aea8e2147e9a485f16f0de6fafd30dcf16b58df1b41414d3f70f7
812,3.069772720336914,0.8088589906692505,8c020b43494fb6ca6624bfaed4de2be88454b09a0d304eda7a55c2cbe2c05143
813,3.2138335704803467,0.7743507027626038,abb8066039226c63971374edb405a5b7ee1fe817af7547a4c9bc0758ed555dc8
814,3.1970579624176025,0.790543794631958,9663a9b2d5e5ad88b01f51e3a8378c035ff79308c14c30d5bef76a0c6696042f
815,3.1433181762695312,0.7084976434707642,1b330602bd257602b2a0afff2e1903f8e3cec29ee1cd4cd97be2ed6801807668
816,3.1556777954101562,0.7879917621612549,e11169e89002a0387b1b454ca59c6ef8d4950dc9dfe033183cdd3ba28d99d840
817,3.1341404914855957,0.7009426355361938,a509edd3f7d4637f6b3ce13ebbcbcd842ad5fc08eb2c3d4f4cf4d5cb043cbd54
818,3.2252275943756104,0.7818780541419983,34790a5442d0d55b6f190436b420825594a7da313684c058b894cf86fa9967ff
819,3.206108570098877,0.7083449959754944,6ca5394cd3eb0bad957e508093a639be92bac046a64580be0aa78c9e4397dcab
820,3.1910574436187744,0.7007795572280884,1b76d467ba37ce79c82ce5ff397587687864407c6f3d90924b55389a2c262114
821,3.0910801887512207,0.7313690781593323,4a2e75cac1e2e9a2369686358029f129641e4cbd58959bb64b81b125bb65c947
822,3.1848645210266113,0.7289586067199707,aa35f57d1d030191a4691ca540499c46290ce43aaa7bd188b5f2e52e18644a6e
823,3.1964802742004395,0.7848612666130066,9ada15cccdbd60295e76cdf7ea005b87d517583d4000346d57467b3b0544d59a
824,3.18047833442688,0.7710694670677185,5eefa0235ac0cb0e8cffe459e425586bf8f070a927671cbbca4b50eae0ca50c4
825,3.065333843231201,0.8674459457397461,b8a4fd09d301f74e456b512a65b18ee566d7aa6275a3d941b10f0ed9647019e1
826,3.1618223190307617,0.8240267038345337,f1a5bcc36b4fb658994817a7fac7a3f520b121eee8d256b6eff2dc64fbecb55c
827,3.149125337600708,0.7842462658882141,4d424917220e43a182939624e938ed9f1b532bac24d59fab59f147c7320c50fc
828,3.131683349609375,0.8055444955825806,4895480f8a395aa04e2466e5256f09cd430dd467467b232de251d9c85e171612
829,3.006448745727539,0.7716090679168701,cd30891ef164bc37680b8c017d02c24b12e7807368986be6d56366aa930d3e04
830,3.1176605224609375,0.7876510620117188,ff05a83d83bcbf1d95bbda4a1bddfe5bc766121945503e6f5b804ad3186d6845
831,3.046018362045288,0.7540072798728943,d36a85bc00c34bf3f732482c789b25f1d32986617338a8005f70b684fb9b18ea
832,3.1931214332580566,0.7167097926139832,9aaf65c317b6c36045ccba6b63e1adbdbfc96525675abb8788ca072219fdb812
833,3.1656839847564697,0.7275423407554626,d1c777eaa770bb86d12b56b1ffb675b32b5d7931bbba786a646d9f07b7ee230a
834,3.167569160461426,0.8323785662651062,e48c1b0a6c179e538b4cda85a0504ad352d9c58a9439527f7f4f943aa56a74d6
835,3.2018322944641113,0.7329204082489014,0330d216be40899ba4007a991369cc2c7db070d7ada3a774f1bf3c081c49fe7a
836,3.232806444168091,0.8683251142501831,e65ce0a21bfd5947f6731d73f7b36b7e46ad17a9d153b882165ecd2edd4483c2
837,3.1792330741882324,0.8346766233444214,7bc03b464c3476969c0d18390cc8026278ec485baec95018590775dde8ab8881
838,2.9416325092315674,0.8306655883789062,aaf9da375a1f14c5aadfec078239e0e361872c87185b52bb70cc660eb6f7e22e
839,2.9587056636810303,0.7161896824836731,19980921a3cbedfd744ea5776da547772520a6008f77c9eb150866bb32728722
840,3.086238384246826,0.7401988506317139,f41eaa569427d2d6e87c6ce5f8aeb355ba304bf0e4725b28aa16f3cc8fd4ca9c
841,3.141716718673706,0.8875246047973633,e8c0cc7789b33c7ffda2e5d7733b3e4f30ff5c03d1b7829bf01831a4925f4a6a
842,3.2235090732574463,0.7346776723861694,9c6d2f27887ffc40270a31a30a36dd91f4ec2db3283d4d793547d71609b6360b
843,3.0280611515045166,0.83075350522995,0ec67e7d4662785dc9e4541f4be4ed5d7e6bb07db9a799f16e908c2ab7abc409
844,3.108079433441162,0.9064496159553528,cbf41d59893df9b7a4ba92a58e2e76d1c14ee531732dec630036bfb38a4e880c
845,3.1040899753570557,0.9217212200164795,86054a77aee5031771d1e59b4aee46d4f21e6232fbbb993803b2609759f283b0
846,3.096142530441284,0.7683750987052917,1b3756bd49b827787db9ac16943606ba47859f8e6511feba7911f721c8195af6
847,3.2313082218170166,0.9296861290931702,0385df673ab4e285894fb57c72084b15acf57c7064af3b5fc176a2be50edbe91
848,3.1674063205718994,0.7620386481285095,71983fd156aeaa4fa820b601e7bfa759bc525ab3d5bab75af7cb32f297de1ae0
849,3.137690305709839,0.8160513639450073,ba1d1f268e99e6dd848fea6843c2f64a35aa0481d45cc0b8d8e85ca8ef1c083a
850,3.267348527908325,0.7540406584739685,7dd60e23c7befe26c6abd8bbd02b939e02720f17bb7a7ba385a232e4f56ae34a
851,3.161689281463623,0.7862198948860168,482d619c7cb0b1c8296bad3e8d7868d5fac78bf0fbd8a0edd29e6dfe0097af01
852,3.1573967933654785,0.7391776442527771,4641a23b2af999939daedcebb6d99440063b5f9d7a9fb1321c5e7802bf37aded
853,3.187671661376953,0.8743033409118652,429e618b8a356d9077257de69d47a63b0d3031a9d8b2dc8e635b5db0e10fd74b
854,3.1190619468688965,0.8163335919380188,bb1b44f78a83be718d18cafa58d1d7bad9f0718af15069fcd6b0217b52d9cbf4
855,2.975510835647583,0.7696664929389954,9085da9a0a84bed1643b3ff670a8db9735c7e43f4cb732a566daf63f10753371
856,3.153803825378418,0.8042684197425842,1de08e971f48d9775e7a22acd2c180660a4161f4b1cbcefeaf9ead8a8fbf6395
857,3.1851885318756104,0.7960749864578247,1f701cd6e6c415b63461732d88241af33d92e05724696e91db935c08ffe4b535
858,3.0713119506835938,0.8358572721481323,964fb634e5c974816d9cf548c83deae341a7bb4b4315cc1886816e74b992c6d0
859,2.8977255821228027,0.7092788219451904,9bff5929abaa01e6763dfc674d5ad931b579b3bf97171a5b844305793604097e
860,3.117135763168335,0.6913127899169922,7539bb3615eabdb88946e97350160b88699c6c16e1737a90666655bd7d9521da
861,3.1840147972106934,0.8199471235275269,fa9c19631e3d38daeffc35ae970ab4d8251a0e851860861f49eafb810aa63028
862,3.054215431213379,0.722372829914093,ff30583ad0fe1cd5acb2c1d56705c0ce1f614f668b4fad16c7342b07455161cc
863,3.1709213256835938,0.9198802709579468,62580430f381589ea251094d0183ae38a1fc115330e571aaf42638e8334190eb
864,3.0553531646728516,0.7872008681297302,fee49909a471c1c93ec60abfcc8501a4515157db57ddd8e98f616336927a8dd4
865,3.055245876312256,0.7654709815979004,55b4bf6b712ab851099d62e55a596964f62a60abe3e65e5c5e51b8d82390f548
866,3.1009767055511475,0.723037600517273,8a0e79350de82da2bd4a16a7cb35a42ccb2cc53926c1087ed87fc802afc621d5
867,3.002742290496826,0.8653601408004761,3c3fe2c17aa6e9dcf2fd86719e5bc3edef3abb7a7a49d66cdbd9dade8a6c6d8f
868,2.982771396636963,0.6985902190208435,c4e6363f011bfedea8cf6ddebef2ca72a31426ba20ee1e016676571032970db6
869,3.077204704284668,0.781138002872467,49bce9a07ad2458da5a268f673f5fb0437adc625abe819b2191071cb351b376a
870,3.1151907444000244,0.7391745448112488,c3bb6e499415be308fe08edb3d2615c3b89a914b0d876a567bf327c4f56e51f1
871,3.0749740600585938,0.903775691986084,52c0b5ed2bcccf6afec56c30eee84d1856596ea439d0335e10c26d41c7b52b0e
872,3.2330098152160645,0.7793274521827698,c92ab3d05c0ab398735c9fb4ab571f2492c84f1c9984bfc2e9a53b0f6dcbdd18
873,3.1275343894958496,0.7459676861763,6cd2e69639bf7ef4aa30ba39eb8f8946d9d27365481da9fe843668b295906de4
874,3.049506902694702,0.7908816337585449,5cdca17144fd5a01a72e8954a40eb4dc35e0ff50ec8127af234b793eff50716b
875,3.046295166015625,0.7978761196136475,825ca95400a1547e8f8b421d9e1f560ac8254022be19a652bf68b78e8750926a
876,3.2976512908935547,0.7611467242240906,4755803720c548cfc1905cd02ab3786ff024158ede87c23c44e7765039d462b0
877,3.085463762283325,0.7276540398597717,f33d6ad3f0329623229ac1dbafbbad4d75844699893fefa024a1acf2abf7c2f9
878,3.0658271312713623,0.7349937558174133,b2259d569750f1c39c250bde083d2ab352072d809b1bc86d2c8e30794bdac7a0
879,3.1450836658477783,0.7330210208892822,0cd0dd3fddab82162f3bd05f790e469284d52d70304e35d183fcd24a3f1272a7
880,2.9773313999176025,0.7501308917999268,86a17e0db23632d82a7ba192a88f4e5a37756e23e19a6812e0b567788e258354
881,3.0599358081817627,0.7961443066596985,935e6a935128f45ee13a9dae2f57c3bb5610fa14bd754476720a588b142f2463
882,3.0078344345092773,0.6678194999694824,89c215a21f99c08baaf38266570a8b2e85d7f98d07a2d3ac868ea830f0ef6bbf
883,3.126469373703003,0.9754582047462463,339bd211fb701dfff8a630347669da298ee72a560f418090fc136fb666a2d274
884,3.055647134780884,0.8264458179473877,4a31064396bd87cd6312db1bd8f148d5f9f6abf7dab640ced451557fe2514181
885,3.110719680786133,1.0349637269973755,31fee9ff532d10b93e8d3ad031d4328a8921a7bf8fe20a72107c623a581de195
886,3.1531312465667725,0.6457067728042603,5ad86f53496fdcdedc94d5938d1b2d49aa92d121a53631349a773fe9989bcf2f
887,3.122905969619751,0.8466852903366089,8111aa6a342001ac741bfbb091b7062c979bd4dfdb971ec23e8f064ec73cdad5
888,3.0909957885742188,0.8270457983016968,a0db98e08825c282047c120510b9fdf162cca412899d5b8d43e00ae981f6771d
889,3.1480398178100586,0.9405176639556885,07f5870bce812e3c26b7cb409422b293d154c9b5a808860d2cd2465ba6df5378
890,3.1397929191589355,0.8483158349990845,d5921c4a11e61455eb02ac823b90b17fdb4696f967c0f4f474b976fc0b2e0bf3
891,3.0525119304656982,0.8498939275741577,61be64b2be819d1203ce9adcc9fb2199b7ddf3de0393ea29a85c9a83794ffca3
892,2.9902265071868896,0.8766316771507263,cbdb495d25e6222b2b5a0f03f7f2e9f63274646e61213126265c0eefe89dbc0b
893,3.109004020690918,0.8449700474739075,d0b5071f498621a2e30c9c305416d5fb2cbf816aa39886027b736779724df857
894,3.194908380508423,0.8776182532310486,613a118f5df43fe6895663c193d0dcd2b641a4f7d2dca5f1868710d14cb4c24f
895,3.138136625289917,0.7273011207580566,d22c509fbbd2e6b0c41ff1c36d8fcd982f10abc42c5125719cec55d12d8f9826
896,3.098721742630005,0.8105713129043579,a6a892f1ea6e7b64006fbf2d64d2c4747791a4f0c9f5a3ce411d5f4229e73fc0
897,3.094654083251953,0.8635081648826599,b49dceb2abb7fce7928c2183d4da9c79eecad99b29e75c980c022f5c6b5855c2
898,3.0501086711883545,0.8898704051971436,b94891b97dc7e20e53f76c3eed0a1c323df36e799245de706014fba4739a6697
899,3.095628023147583,0.728696882724762,4e291f849bc2a605accac2df3e89876f040be706ef366a8f81c2022cc369514e
900,3.021057367324829,0.8611368536949158,2de44db0477834c10018bd719908aa04dfd993c6983f0ac65bb69d9794722871
901,3.221017837524414,0.828813910484314,8dd39ba0b17639326de993480cb18e6af2558931f55904875d3f6c11249663f7
902,3.0550239086151123,0.901322066783905,dc51c79c64eaaede083f2a0200cf8b15adb5f7e48518b7ae1fa83664ae1039d6
903,3.068593740463257,0.7292582392692566,fed73dddfade023052ba7ab8211c573eb0db22af59d7da5784b3dbc2aa18957a
904,3.0752038955688477,0.7982375621795654,d073a54f398bc0872ef07a11f0495271e7a37c25ee07ad499ce86ee3968fd349
905,3.0030648708343506,0.7736103534698486,bc5e7f1bcc7df456b21a91e6e0052e66225b1686eaac824ddb487ba22c631ee4
906,3.121516704559326,0.8402246832847595,6454473fb4dbf0acb3e64bb5b5c42377a85dec1d48b50f2ac40c56e621ed2402
907,3.185332775115967,0.7846741080284119,0a81cea350d597444c5941229ffcebf3bb7bf09c7da73d49c98c0cb5c35c8234
908,3.025317907333374,0.9983227252960205,e92a99c331d7346b38fc87d29e89da056227440e17ca5eaf1d70ce1f7555e9ff
909,3.107529401779175,0.7715969085693359,491bc1da74b9d2abfdcf404971b17a1a1465bb76284d4781558ae47be1ad48d0
910,3.167782783508301,0.8105440735816956,e69eaf247d4e65e7a1bad7081a3cc6d0e580701220ce959ff4d316d400f39f60
911,3.1287858486175537,0.7518749833106995,fda6412d7a433096c8e8fb5b9b54caac3697c909b90aec2e449657ce0f84cf33
912,2.9965503215789795,0.8277665972709656,2d9964aa0bc75cb323116a4fbc4fe60b89c4d7f7297a7efaf38bed1c1efc0055
913,3.0799245834350586,0.7660464644432068,4604c2e3c9b949938c8b3a002a13a6d2511d46de3deb59821ae8fd6df09d114a
914,2.884551763534546,0.7381319999694824,23047e100f947bb3d540a0769b1860c3bc6bde906631e88b4cdafe757ac36c89
915,3.126229763031006,0.7773876786231995,23d444abf3ea0d17adf0dd649e1420dd1496b1a4ac7edfad3549c1d384960680
916,3.05385422706604,0.8098574876785278,2245a7dca03ed7114c7ed0532d1bd45f81a811c90a505f31993f8672a86f9b80
917,3.0986361503601074,0.9731681942939758,0ded50eea8b637da30d6e5f3128f68808540670db21f89c43cfc631d9c4ba24e
918,3.028942823410034,0.6816714406013489,7a124ced5edf840b2387a6198e36b6e4ee9008220ecddc879893cbf190d198ed
919,3.1273860931396484,0.8746920824050903,fc697c5b9833c6017a5c13835e1202d95156554740c7bbd381a7b796e2dc1787
920,3.1444432735443115,0.9398128390312195,fb950d7e30ede2c3b928f1150a3ffa93d4f3878895a15800da82bb0ee42504c0
921,3.0989432334899902,0.8642165064811707,c7b39ed05bc582ac45cb7073ebfe192901c6d461d035938034424205f4a89a02
922,3.0777883529663086,0.9374366998672485,54ba0482a46a536eb63107ec9db5b9f759029736a78143e4e10d2fe81800c4a7
923,3.076383113861084,0.8431873321533203,3ab4b17394d9414e4608230f7364a9d8a704f7c7dcab8ccadc28bae5fc6065b5
924,3.052767515182495,0.9200897812843323,e86a7447d5a6ad2c50d2b26172674e3e8ed4ecaf7b3b9f2c416be3b44e75e21a
925,3.085354804992676,0.8687906265258789,2fb13ec98fa7a03a7652d3d37bc74b2f809492c2c19eca7b3394f1edf6ee3872
926,3.13926362991333,0.891572892665863,043e5c57cd60ac472d15f78cdc0963df8efaaf52d4f7188e302dd6bfa9537270
927,3.003809928894043,0.8713881373405457,e2e355cb9752c5fd9f32abd9a9f92203cd580db9650e628086208f9356537d96
928,3.1070375442504883,0.7573619484901428,8669c00815dea907d2d5ccb1b173ed1e4150ceb72b99a14473ef97a0873c4534
929,3.0043201446533203,0.9299666285514832,f8d02c242ee0f9db01bfad86fa720f7dce0019b172204ced733edd1172fa2230
930,3.012582778930664,0.7252826690673828,95b7737b5b4ababe5e42209d948cf05769bb5b9769f84ba9548d144ca7a904d1
931,3.025413751602173,0.8349226117134094,bcc890e17be899c64c498fe2703c48e482baf818801d3932472c29c5911ceb6c
932,3.100971221923828,0.7226003408432007,40f02acb756cedd2b14c9fc493a46e463462a6e1f642d43cbd35432aa0c5e46b
933,3.027785062789917,0.7733556032180786,fb7ce9d7c172f5a1742d0bbeab2f1f8392e38b361c120c1c2ba1955486c3fe0c
934,3.1195788383483887,0.7950039505958557,43a70410271f62a7307648ab5eb6abcbc6bbe7e7850ea347c809c7324057fe5b
935,3.102450370788574,0.7809054851531982,c44c1f6acc6f3957f5367eb2fa0d5ce3b172ca83b0a84f51260e60d044f6aa69
936,3.0145797729492188,0.7732224464416504,14208bfa3231125a41d50b974d1f777b5ed1d0a126f926707f09651cbfe0cdd7
937,2.9476990699768066,0.9794921278953552,ef72331e99fceaa2b12ee10c5a32cc3c4533585a301206b7949e3ad51bc0b90d
938,3.041196346282959,0.7486591339111328,b341d933fe58454ab029720822f480918ee53c3e96820de4c398a3f1a0d60672
939,3.183046579360962,0.9566448330879211,af2a65bd66674faa8dbf03ea8a74be3fdce15f8f154293a3bc0538c908fbf956
940,3.046675205230713,0.7946592569351196,d1b64d4b8620544c970067e8ec60b12929d1c764071ee6d2116cc58d87c58639
941,3.03729510307312,0.8610920310020447,4760acb4374b19a2e5cb96c846428cd6c7eac5778a33b8a5e919284ff217a1a1
942,2.921931028366089,0.7031442523002625,8ae4aa66c2d8cf4c976f2b43f5dd070796e8931938819b6c6ad1db646f36174d
943,3.0838236808776855,0.8215785622596741,3912a0c873f4df423edd048c676025643d96ffabae9fee42fd451dba6d5f97a8
944,3.0200302600860596,0.7971019148826599,9e34bf8447489589f4f2dc4e0bf626af950ee08d3d6cd51e4fb746f608df9a35
945,3.1468453407287598,0.7725095748901367,0664eee58d5263026ad872400b094b8062944e9ec629fdbdf1ed18809297bbb6
946,2.9534411430358887,0.7359436750411987,041c64f79340fac5019ee4cd085a5c8f96fd6571d4d10a942a6dba154f69733f
947,3.024156093597412,0.7811952829360962,d35e49ba81bbbb681bf3ab4f5e42ca673ce173df2d1067a2f51e6a393e022462
948,3.0971157550811768,0.684967041015625,558eb070c6985bffa843a8ca7bf13d0e7a3c15107cd8cec249005593b8dbb5e4
949,3.0994019508361816,0.7992836833000183,b522cb7a07caf5771697fca99bc6ae5b5f021cbbd961956d0d5fa82fa06583fc
950,3.085167646408081,0.7723613381385803,74aeee89106ce553f4f42046418149e4fc82e97aac18aaf26cb86980eba30859
951,3.119849681854248,0.7922319769859314,0c5c9dad2bddd4057ddacee7b1bed0667abe95d75f9cccec3ca1774c37c3f817
952,3.0967886447906494,0.8782777786254883,52c53d14c0eafe7241f3430f83f25ef08687cb0af810fc8665d063e72e999935
953,2.999680519104004,0.7656008005142212,0d1f1e1c18f6e4d95e2f64bf89e8feb65933c89c011d1bd88f42ec7312520ade
954,2.915492534637451,0.8317708969116211,79c81b59669271296f46dc6bca727f51e9daa6f8d6288df444e99339d0215e68
955,2.9778573513031006,0.7044665217399597,4276c65afb0fd0b68640a925f9c2897165cc1e6f2ffb05114197b4de6af7a26b
956,3.0371179580688477,0.7971459627151489,47d965d9cc5f06a1db8e23ae5e10661ffd20e732f43af08694502d8114b9062b
957,3.1316988468170166,0.7852686047554016,2861eaa4cc4b2de974dd72cf206e23cfa7c6525fb8b193ea43395da90903b42a
958,3.0284268856048584,0.8993327021598816,faab17f9a02ed6e50457baab83ca8420bf440593b648ee7115778595bc083d3b
959,3.1005704402923584,0.7366982698440552,f426a8194d9f65a93cf436bc40ee6c7e5b9711961e7d91268bce39fb2bcaee9a
960,2.9370875358581543,0.7213912010192871,b0a5ea4251eb653efd022a64e5d260cef4da6ddb97e5d4e327d047ce4af73466
961,3.0617289543151855,0.7987226247787476,d6a98e43d1ef34473dc25ed424d3fe9f4b20bb42f74058df613afa5214b8e150
962,3.069579839706421,0.7224514484405518,3f2ea824c30c6282edc439355498dca834bb85046c52da599cffc4d2b82d1c87
963,3.029736280441284,0.8313825130462646,c99b1f56ab56c97bc4824a87793888ff6df3fe44dbdf7eae6eb5e8cbd760efbf
964,3.005558729171753,0.7192487120628357,2093657531957c77f02a35db81c1877fecdde05240aac1a1a2caa660965d08c5
965,2.9901039600372314,0.7243221402168274,07fe8519a6833d819883f5c0971578b6a6be5b15a190cb2b50c69e6da13c303d
966,3.040966272354126,0.7750792503356934,fb4a2ab39d3b4066ace7ad52e29d52185098b67e1c5d5a2fa7fa81c92babd85e
967,3.077646493911743,0.7764277458190918,1ffdf13177b6a5574bb6070f3034042ff920efce593a821d80c5c2235a428269
968,3.007894992828369,0.9673040509223938,1740d0df2caf0a0f09cdab9a8111b407c911bc1d204e457c2c469db8aee9827b
969,3.0283706188201904,0.8101286888122559,38d6ef5278781f5d53a75cf86fda251bae80b35364637c62919324b726753c59
970,3.0030179023742676,0.7895491123199463,27c41e0952686229b2459199af952a544cfc36d0048c661eca237d2f737aa011
971,2.978616952896118,0.8451812267303467,68d1040872bed6c0bc515accb334739c5fd58271f37ac03c2a7d5a6a766db1a1
972,3.069467306137085,0.931343138217926,ddfa8831d80e75481fd4094abc7146874dd0ae804525d6a6cd12dc257ae43555
973,2.993569850921631,0.7401232719421387,cf181ae9ac1ac5e4d2768ed3089fc9cc0f69c2df573f9524f002cc1e364ae16c
974,3.0932953357696533,1.007068395614624,b79f467483c36313fbe33af90d9f37da045ea1b2db145090cf91455a2530f64a
975,2.8569083213806152,0.8320348262786865,b4fb0804dd438a329ddcf4fa4124e1ac6f7b899e8036941a596a064f126257cd
976,3.0278375148773193,0.9220834970474243,0029e30e013dc06cfd870ce3c7f6f51b691d6c7e00227bbb6da67ab4c3177d43
977,2.940892219543457,0.8690118193626404,5efbd53b725639c3c897b8d05eec4ef3db9a11bf24a3da8e116a677bcef3914e
978,2.9347968101501465,1.0042428970336914,d749595bb18d9ed735337df0fdbe7afb61d143b5204802f26bb0e50e75c25fba
979,3.1173367500305176,0.8213204741477966,22f8db2768ce6c6c0c91ea41a7eec2df782244beb456ea77c997b240059c2621
980,2.962773084640503,0.7627721428871155,6e2f5a2aed8f6e9162ea79fb6c15adf42844dd75054042b16c4d4b93a0fe53b1
981,3.118849992752075,0.8543619513511658,2522cb7830cd286d94f9cc35ba4ca814953a36cd3ff2bea98276c1ebe8d4afeb
982,3.0355043411254883,0.8033868670463562,f8fd7066af3f3e1171bf5cdef9f35f82e41c6280dd977bbe7f28080baede6868
983,3.009434700012207,0.834123969078064,dda58253177cc788e05cfb8f91d4ff8d5662f08c0edd3888fbe6a57e2ebf0fd8
984,2.9971296787261963,0.7886375784873962,180053bcf03974b0e2345c93166f13f1ef5d15dd1169e002c3b7470018966e87
985,3.1183907985687256,0.9423633217811584,e0922abef6d145634b0a941bf426764046e51cfd544832a20e1936827692d9e1
986,3.013136148452759,0.8917229771614075,c452a350e8f1791fb4ba2f3120e7b52f380b27ed236e427505c2d3c4a58ab869
987,3.111011266708374,0.829868733882904,085bad1e12f241c4b3b37086662392134fe9e8ff83c511cf0765d8ea1bc90368
988,3.0466160774230957,0.9860749840736389,f960e2bc1ec5459744bc56bdb0447f0a4d69047e04d838b2789abba61f4000f6
989,2.9855833053588867,0.7639064192771912,2e15090a8a3ce0bb13abb92bf91c098ef9d8fa9419f1f8228a9852a7b2d40f8c
990,2.916341543197632,0.8434082269668579,6a0c31ce0000c9d3100381cdd60bb9cda4d1cea36e4a65048cb30cc3c4b6d415
991,2.9073469638824463,0.8027253150939941,f486284844fa44863abdf366c257d1e93f1923f7c175598f47288ff70b8053a5
992,3.05212140083313,0.6762778162956238,25b1ad8bfb402fd35bdd1ee98259da2c1a35b824e181bba3d04f921d0ac44db3
993,3.051992654800415,0.8849591016769409,773ee9f023fd6505bc34ef1022e242c0d4f7d8828a41f312270246d854c20c5e
994,2.976499557495117,0.7546054124832153,f3175246f40898b5cbd66cf0dfa30b74ea66065fde7126908a584df70f1cb611
995,3.027176856994629,0.7871099710464478,a992733102142d26f259e618fba8896fe9029d2a3653fc1b4873616de4cf0de4
996,3.049797296524048,0.8699296116828918,c0c50a515a114252c33ff4f3510de48ab0e3953d6e26cd6d64a68d6bff193cbe
997,3.1184799671173096,0.7491772174835205,cf3aacd247dcceee49c4dfa9af94139bc16f55878d382bc1c617edf267d4f17e
998,2.878746509552002,0.8206939697265625,21a9ccd065dc361aa140ebf476659503d0b6793723f92459393fca4a96665c50
999,2.96763014793396,0.9264378547668457,f81379d1818cd6d120e25ace1f745bf7337f68dbe196bbf1959916b3d310e81a
1000,2.999340772628784,0.7555583119392395,d2f2390debdc48f80167e5266f3f54a47cda0f15747b59ba8eabdf9ad150bc4b
1001,2.8965682983398438,0.9750219583511353,e708aae2f270017ffb183bbb307857b7a0b91be0855b16b6d092b250ab18dec7
