step,loss,grad_norm,batch_starts_sha256
1,8.324520111083984,2.055480718612671,ec66205d2fb063ece0b453884e8f1bf64e5b45d18fb590885e8390e532cb10b3
2,8.323397636413574,2.136544942855835,54e033420c9bcf36d8d595d2f07cee179bac84eb3d9778b7cc10c9b872083756
3,8.31353759765625,2.242990016937256,b7417221291a54cbbb14b32ca3816e2685cea6283ad562f931a33ea9c26c448d
4,8.312427520751953,2.1156420707702637,f8a9d8dbba593c432fa3e7b5d45940aa960f78b73c70fb22453434f01ea879ac
5,8.308815002441406,2.1991360187530518,9e432ca7167e13e6a8493d0bc7a26bf3f2d81af86082a2bedcf8d6176500a534
6,8.30849838256836,2.0702462196350098,439a5489d175a3e3c2b4ae55cbfdb68ca04cbac17bc514bdf96b8beebb6976ee
7,8.304000854492188,2.1263418197631836,ca29887eecc20ca330fa1e166f1e309394ac0affaff1c85bf603ae609f02cce4
8,8.291386604309082,2.1381642818450928,beb314b0e641766269bbda16ff460654122aace1965fcf7fbaa7745dcc99043d
9,8.28662395477295,2.1867575645446777,934e9aaf8c7610c855d3d683fd2880dd685918b93c99eb3e658446f9ca1aa9a5
10,8.277582168579102,2.116727828979492,c7afaae9db31a949b7b0c4cce51d87ddd5ac8bf416fec9b813fe5349621cf276
11,8.275110244750977,2.1777594089508057,d525b9426df17884615ac30956a754fa3e2bec1b66ed74aeb2cd843b136363d6
12,8.262372970581055,2.2261996269226074,e41192cfa7fb4bb90ea10da43951e5b64ff8b1fd9a66fb98a1248c1caf627814
13,8.252890586853027,2.0644803047180176,f446abdb0f45e3d8ae93e565316eb58c1d918713a61c95938f2d22e5416ff21f
14,8.2337064743042,2.0605921745300293,3958aa3b8bfd6a7ad5ae0d8e13a22bc286b4a8fdc182b8d1fb4d9356abc4de33
15,8.233893394470215,1.9983552694320679,619fb6b39692c0c8319072d8a1e02b58ba585e8ce4ed133684a41f1ef3128bd7
16,8.220820426940918,1.9083144664764404,268ebdc1833152a2f48b3722fbd582a1c827c11fd4827d8b16b3b7a615394108
17,8.215749740600586,1.7151944637298584,7a1c064f80ece5197af3837e9d725e20b789a1e089b0d2499db7159ba9b24c5b
18,8.19177532196045,1.819326400756836,0fb83c3dca650609520af4ca7b2852ad9920ad84ed6ce40d416144d6a7bbbf3b
19,8.190873146057129,1.7631255388259888,0aaeb3fa5d51456358c6d648e4229cad3028f19d6a368deed9eb80cb8f97c64d
20,8.173641204833984,1.6528371572494507,b929d4cb6efb2475dba697471269b7608b073ce0959da95c1209b0d9b00709b3
21,8.154986381530762,1.6901284456253052,d7e5a2daf33a40eb8a5cc1a04047b4ddaf48a8afc1b4fb6c7dd688e12886d10f
22,8.145905494689941,1.6008753776550293,3ebdda8d280c6989337771db7cbf936d57f89adb856a0777cb9f0fbf936c819d
23,8.135783195495605,1.4867023229599,3da31a71d5d2d312be3a237e30f422dc29eb9b369ba997a3e7ee34df780564dd
24,8.13361930847168,1.416469693183899,4853b1c49aa4807e82c7498ac28373ffa014f461fd401d342a628c7f12236ab2
25,8.11844539642334,1.3942811489105225,a2c1082420b59fddabb8cc06bc4f657fe47354d617b678e117be7d99a091f4cf
26,8.08700942993164,1.4668970108032227,4bc4753ca634751890e2297a981dafac82f2b08de044da188aa708916548710e
27,8.08627986907959,1.3733495473861694,ed5739de2cf6faf73605ad1bd6890951621ea510eba37b64534f3665c947936f
28,8.078412055969238,1.3440183401107788,5c12c3b16dfe7d2d406ac1c5fb11ce0a6b7b380cbd127cf9384df62897f4eb0d
29,8.084552764892578,1.26939058303833,1fd392ff92ad9f3e1dc6cc87adaf56209dfa0e78674fa8aa04ae699b89303f55
30,8.069931030273438,1.291718602180481,509ca3671ba0f906c970f0fe2b78acd0dbd1bacb6f86d5c9f9e65c88908e9e36
31,8.041311264038086,1.3365026712417603,9c449132d41db4036161789ac2b20504238c3544a8bfe8fa9aed013ed4151f61
32,8.034933090209961,1.2950634956359863,95957ce0e311ba1ef6dd46f8fc99fcdcef86134706266b3a71324ee97b637eee
33,8.027238845825195,1.2889703512191772,c04dd77c3bfab58bd088175e8b4ce1f18de4c9b3915da154d25b3bad542a7794
34,8.010921478271484,1.3074568510055542,d59a0bd5e520d360b4f95ad7cee0f043881583a597cc2545ab9d9addda03eb24
35,8.003284454345703,1.2947436571121216,5a9bc33001ea04927dba6e92cda09630bffdf49ea2ccb74d7aa38134e8d86113
36,8.005006790161133,1.2506598234176636,596d02ec2b6bf39ef92ae0bfb8b84076f828f09bebe34aea0078fd8d63037fec
37,7.979348659515381,1.3161637783050537,33f0505c6025efe4b7ce33a8135ef80a06362c78edfcaee02d32d96c89f9ad85
38,7.9922919273376465,1.246543526649475,ed1e132ef1f928b0e358120874965d849d261dccf2c7b2060a4a6205ea2ac25f
39,7.991287708282471,1.2352547645568848,610cdb168ab49c22ef5dde7b23e6b728610063438434cba9d4d43a5c3dc77f2d
40,7.966470241546631,1.2618217468261719,f3d349e8e2b3f5e91f49beb409ecc84de94644c60b2443e6300677eb3445d210
41,7.961367130279541,1.2538058757781982,b37b5d03c731222e19e786b707ee871b711315327dc19a5a1fc0d2a2b5390b12
42,7.948416709899902,1.2577264308929443,2f802ee0909bbb77d0f6b83c606a377665f2216deb40034ef5abe7e326cbc8a3
43,7.94777250289917,1.226385474205017,05fa94b12b27ed6b4eb4cc509c6c6649896e1432b356b47db98576c045346162
44,7.942299842834473,1.2388907670974731,38c3c939d06623e8a9ad163db25978db92452fd19df6d3cffe8133cd5a1449e5
45,7.929498672485352,1.2631384134292603,e2adb230ccedacb77a8e8857ecc068ae1bd0b603a5aa824769cddc3ff0c5c595
46,7.929168224334717,1.2355189323425293,52c9d859b991501bd1754a975ae31d9be2d334d78f20c302d05e87e9edf18ee7
47,7.909761428833008,1.2674716711044312,c3e354f2ede24d0480dfbe520295807b14694388f9aa6d26039368b34eca583e
48,7.913177490234375,1.2286640405654907,4aabeb5b4034af9820380237ce598bbd821fe32977c83dfef73838cd40f38bf6
49,7.904487609863281,1.2156959772109985,6c18bb4d1cf20efa866682466646bb494aee782c09845227afcf5d3080028b06
50,7.88414192199707,1.2685974836349487,16c0d39798d2624358480046ab72f87ff7ce004cbbc3b3b410579fd3e4d98db4
51,7.857786178588867,1.3020942211151123,e0007e8750ae94565926110423413d85448121995de95a658308b81f66b94882
52,7.864297866821289,1.2601159811019897,e74ef087290b91682d3b9e44403df784c4dab358785db11b5caf394564ceb962
53,7.848924160003662,1.3004099130630493,1d6e6e0825faa9366a91e9c098c1e068f81e59c6a70ed9f4240c7a23b0702dd1
54,7.851258277893066,1.2623183727264404,e88377a20a32aedafefaa9e6684898709f86c4f2f5256cdc4b8aac90a9192dd6
55,7.849851608276367,1.2435120344161987,c7b6329a7ef5e99d302e965920620cca36c101e74b7d68890e6f43026bd3dda9
56,7.8177876472473145,1.2763149738311768,67343cf152b04ef82ea820cab6dcb78cf3b72acf5ab7bb0260e34e3f7d8f3aec
57,7.826661109924316,1.2431130409240723,2b71a85c900b804067f155c9c2671ea95afa9650c5a763e444086c316f189163
58,7.801280975341797,1.282941222190857,3c9dd8e8d457e60be37ccc76cd5e06cefa2da561b30033619bf2feb30a6d20b3
59,7.808216094970703,1.2529889345169067,2c9bedf79577e538f518cc0f3503aeaf2a276b0ec579205fc80a1ee565020980
60,7.771121501922607,1.304764747619629,9ae354c8f405d0142cc069d8660bed6178914b8c4478d5507d5a6cb6d05ddddd
61,7.793475151062012,1.21974778175354,6e89fc7413b599d59d1a6dfb1053babe0af282bb196fa0be9143d7e46caf5f45
62,7.785801887512207,1.2254096269607544,671dc8fad5a01cd3fa84d821994ec432560c9ad60ed217d83035c6da0c7915f3
63,7.767566680908203,1.2536866664886475,53794e84b907302d1b9212b7ffb2485b14632638f01133314d714febdcdab110
64,7.759297847747803,1.256479263305664,2172718e03cc8b73a113128e997ab49036a8485ddf56c92b09e5f36a21d1306e
65,7.745745658874512,1.231151819229126,6d515c6f318b9930bc4a3ac26e03446cab1cf56523e030b8ed5639ea3eed919e
66,7.716052055358887,1.293188214302063,3e321901dc4fcefda2333eaa1337e3d05842f0510b2642041b4ab0c1271b947a
67,7.696503639221191,1.28974449634552,950fd91071525c4934f7a3f55a3618563dc42a634002cb9744891ff9878557cf
68,7.712581157684326,1.2417759895324707,2fb5be99d5d2c1f45fa11aebc670040573f21727050eff0b7f4667b0fb0289f4
69,7.685060501098633,1.2629940509796143,c92cc48af983ff8206bbab6abef28c54005d89c361a50705fb9c646858eb3526
70,7.68141508102417,1.231111764907837,85cfb444361e506d29fd773a16bdfe3f1d8e6a59edb54ab7584056bb7a892bff
71,7.667520523071289,1.2430943250656128,96bbf47aee6b61b55cacfc08455219f017d02436daa81fdc7484cd6f15c289b7
72,7.656649112701416,1.2297402620315552,2b11fcdcb8ee41fc0b0b6b46fac54e8790e947e540e63973016ca00a37a02c08
73,7.643124580383301,1.2342808246612549,21cce29fa559c88f86d12790fad0f9f005eb47184d537fcfff319124330a08c0
74,7.617180824279785,1.29672110080719,2b388285e9317819748c27f54f2b68be903c54ea678e226b3d7b491326e3a68c
75,7.622823715209961,1.2562823295593262,9caa734764fcfc70a675c24d76758b9ba97d048ba4c360c869f362c88e6f0610
76,7.594206809997559,1.2726218700408936,d01dc776b9b25f0026db1bd68e443a31cfad813867cf7071271787e3efec8fee
77,7.594883441925049,1.2428175210952759,5f894e198d17141d3aeae3b061648022fadb50983fb73b611973f24ed0610db7
78,7.591457366943359,1.229161024093628,715bdd81af170f89552142f66f5f488d28e0389aec0744863e5545babc054f2a
79,7.559484004974365,1.2475972175598145,01f466947450dc190c907188aa10147b4f82c29bafa797e316150994bb2bf72f
80,7.566235065460205,1.2174961566925049,1e3e2b2e94990c687ad945096ae19149287dd47487952adda805c1da24b68e82
81,7.543407440185547,1.2204351425170898,3eaaad7f7bf2bb43703e68181a7447a2e04761e7b834500a642c959643d80874
82,7.499695777893066,1.3275444507598877,97093c356233ae16bbf836e2200340bdcc14734c28f129121d782c67f4334e31
83,7.522002220153809,1.2371097803115845,7e3eed1f4ee0faf6c1a107f17d3040fc87cb768b39207a22d1facd40e0a048b0
84,7.508045673370361,1.2594871520996094,ad2e080a415f62dbf80d19466231a8254ae571aefa271489fb18784219a29bfd
85,7.477428913116455,1.2620720863342285,630c5590213b74bb05dd9d387e3abc3d5121e9d4f66184a8af1c037165f7830d
86,7.461752891540527,1.2668215036392212,b58eca5daf7c293f55df0787d6d2516bee39e0e9b425a778c684b7f7d4acc68b
87,7.467131614685059,1.2222685813903809,6e3e71200f31339b0372852ace6441275de14bb009204846848a72c8a4b079d2
88,7.434486389160156,1.2513872385025024,b992f653094445f63ca03d62e3e45ef77d5e244773c9d18d7904cf9f17594c68
89,7.430305480957031,1.2754863500595093,823427a5ec4bb83fb1c289ff7650c63c009f70b9943fc3018f1127f1f2be9383
90,7.398846626281738,1.2811062335968018,4610340ab10e8e29aecba5e331a7b6e64199b655d7dded19af02983d4b5a7c12
91,7.384767055511475,1.2824668884277344,34d520327dc9f1811fa95303928d8f2a01ee686ad758c254ac048423b4719e78
92,7.391304969787598,1.251767635345459,ba3b71e6a4f54932269989cde6a5ab54286a92da5859b301be79a5a178d2e478
93,7.362410068511963,1.2581214904785156,7238f04b67799299fdef866938e1a88d1d7b74994eae4ffbeed373930897baa3
94,7.354323387145996,1.233690857887268,8591cec21020802627a4b3fa056a709f8cc808a37d6396ce398443b342abb6f7
95,7.335155487060547,1.2438511848449707,a55b6dac53eb81b71f9442642102da4f6d18005c88e53c33e545227988a1b491
96,7.309047698974609,1.270695686340332,f591f0ec83951949de8178204ed526202a14f455d3638231033eee5bed1ffbf2
97,7.332204818725586,1.2095643281936646,2affb2f230a9fb13986d4cf4f64de1338a1f843f23cbaddc068421adca32086d
98,7.305010795593262,1.2452353239059448,9236c25b945fbaae7535549e808cbb817baa089323fda827fc95150a5e164c41
99,7.270596504211426,1.2414008378982544,673867eea8105d7d91fc797f589b5163556d06b27121279a51454c08df5bea84
100,7.258198261260986,1.2509008646011353,4d148ae811d51d853c9bd37f99c0a2b294d78e91011da09f49520da44b98e650
101,7.2447357177734375,1.273876667022705,6823eb6187a7fd68f7c36ac7376a3dd82711ff431d3dd0e28aa12f1554c2fa48
102,7.248355388641357,1.2535055875778198,eeb36e7896850a2493e3ea9505d73beadbbc92b2908383e33f9e86ecd54d5aed
103,7.276966571807861,1.1853456497192383,dc55d88a79a7d2ba396ed4e0085dddb79862ad073eeb2a46bce95c7f8d3354a9
104,7.207215785980225,1.2243415117263794,88157a4aeadb94e473a368092133f1497d18d116095f9052afda9eccf091e20a
105,7.167468070983887,1.301794171333313,3972bf7cf92cdc39ba5ec1854c910e2514245a48216cd1a27b6c6946487fe6e2
106,7.1787614822387695,1.2439059019088745,cb0aa794dab9fb16b7a67b05ebd1dc049b7358a841c56b156cc2b5bc53df8623
107,7.162495136260986,1.255300521850586,fbc57ef87a57ec6f860a253df1366b7721ff2b217b5d9604455ee276fcac366e
108,7.156121730804443,1.2099779844284058,2b75670cc634119d7a263fce109389df8d763bdce1d6eec34b0aed24f0929163
109,7.123738765716553,1.2467553615570068,40af1069d751a208cdca09cae6c83eac43b25444f3c5251a75e099d108cd35e7
110,7.1119537353515625,1.219506859779358,4f179ffa42bd0a1b4bc80da42ccc606e98d46cd3697b15a78649c7f48cb7a7e5
111,7.1158928871154785,1.196096658706665,02fc0c37f76138576470c2b80ac416bc6235acfc4b28948575275d0c6022637e
112,7.034260272979736,1.3235081434249878,59864b5595ff1f8f6be39fe0d4fc98cf4f14ec5164f892e098a967b7c68d4d46
113,7.044808864593506,1.2264416217803955,eb011136048f6f3631240c1547c3c3c335c2e035dbf05066401bf838cf88a587
114,7.057307720184326,1.2231953144073486,6acec32760d055356aa3a055a7991c0917cdecf8c9e27167a6263127a83328e7
115,7.049628734588623,1.2311439514160156,fddaa031f2c28c7df666b7019e51a65523b5cec9951ff438e9f8c733fae866cf
116,7.023252010345459,1.2623751163482666,7ed3e66f9993e94c1950b2c1c1252b25123b0e82f5d8fbda56268ed012337ca8
117,7.010749340057373,1.242894172668457,7f98ad80e09c37bf551c60fb7ce23450f2b8d79270741f452ba53570858c3653
118,6.990360736846924,1.2666411399841309,3ae7bc51519673bf4cec4a86fd8d09902d17295254c5fe8244a535de786345e3
119,6.9445295333862305,1.2513359785079956,d1b78b29b0e11e8a8b77f33f41252434b4d321be70c36fa7463f0681461beaad
120,6.973731994628906,1.2860190868377686,1c6ae37d917a0796612f30575bf26ab4fb63d8828058b1fad53f7e5c28188d62
121,6.920122146606445,1.2623536586761475,5082f16a5809ba7452b642d004c6fab6ab5d5e5013b381b0a3c5b36a5fcf2204
122,6.943251132965088,1.1989166736602783,aebe78c9159e48e99419f08bbdb484c19e02423d33bf9a952a2abf6c7bf6cacf
123,6.884582996368408,1.3102638721466064,ae4be722d4022676df83cabec8aac3735d2900762e7b7ba47d027f8032d316c1
124,6.889472961425781,1.2161054611206055,3a74a6ae2cbab549b479cc3203fa119600fb8973025c19042ccd83db02abf960
125,6.8538312911987305,1.2838854789733887,79f34d36b64c71c4f2129d6cfa9dbf246f06940d22e57dd47a3c344ea9dd908a
126,6.859602451324463,1.2145041227340698,319a1b6e13842e6249d356a6fb0d69646c7f2a3723d7645cba1408186acd1a01
127,6.834548473358154,1.2741758823394775,8c002e57c7adf9b24867477556dce697a7b376d5b52b03e2132042a9805c145f
128,6.826078414916992,1.256003975868225,97427f018f7909db389a9577c039fe5fdefa970c743828baff0c3baf6f2f3aa4
129,6.807583808898926,1.26912522315979,dfea65fb6e84ed919e0a4f9475e96e254f73b3a818e724962dc7852ba3f46bcd
130,6.800121307373047,1.2258049249649048,12053e4d260757b06eba218d027f3129fa8805833957f59d9d3083d9704e18a3
131,6.766025543212891,1.2019604444503784,6dfe046e46ffa2261d22e7471d90304c84bb6dfb565c5428451c1cb3eb058dca
132,6.753996849060059,1.247934103012085,2822926b794eda8234ea29dccdfb17b576e520996d51e7c4e57699c566121d96
133,6.749162673950195,1.1764817237854004,1138c1165eb6c6b9229dc1c59e92cae8de4711410c3fcf51330b099d75370c7a
134,6.74796724319458,1.1705434322357178,bcc8e485f30b9100da50b619ba05ff873cf6acee6f0ebdc1a5b8b51ca0f02ead
135,6.7136945724487305,1.2251933813095093,432a8997e87ae66ccd846d84ed3b79bfd93aef717d10539bbd40ddfcb307e98e
136,6.688290596008301,1.2078289985656738,dfc7cf769548d2e871f1b5b699ea6b4e0c5da3ac83bc1624e54b982a5ea3b1aa
137,6.672450542449951,1.2356408834457397,6d8790f33b2b55e8564ded6db42abc5d240b700ff0a93cdf3c65292493610099
138,6.648713111877441,1.2187385559082031,a15cbc033faa4d8a65b5e89f1da4704df44427ba7803ec15af9407cc22d931c5
139,6.671200752258301,1.1584316492080688,e05ec5c0bcd65cbfeddb67841e713b6ec42d193ebc10ff05e63de67db9558618
140,6.6329755783081055,1.3133151531219482,c10967702e8f9bcf1f30d16ef5e344446e464cf7d3c46b62c98f58b5d287d059
141,6.6273579597473145,1.1966181993484497,136cfe50b29df2461e897122b86647a784a8293a313a02d3c16b6917187cf905
142,6.594054698944092,1.2608506679534912,6bfdfcd3358f0f1ab3fdd7157535b1873e7243782d352196c7f524b0811573dd
143,6.5545735359191895,1.2255548238754272,0ac2c708b2f8d2658052d5f4b33981d69c5437ea032385fb9c94b5e9d022c2dd
144,6.5583271980285645,1.468985676765442,d02bf9e6af1495e86562c43bd265202fd1b6821b455e74378db5112d902ae3b3
145,6.538110733032227,1.2036361694335938,b689804aa83ba0c1ab83d33cf08822d54f81bb1d1da88008912bffcf82e70eae
146,6.518017292022705,1.2639542818069458,0909a19d1847ee7fefc1f252e7e9d6df0b617d508c79c8d7b5da2213830c5dc7
147,6.503018379211426,1.2731544971466064,75fccf66c0f2e868858fabf24d5cd5f55106cc42d3543653e81765e8f2baf881
148,6.482859134674072,1.1916801929473877,13a1e3ae02a322334030508011e5ca17024a6bdfc2821797beab3c3160aa3c99
149,6.500865459442139,1.2717466354370117,3059d0c7eb3d4cf9fa61c244410e6cb45f9eb3f8c7b631c2b0432174978ad513
150,6.492669582366943,1.1915563344955444,c56916d88fcc4e508394523bbdb6d92d7a87ac7969697a053e5514957ca3641c
151,6.454425811767578,1.213297724723816,97a706697756567446254e2f516c9ee48f3693688c073dda5d7f334320b3e5b3
152,6.426154136657715,1.2676631212234497,2db02f1d7fa762ea626b026701ea2701b9b6ec42bca2d7b5954621b1efd0686c
153,6.4387078285217285,1.1650516986846924,96ffee7bee2a6a336fb4906c95faeb16728d96a6cfd7ff4495135bc2d6ef4f84
154,6.416961193084717,1.16546630859375,558501a35cbdc3dc18dadce34133cfde99af8f878c8e4bc958ee12eeb9003f49
155,6.342228889465332,1.2719855308532715,216af06c9e31d176c1504b7af43289e38fc7cc23d6c033de9abb38649fb36101
156,6.378649711608887,1.183295488357544,dd68520bf8ce2221fa61b543f9db617c7b99441b20139ddf917b01b39fe0d367
157,6.397275447845459,1.1886299848556519,652bd3932cffe56e7abe56fd914218d2befe8727ace7f30959f4ccbaf4e46754
158,6.3300628662109375,1.3702143430709839,e03ad294a17446088300f251cbcb215b219a357aff3620a5466cb53528effc95
159,6.342658042907715,1.1359808444976807,76418d83f366d67f3fc1d8279b9dfa763a864a2fa7a71b33bef731f5032bd2de
160,6.3225603103637695,1.3608720302581787,e46fc181ed24f1b6c2b847bfd06a987c99fd6b19e6d25f7f260b869213cecb7c
161,6.3133416175842285,1.2901239395141602,753842e10eae6b9ff9ebb57267f5f160c4e6b624d2b594d425207fcd58d8f829
162,6.332785129547119,1.1065685749053955,7a7120b66be66bbb692bf0a58095abc3392dc5a351de8626d2724fb26e871232
163,6.247977256774902,1.305943489074707,b0f22ed8a1acc761fa1b2abeeffb3910267b0f0eb260b4affb50fbfc7dc58a88
164,6.2162065505981445,1.2614840269088745,84ec29e3b0266c77417b16d81df526439f8f4f256f0d0fb9f4dc31934e231202
165,6.2995829582214355,1.1281754970550537,e1a0b9ea6f472902a5df9be20bc3478ba29799bdebf242fc43dc6ec08e8f79ac
166,6.238680362701416,1.1177952289581299,408c80deeb1d575bc59ac43bc104625e16ce724d7e4692caab5565b604ee09e6
167,6.190597057342529,1.0985995531082153,d8749b3b9af5ab393fb4ed4f582accfdbbda205715fb4323c1aa6c812ba45f1d
168,6.20597505569458,1.1865867376327515,e4324d1842e7ccbd26db40cd8fe4ac9fcb6c5002392314a2a47dc02c557b71d5
169,6.160754680633545,1.3524349927902222,9317c1ae7aa3bdfade476b8491cb4d592b9e55aac7774aaef3f679d4b3ea7db6
170,6.149320125579834,1.1031858921051025,e6ccaeaccbf6c796fc1199220a610819bcfc87b2ffb8ad5554a4c2f549c88b09
171,6.1511735916137695,2.041593074798584,2f2644494d4af71556b0c7e45a662cb191353608d126fca151a5dc136a39d09e
172,6.120521068572998,1.21576988697052,1c3076c1e2f73253b0ef503d924da6e649da9ff5020a237a9da4700d8b154783
173,6.144687175750732,1.1520164012908936,c698f49af829c786cabb5a7e6d826a0b805a0c96a45267cd44b92b7976e41a0d
174,6.053756237030029,1.3092646598815918,b435c56e9396ec9f5d8480c0b821dc9f75a65022cf9638aa293780947c4cb63b
175,6.117349147796631,1.0654531717300415,4606936569439770b61644347b3e48da4d32c597d7d4b358293334438e7097c2
176,6.109938621520996,1.1232889890670776,40e628c618a40f5309e52fb4454d6066095a9815b55215ce8c93467e6138ce30
177,6.129712104797363,1.0100034475326538,17b01a5e9737e036ae519097dbda751b96e5091e89b48373ff606625825b08f3
178,6.046689033508301,1.1212741136550903,d85a1a5fd2bf443722c14367ba6579413447758287377d110fb6d7671f973085
179,6.050232887268066,1.0867029428482056,8f54a492a68598668a6dc48ba884d4ddc1178fe873cd29c69e62b23b1da46128
180,6.089549541473389,0.9856842756271362,8072fdb65fcaa29cb618cf56a4abadd406a6f28deee51511419a8a27882db0f9
181,5.986521244049072,1.0465465784072876,328e658396add89b0397e20cdbd92783803137aa39e0de9caf454e07ece65091
182,6.02847146987915,1.0140870809555054,e6d54dc84148965e1a8b3846d5bf5dfba9e681abbd50d7ba296594fc81c43ac7
183,5.95351505279541,1.04059898853302,b311484dea43a359cb6e43fc550d2c68dbe73cd5d92e11e530ccce014e265108
184,6.024361610412598,1.1542752981185913,e336c01888584199959d02872db43a2a30567ef0ac505162219acbd304932b50
185,5.9918718338012695,1.152913212776184,0c6d6cc0e1e7c698abb7df847e79ef8b580b0aba23f999df0aa42498935dd53f
186,5.951060771942139,0.9703479409217834,db9237252b135d5e378b271803b0fe61de9a8761c58b8c2ce78ffcfface17789
187,5.964765548706055,1.0877922773361206,71da61bec62f3ca2611cb9dd00e6684370d0a4421cccec5675678a559d0ee91e
188,5.8897624015808105,1.3510345220565796,84f540f29ea96d39dfd5159f1bbd9db88752c63e2dee1027d29e26dcbe04429c
189,5.939301490783691,0.9283358454704285,ac883144f1bd735db7bddeabc30d9e8d22cff561071f9805eaf8b608b44c1938
190,5.9610490798950195,1.0232195854187012,9213ce6e542f1b7b30b36312eb711f567da4595cae00bb50f1a81199fcd5033c
191,5.8908162117004395,1.0495729446411133,6af05932b078d99bdffa245a978a60ea98e5cd97cb87cd9e74570d23a3f0317d
192,5.8533148765563965,0.9474796056747437,2b3ae7dc4d621e81346acab74c2a099e1c03cddfe175ddbd76050a733ea769c5
193,5.864424228668213,1.0920621156692505,9268d30d234cb293963aaa46acc88cd85cad1b10031dcf5a1cf23db128a58fd9
194,5.87905216217041,0.9402667284011841,c6b996d8571cfb3604c7c83364b3a62fb8e430888a39168067fc9d0c0daa21aa
195,5.864912509918213,0.9101438522338867,dea54a34c409d1d3578248d1c3bcf98df87f559d363b484e8936442fc30c80bf
196,5.776951789855957,0.9813714623451233,409504f4e459c6df511d3776627055f682a59dc99b853b9d46d31656866fa6f8
197,5.725062370300293,0.9891290068626404,2dfa541d73679711378a99d9eca682f86d594df99f8735685b343db1348b3966
198,5.8064470291137695,0.9523561000823975,b6cfc9cabcdebbd8888d622b76341632917fa01d3fb8350e11d425184593218a
199,5.756808280944824,0.9480445981025696,8db9f81997de626ed197aea568e5b9991ec31ee7be77d27cb446a02ef729e007
200,5.838647365570068,1.0057159662246704,be6d4a7e7df5978330761e4f282d7d88ec47c0dd76580b5a3ab87a514f96f399
201,5.771766662597656,0.9136297106742859,1b79d27bd99de4ca22812737606cc8077b967e553c7facb94e2245770197e7e3
202,5.728097915649414,0.9544892907142639,a442a0b185081956a3f8658c2046f2e1845663ac4ddc70d94b5a0274efb4c639
203,5.750006198883057,0.8660591244697571,6b91139daef3530c4a1ab9f2377ade5d388f691fd5b0f1295e681f4bded37c3b
204,5.738012313842773,0.9345831871032715,87f2bcb99b0a57f97bd4585c8822c0cf5c66c0d616adedd055ae3b3ac29d8dbb
205,5.693854808807373,0.9147022366523743,6941a88f4d77d56901e3a2271898a3017725d0d4c1f0863024821b02d1c634e3
206,5.78512716293335,0.9880537986755371,b3910bd79186a096ed76cd8ceb5705b9ffffba1370a2dba31d794ebc39a0daa8
207,5.7376556396484375,0.9132378697395325,b82af627d2ec2080d1cfa300090fb573518c8b4fc87f6d56c75ea1aa50d50386
208,5.649186611175537,0.954065203666687,39ac59dd6a8d0e027364845f46121d59d12e3e969aff35c67a533f3441ceda4a
209,5.628653049468994,0.9226720929145813,ad6b4bb59398b327858b61ff1c715549fd6ec42d71e6d036bf4aad7f19c68000
210,5.7146124839782715,0.8347868919372559,ed1a96cf5b2e922ec8b430fa11ec0e9fb165b38ef2d207bb019bd24a552d6ad5
211,5.596399307250977,0.9746997952461243,2d5da1b9f08716734e644d3aa9288bb3f38fb84ea3e1e2cb7445b750cbb56b01
212,5.5311198234558105,0.8624091148376465,8d5c132cde0b10c399c5c80739794efbc15f22eec7d3c36bdb3e8d0fd5e9b933
213,5.557588577270508,1.046610951423645,ee650ab6d133e70a254b3020be5f38b4193307ccb6b6b97890bf4ce77f6380ce
214,5.64388370513916,0.8667418360710144,dab11c2883470688c45ab8734a57c9302200e64dc00f7b5f85481bdeef1e34bc
215,5.494531154632568,1.0963677167892456,3406de59ed2604fcc641933c259ea340c6820c1f14e1ac674a4923cdfb0309fc
216,5.6257004737854,0.9087405800819397,6567171ca146f3287562a09deedbe4c3de7e74d9ac7640d8c1207d5d142e9b35
217,5.5500640869140625,1.2522120475769043,40d31513100aebe4b4cf96d54626c2ccee7c6b3752db4169cf51f49faf808c58
218,5.5654377937316895,0.9055020213127136,abbbf6a748a98a311762681ab66c081f0d32d4d58d103f360651be360198c971
219,5.518799304962158,0.892853319644928,10a0b080b4e1b643930f810f28fa865f45427b21ffea4e94312d19d2758a290b
220,5.534256935119629,0.9767916798591614,dac862f21defdff0cdf364cab9c9b270f213535f4ab5d8e61e1fdd7198293764
221,5.552021503448486,0.8399918079376221,6f32885b081e3dc0956483f95e3f00082c270d850ca0484bed641295c960654a
222,5.478056907653809,0.8160346150398254,1cf2c6daca47225622e64cb9964bd3048965af353c82ea9e7252d12ce9dba95a
223,5.45121955871582,0.7998567223548889,949202dbe212bdcbbb856a7ba11f61b50b405e7040faecdf273c25efc933851f
224,5.440101623535156,0.8352049589157104,173fd57eb49d42293bb6305fcc4b477f1b957a2e7b5aada539b10482d851d172
225,5.540889263153076,0.8436135649681091,e658b3d7f2c4e043b22705ec691ce5a3a0ed1c432b0723be081b4c0715ef4393
226,5.4199113845825195,0.8424639701843262,84a3b24e385b466d0b4da17516740ced770b56f9ab9f0fc802ed48ab06f84010
227,5.407757759094238,0.8279531598091125,3e54f26a97e0bd9f63846b3d46f817d32614c664ef044b9be2dcbb3db205c0c5
228,5.41920804977417,0.7543485164642334,dae47c5a9ae1a037311b034fc8d402e4d620f3e1392a00c60a253f33117934ac
229,5.4121575355529785,0.9579049944877625,b889a3d7e999c014eed151700172342cd094ada038a9d980ea8669f3a9282da4
230,5.431064605712891,0.832194983959198,d2f86ee5602573703021f8fa0fb7cb6f1157f86d6a4a112856e6bfe04d5ba73d
231,5.332400321960449,0.9042089581489563,271a54a7dd3da9924d00db796a30d6a96e969651573792dda49812fd8469678c
232,5.336061000823975,0.8462666869163513,ba49088de13dd1fcde65d3eb122a6f7b394ba7e97ddbae76f33662539d7b83f4
233,5.400195598602295,0.9608259797096252,9e0cbfdcbde52902e64e9562912702e35fdbd0605e242619d07d0f822b1f9676
234,5.376578330993652,0.7609199285507202,717fb4ace7ea1a0e810a36d8a30d77bfe96e19ed6d724fc786d340ebe7c25cfc
235,5.422340393066406,0.7932038307189941,38f62de559adf202bd424f24eff6bce70b5438165eca98bd66895152f2c14f2c
236,5.300309658050537,0.8258050084114075,a65cb5f9aaf30b7d0549d7ac7b0e0e43fb3a7d972d1b54b3edd89c6615a80396
237,5.323577880859375,0.764886736869812,717618dfaceec7fb6e7ee22a638faa14f083f9954662a460367899226a29e8cb
238,5.2894673347473145,0.7522969245910645,efcec6c01a61378f7518fec9295c639a2307ca70edc2d53ae4095663b5a403e4
239,5.445033550262451,0.7661859393119812,cdf2735f9ad5ca886db793ebf2fde0429976e53fa9e0c0225b07c486d0647735
240,5.33090353012085,0.7354996204376221,283a5abb8424484f19c93801232b6d3344c1e5d22caeca3372dc9f829aaba2cd
241,5.351644515991211,0.9342968463897705,98115636cd4d38f5c99ef1348e21e3ddaa1ffe6b8b01c98560cdd50e5cfe6a69
242,5.2758283615112305,0.7907163500785828,f8fc8b6926bf9d09c299172eba6257e1fb25c81827503c58308d6e944adeef91
243,5.333656311035156,0.9147020578384399,8d6c7c9b6b92265da50eb554dcb5ddd7b2fe379917ad76f8f003f96cafe2ffee
244,5.202725410461426,1.20908784866333,78f7573bc60872d279ed80b6bcb7d027b8c691d16fea9d0a69b82a0c361cbc86
245,5.216115474700928,0.713752269744873,9eabcb9cbe7dbd854c6161de8247ad8bb97b98c362ae05bc4b044b7341920270
246,5.25399923324585,0.9437928199768066,7c6793d3ab7c847db6aa00329abec84f6626130096b2fcfa21cd38cf2caa0881
247,5.261280536651611,0.7682334184646606,ee561c4121889d29079034d750a24581f94dfc66ae81ec75fec3876ff0835d17
248,5.150802135467529,0.9355524778366089,70bd353e5572a0faa83a5ecea073481f25c2eeb589926abd8be08013d949e9f6
249,5.224884986877441,0.9158678650856018,35eada33f6ca9f4c840db11fdcc1619f622d0369f6b1a5c7c2a4b24beb3728dd
250,5.114810466766357,0.7382670640945435,5f7983a69872ea4f2cc43f109766bf23438d681df5e593bee0d1049f93c34034
251,5.1392951011657715,1.2246732711791992,3b4a5f0dd5c27eb23ad92e3dcb6e4be593cf1940e851abe019e2da00cad19576
252,5.1344685554504395,0.8632616400718689,17b495d483e27c56521b124b2b8d014b12490d4329d2240783864878e1e07863
253,5.144434928894043,0.7533859014511108,599d06d6ec8c9d9e1ee896aeee8d7249730f90c8a86a667e78cfbd5981bcf8f8
254,5.143852233886719,0.9124735593795776,d27f46d3241c10bc05e126516cc1d28897bc3f18f48878a142a3721ab525ae5d
255,5.179523468017578,0.7452713847160339,6d6dfe45d83777f377d9e8576cdeeb6f294c06de75e5c7e45c90ffd6e38b6313
256,5.119174003601074,1.130382776260376,746e932b973d164d5632b80e27ed603f9d0581c20dd9654245ae66fa54e8a078
257,5.098577976226807,0.8421133160591125,f35cec14fd471d1cbb9f0f5e0a257b8a48c6e09b9ccebeac379cfe6b5a206e14
258,5.093951225280762,0.7930235266685486,4a6163fc07f7dd0cce65e571786f0dab3afd6bdfdb501de33eb03847e162a233
259,5.152492523193359,0.9668891429901123,04e8979caa6ea8bf4685fd8e9c737a3de2cf35bb81719eef80d89d3bcfa47dc6
260,5.089616298675537,1.3685964345932007,1347afcde3b17c22161c8787f3841ecd446974503975a607e642ea371c4bc9a8
261,4.96391487121582,0.8923770785331726,44c0f6cf001cfc172708789bd2ef1207cd11601bc6e58e9f883dc31d1cfdeda6
262,5.0279927253723145,0.8520111441612244,c0cab294b73c1df8f69cbcde3ced2c81c211bd967d408636d373b04a5dc985cb
263,5.134146690368652,1.0617212057113647,755ae84787726574b1c7f23686a4b521279e041c85bd5b85c261d0b33cc6ba19
264,4.999741077423096,0.9053483009338379,2f18e473f8227c93dc3b773d259cb1b5d61efe29ca1e440a234026a973296b2d
265,5.056059837341309,0.8622769713401794,d7df2490591637977d2c5ff3daedcab502937b110fe34f360e2ffc341478c6ee
266,5.077710151672363,1.402791976928711,ad7e69e68f3219b6ce285a26934f51a87e81b5b63ece3ffd08f6d737d7053f7f
267,5.098140716552734,0.8878766298294067,a1931ec1690d14f65e433e7892033269ed12a4a6a30c8850d56dd897a307511c
268,5.029009819030762,0.7343801259994507,ab9d0052f78103bb71bb5be5e1921f6d7702f74c27ebe25e8843f2f16a6864e4
269,4.944585800170898,1.2030586004257202,e16b24461ff6b8a212d940a147a069435ff1acce2fa747391baeba174a43d83f
270,4.875912189483643,0.9725139141082764,293242da0e0bdc7d646715f66c18c477bf59005f0cfa4f3d7495d441f4d72b32
271,4.992599010467529,0.8440461754798889,291a4b4e1d5e7f9f43e3936ab53d947cddeeda6e3063cb52ee90030f8c3eba52
272,4.998664855957031,2.373216152191162,f66f2866766c3e91d8bd0e41ffaa7e9f3f192338f484638602c4570cd48006a9
273,4.936441898345947,1.0853246450424194,788dae32431a5baffe28ff6640005ee2026ecb3c05d25396bb51cfd968611f0b
274,4.89030647277832,1.8417493104934692,58ed8a0ecfc8907fa0cfdaef6d6a9a8536bf23dbab5fb0b77ecd5f9c60b790b7
275,4.960639476776123,1.6443650722503662,410ad285373f0558759ddf7a57f9567a7aac8caec62dcd08cad65ea7152c4cdd
276,4.9328389167785645,0.8634421229362488,efd906540cae617c5618044c64703992fa088816d9d8aba76c3427295998d7e0
277,4.985391616821289,2.719062328338623,3221c85906c3eb66ef57b313c0509474114480ad9fb5d290348ae815dbf89550
278,5.021229267120361,1.72334885597229,1b45918dc6c3613f8231fb43b430a171d182e704d4a619c6d716f764b2dd2c27
279,4.990817070007324,1.417384147644043,c70032d6b87ec4c525c3bcedb51437df5f8ed71af671ede86ef988733619000e
280,4.9001874923706055,1.5419118404388428,3f0a0bbf4f562726ca259f89f418138595da436049ed68dbcb9176f1391a0b87
281,4.908450126647949,0.8635169267654419,f9431b0e0225f99d70981c2d8aa39ec871adaefd73973330224843f9390faeef
282,4.871236801147461,2.069486379623413,990799bde5cbac4c40c6f0c4ac1f06c3ca7f9c39419bd5062a29b6227c79f33b
283,4.918941020965576,1.6899640560150146,2e7a0440b2ecb1ba3f31d087586818c99502294b5ffa247614103d363849bac4
284,4.903171062469482,0.921819269657135,43acc2835f169a2c7c869bc14359a98d5aecc6128c585bd54f666f1fd9e590ae
285,4.920780181884766,0.8403802514076233,b66c52ae586bb250ad277a997fea2c24d510a34b35174070dc8f2d1a0a4deb95
286,4.885371208190918,0.7424673438072205,94fde64114b3f07e3f0f529070f376cc38ca79c3d91a887fc50dbc1ecc91cba6
287,4.814361572265625,1.2384432554244995,df9d02e1b0a7701534b3d252445f4d946b88752840cd582557048f643bffc1f6
288,4.870481491088867,1.2038376331329346,afa7ff9bc1efd38ef769334a89bd2cfe4c98e8dc7fb2864070f07d8beee60688
289,4.889861106872559,1.3666787147521973,a64d1defd090640bac3c35721f4e9f704a9e9fc525f4e403f6600d2dac65f842
290,4.945718288421631,0.9342496991157532,0a8659302c30c8fdf358f04b35672b8a733851e9ec88f8a762b6ba27ed57f314
291,4.915595054626465,1.1573156118392944,0a2d8b96cf16e9d03d1f81931b02715cb9795dfc2c01150617d58d7e41ae4e63
292,4.79077672958374,1.120290756225586,8e953e00bfa723ccb5bafd62e6135ab91f0551948607496416b284107245897d
293,4.763880252838135,0.8230127692222595,297d01750b9ea8c5ef204dd9337473930c84f84371e4956ac7ae2a4833c13eb1
294,4.837646484375,1.2595396041870117,1f590b97f3958e2eefaf7a65f3311d2a652ca044c7a429617006fb7b073dc728
295,4.863645076751709,1.0732303857803345,dea84e51aaa6772126e319bea9cf616c77d4589b431fb4831d1cc616e1b3a07e
296,4.7665910720825195,0.9448007345199585,3f9be4af959d2ee297b8890f8e627d659857ba98da209e2dd66598c074e0513a
297,4.785955905914307,1.1611180305480957,c5ec653b50feb31ec6130abd06dbbe59a69248e972855fe4c9bbdb3644eb1303
298,4.795730113983154,0.8486758470535278,eb8a76e7808142440eeaca4d83c7fe3355d1d5b725ba72c45aa6a94c63e65f45
299,4.858970642089844,0.9337306618690491,c49a27963514c9f00cfeb977ce908be819a558096747f326c79993aba756667a
300,4.815605163574219,0.7260825634002686,4858290dd9f6ad22fb65bff7de1d606b4112b3757ac6f27b6531e439fa2bbe19
301,4.756831645965576,0.909102201461792,279e8c74c7dc9b7065d63f9542c0e26d69b73308fd8bd706fd5a6c6d0385e6d7
302,4.805355548858643,0.864874005317688,e8a6ca109cb6dc0892ffa222a0f6ffc903938fc397fe23ede7b72d3881bd6093
303,4.848812580108643,0.6989571452140808,880c39d80d677ad01d1cd3bb1683f929db7479fb7ea3a85907f4a90202ead32e
304,4.875157833099365,0.8229833245277405,70c1666306557206ed000836b307a7a99653e4643b32ed8554188e8a8965afb1
305,4.7716450691223145,0.7509055733680725,a2844e5ab4fbdc27b7d66bcadca09817f8626994556b33d808b799feb063ab0d
306,4.694320201873779,0.7715179920196533,a8fdbcbb35d1bbcead7d977f9570afc2624a062fcb748dac8e3139561ae8d6b8
307,4.672813415527344,0.6668868660926819,0a00c20b06de09ee8a9b574983158a280047a3db30acd058c807dc53ecf2e1bd
308,4.783873558044434,0.9644330143928528,4ef43b6d52b650e37bf56e193b7fca5b83b33ca704c397660d0e80ea65a6bea5
309,4.6502790451049805,0.8444927930831909,d984303b569da2fc2c4f51d4ec4dd31565136599535acc64a792d9e98bbb8a01
310,4.729579925537109,0.6560330986976624,8a0d1850739746de73b9562131210b22ce757631623dbf4b4ab39a7348176b70
311,4.835842132568359,0.7749125361442566,cbf93504ff926b080a1b768b1e91d401e38c452141a4994adf312ed3730f626c
312,4.767880916595459,0.7477604746818542,610ce6cf6bca69eb53e753f2bd80e409d7261ec9054c8a428fe2ffc0bb4400d5
313,4.770261287689209,0.6657872796058655,9fbc49b3cd6a63af54e32babd170c5f3adb974481c0f975e57fee5d2de3b19da
314,4.786133766174316,0.671971321105957,9c318ae7bd953f8a6ec00712fdbd43f8bea997c632a7016546de0a0ef2b65164
315,4.713436603546143,0.7146962285041809,eb0e12b738589300cdf62c117a445c9a9184a838a3d987e104c6f48aec3bc56e
316,4.633981227874756,0.7437876462936401,a23b866749940ff1be30cc5c87bd8b59bf82283399f17a896fa047c1b5958c8d
317,4.611822605133057,0.8563142418861389,38990107c65a5bbd86b6de99eec4675eeb8fba175c9d3547fcc33132fa1c5152
318,4.623310565948486,0.7567834258079529,70054b951c625cd7c9601bdaa38bfb2b7cff3cdfdff6ec936495f1b1b3d9faea
319,4.601197242736816,0.7498334646224976,97c8458ee97cce84bcd932289e7b47f8f8d7976162efe12bcbd6777cadd29811
320,4.7170186042785645,0.9600437879562378,9a1429f85ff8cf2601fe9a06d753820c9ee019d2c6e5b27c3f9e6332ffc9fcb8
321,4.677648067474365,0.725937008857727,230f2cb0f9891607b88c46153e43adfbed481951a77c5780f47dade83ab31a21
322,4.582004547119141,0.8177252411842346,45d3b0cb5c9a233a3b18678d786c43953b6b258b86f100b36ac29f68e5d288d2
323,4.6433281898498535,0.8090777397155762,67060fe8ba6bba7c06b2dfe0582a77ac54468d5df01c34170aaab8609b3a6a5f
324,4.654644012451172,0.8062475919723511,345e12657e219ab219a472e339a8d77c314a06a9a16b8c260ab9d41f5a42ec30
325,4.562150955200195,0.7141438126564026,6fbcbd53cb8ff2377912dae77ea25bde9d7cf6666ea36c6dd9a9929043e28a3e
326,4.660092830657959,0.7853658199310303,b98690199285d5291b2b368229bde37c21d58cdd0fdc1498074a91f4a6c21353
327,4.585153102874756,0.8704458475112915,9fd5413e5733d138947587c466e437dda0f4fde40bd379e1b9d377b8bbff1357
328,4.619300842285156,0.6797294616699219,1bfee48084e645ab76b0b594d1dee8ea6b9fc7a1cddb64958cac9e8ccb3939ee
329,4.622313499450684,0.7117692232131958,9fa5c04ad6fc24da62220d766f80488394755bc6dc3934083c3d4af489b5a173
330,4.641777992248535,0.8231338262557983,4b1924eeaaa69c640d78efd1635421cdd217ae1dfc7259a1fe751228a3d81714
331,4.6546196937561035,0.689479649066925,6a31143126b8e51614acf312c749b77244fe598018c26bbdc756c663a45539b5
332,4.618711471557617,0.6396122574806213,e2d9dd380be92028012708283675b46e2c92c4618d0331084705a5e0246767c8
333,4.613305568695068,0.6944981813430786,c6c75fe22bbfe1d164e169f5e25f2a82aa80411fa1c77f7f4f898345e68dbc33
334,4.670492649078369,0.678508996963501,fb3e0460a1be92000726e1fef12527bc4cca7a291547d432f0cf536aa730281e
335,4.564879894256592,0.8618663549423218,b8431be9beefcd80374e03d858a3583758a5a9e1ab9bff450ce8bebeb976c153
336,4.594137668609619,0.7406410574913025,d5597c537fbe25b409bd699455d1d7f8743deda7610beae2adac5c91302e6aaa
337,4.497445583343506,1.0387054681777954,a4bec918e3c58cc26d14787d288ffee88dae95fa44b2552c1abd74ba328a6d59
338,4.523813247680664,0.6617119908332825,49fb316e71edc3b9dc3989ca20e7d3f6334ff4f8bee0f41941deebb7c7c3a219
339,4.591419696807861,0.8917126059532166,2ff8a40cccb0f31f80e2fa531c43256fd38c2a9b982179c44a4c32f7c4b814af
340,4.596316814422607,0.8418653011322021,b557c8701b091e2266358fffcfe19c3316c8cc80089a9658df93beef170c6bde
341,4.604606628417969,0.6991959810256958,1d52315bdbe05cf70fa2a49d6ebef573898863a04f1c42617469be129eb19229
342,4.52618408203125,0.8032875657081604,1eb3c9eaac959a4d560893d11235ca643bdb29515fe54f3de382c1042ff35806
343,4.5258402824401855,0.7501911520957947,ab178b5d5558e0dc0339181e649f2ae44405f54979dd0c70b758af715bdaaf7b
344,4.524872779846191,0.6478651762008667,7fea3e13d21e27e7d8de2c4051d29637d5aa273565b30e67194713fc5ac4a05f
345,4.433143138885498,0.7621476650238037,09dd2efa2b43ba4013dbc3ee2dbbb56b9c0246755ba2af7a07d78bb6d16f8164
346,4.54256534576416,0.6580455899238586,326ba4170e8f663dfc277c8f059e7253419aa714d0bc81d1ff04e9a19273bf31
347,4.612311840057373,0.9388632774353027,dfcb25f6c36481197e81c21ea59c88177ec4ef80b2ae4d21cef0726d06f24c3a
348,4.561664581298828,0.6517780423164368,79bfa2e50a633660ba284834d5ff9f6248180e2eae8810c3f55342f35fec6d95
349,4.571910858154297,0.6888732314109802,601f1262b347df949e1043d9fb96d1598073c3c7574505dd2759976f12225a62
350,4.530639171600342,0.6743170022964478,daa7efb9c77a9c7fc83be7a6741c6e7e1d8c5602829069851b528634192ace7c
351,4.563364505767822,0.8986080884933472,931cc18531a84e4513139c5778b13307a60e0c49b05b9e4418c7004720e40e3a
352,4.481342315673828,0.6717954277992249,94f8d0d9ab269f19c735e496907dc638552619cc149b204f626e7cea74423e2f
353,4.519668102264404,0.733860969543457,20acb00930ae5f62f33e6a6bc9cc0d70b9200a22a7ebfd4f91b84bddd920a888
354,4.513187408447266,0.7195606231689453,796352fd2c8aa9f885c7f28d219f1cf4084811e99a5b76a0eca7cc98d06996ff
355,4.5136284828186035,0.6725688576698303,9a4fa6c5e36e10268f289574d49bdc145bcc794852ba30a20968c4fa83dbc9b0
356,4.433233737945557,0.7565155625343323,166c60a7398511ebb641942aecffe7f39524f1ccba1742c5fe2fd0696a8492b7
357,4.566267013549805,0.9344774484634399,f1971cb4e539dea75e9d051e454d4067eb6c05f34503ab3bf17a9ba543d900cd
358,4.47395658493042,0.811022937297821,fbfecc50de2dfc0d0a3e25a97d5a7e968cf9dc57a61dcbe6f951b5f57a851460
359,4.442050933837891,0.8730242848396301,6572cb1c908a0e605e57cea1954ec8caf65009dfcb431f340e5d190bdd7b10ae
360,4.481924057006836,0.9767861366271973,f3ad23cb40269f3ebb64c1d3083a736e9388f41b713f78fc07b9a152285d5fd0
361,4.493038177490234,0.7174620628356934,9d42e7f5079d779129540acce362d7af6f0f34f595a6b3ed70fbc1d50da2902f
362,4.509099960327148,0.954799234867096,51fecaf2ad84775d2012c828de15640db9aaa6f452d9c585962cda303001e65c
363,4.453937530517578,1.1423836946487427,b6c5cffb97e191509220e266eff9fb33c8c7ef6749f222580f92b2cd88dad844
364,4.38330602645874,0.7811609506607056,666331499a4a620cca24527e0628ea30f3a320a6cc235c613e6dcd0ee3f187bd
365,4.490901947021484,1.1563490629196167,711f3d7a205acaf37043c03dfe9e2867fdab3350db25067361722683eb75ef68
366,4.577221393585205,0.9563171863555908,245f43b4e0aec75c64d3a3d687af069b0bc1547e31d0d81611562d204b32a7ff
367,4.480928421020508,0.7649521231651306,5b64c98dd1053d236c8b7aa3a29dbad33cf1f106707e5fd09dbb745bc6327764
368,4.6025543212890625,0.6893509030342102,3249f8df0e95fc832f47ac9bc1c6279ca5142fe83bf673ba8766b706e469abcc
369,4.5487751960754395,0.8215649724006653,65256aefa8548b977dd409eee2498faf834871cab6816c174e777913bd480c4c
370,4.486485958099365,1.0254476070404053,3f3220a21cf925183655802c01e363f89e0fb4be4cdc74f1a38196c016b8adb5
371,4.465697765350342,0.5914488434791565,e8787dbe8ebfce0ebc2d2e733896743debbd84164d02f3a620b2f32ecc650de8
372,4.394725322723389,0.8483373522758484,b0487e7796e76e7e54e376ae152ea65cdabfdf5a2043206ce14efe869089f7dd
373,4.389650344848633,0.888464093208313,63046e30cc548dc78bd7610820f38679277a7b793fa7b52a455f92bf8b3463b3
374,4.412909030914307,0.6721845269203186,a24727b4cfc50b18e9c127e48c42f91f7438151c6c85e99f7086d1683435a0f5
375,4.484158992767334,0.7896586656570435,ce30073cb876981bc900f64718ccc450f9d40949a8a47e02c39a11310c5fd2ac
376,4.42606782913208,0.8704187870025635,525b0bbbe14116f44b8a3657d853ad3c258022399757b0b1b68e0a4f6dfabc60
377,4.378274440765381,0.6774657368659973,f0d69099a2ac8997baba74612dc80b0699c9ee32008eec7462d9be608f99f8eb
378,4.43332576751709,0.9312579035758972,567f2b2fe5700764202e3b51c9ad4b780294862aab9af527c0a923f0c8908493
379,4.461577892303467,0.8962246179580688,9702a22bbbc4f90625589be838be3cc84a09f3645a4900099840bc8ff11012a0
380,4.394495964050293,0.8771960139274597,5822c408ee7e0bf637ed7af9a6ea93f3acc5f25e6d8aceeace5436bc08235e09
381,4.4493584632873535,0.7159025073051453,e720a2e4bbad9f2be88185437a5cfabf6f39bb268d3269727dc8c5fcaafd3de7
382,4.405228614807129,0.7738599181175232,fe838dc95c5f6a89ae95150af114fa149f950f856640206e5d6bedb5bb01a7b9
383,4.462693214416504,0.8442932963371277,9ebf5ec2b037eb457d5676e98d4b5ef59c32e54a0b0963b95f774fcc003a89e7
384,4.4162211418151855,0.842665433883667,3b1649eed185007c079bf4d70d3f25be07a6790d13ee67a3396741987f973b83
385,4.480372428894043,0.8962417244911194,8fb6b39a21de67f5bc9cd13123f4d08a0a130cbbc331f9eb0157711b7a3504c2
386,4.3834452629089355,0.8009387254714966,6490895dcc8178922c1fdffc5c4027b495225e2703f25330feef81201c8f2237
387,4.396854877471924,0.8405970335006714,c822a1d9fb475a19e196fca06b24e2ceaca483b145128de21facc0f3952b053c
388,4.396520614624023,0.7279458045959473,238f163edc3a7cdeabd16fde6069f16dca7ddf199be541015623bc4ecede548e
389,4.333469390869141,0.920383632183075,c46a5954f361c9363d2cb61019cd19397e11ddb142e224b50b6283207ca3e5f1
390,4.448818683624268,0.7218107581138611,427d8fc2196aac2ad9376a24975c49f5d97ae5ee01c258f2917c3c74b0401706
391,4.352048873901367,0.7002846002578735,b3ceb2ae7f5b2a8557c3b2bc77c8b36ec8a281ce55fd30b2031108d8240040e7
392,4.446523666381836,0.7260294556617737,ddad6118e655d8cb666b8c7731f5f95df9645c0264c241e194f4c448a4525670
393,4.416175365447998,0.7221369743347168,52fc670d31b0ae9ac3d553762ae61c3f2cc6148fa706eebed971e893f6896439
394,4.377580165863037,0.923608660697937,6107071300433f2fa238315dae52a1cfefe12372152b6447ff441ed04635c92d
395,4.386584281921387,0.7387803196907043,4262c4f452c49bedc4c78523024202a1309da0bff0a77776e95a7785f777a00f
396,4.415215492248535,0.8277578949928284,44527503cb7f452b35e7922e3c2ac3433ab6a28a57e53bf8e7afa4cf4d79f69d
397,4.3703718185424805,0.7567893862724304,bbd1860238c43c78ca2a76c964f87142a52c5e63b5a9f1c9a2059f2a3fd06cf0
398,4.391359806060791,0.9575554728507996,2d0d1415b7b3b67e708c8345753639340dba616cc3e5ae189ee2fa9dc2d78ddc
399,4.355111122131348,0.6366255283355713,eb5172e7aca5be89fcd86db7d1c8f0959771c908832fea20f8d607dec53a6e51
400,4.396336555480957,0.8579819798469543,e7ad01d87a8dfc5730624fc64cd7950ca429e842979e9adb65357e247104fb08
401,4.387824058532715,0.7868557572364807,d815257b45288cfdd3f05d9eea8e2b4ba02bd5ef5b7de54af2f889e5bc6f3322
402,4.375692367553711,0.8461356163024902,d98353f0b02b757b0097ba0bee5415a070e77e81c9ac886f317fd42a982039b0
403,4.350297451019287,0.7914999723434448,90a92c6c953320ec487f77cdb409d2441ab3922ab2ec79971a86c8c7d68163c5
404,4.345658302307129,0.7958101630210876,73616d4b1cd3c12ea6606df7067939379b0185577db3de5f2cb314c75b290948
405,4.3730597496032715,0.8564944863319397,d3e48262cf58c5ddeae6076c9a65fa339b6bd2a04e23c2e4c8484604f3dff33d
406,4.320658206939697,0.8346781134605408,5d3c5f171d5b1e34b3f72b8a5007031b46c64bceb4e076974c1991ba159cba4f
407,4.320719242095947,0.8138668537139893,540e555e26cc5fabb23b07d6b40317c66ad693df622139133f73444a077dda98
408,4.411218166351318,0.841113269329071,aa5e5a018538d1f879419b2f68400221b9e27fb52f277c7ba9494ac03e472ede
409,4.3433427810668945,0.5894595980644226,a5c3cab46b5e13073c3dcc4a702714ac8a79525646364fcf49bb8f024b3e18e6
410,4.400924205780029,0.6595872640609741,77f18d0baf29663cb468ab002cab44fdc810ff59b63593a496827b98d2f1517a
411,4.404548645019531,0.8086702823638916,8cc65e29f0b4e4df567f0e0e7431921f81acbfc086b80d48241986d10a7d3bb4
412,4.416349411010742,0.6127041578292847,565773262107c5d48cd28fbdf1a38a755a641761273f0fbb5964a87d03acdd58
413,4.260138034820557,0.7832942605018616,fcdd4b626c0f06dc7771f0ee49561e19e041f8509688d9bbe214832b3a6f92f4
414,4.336120128631592,0.7142302989959717,22667d9df272904d60247e2bd096b1d89bf9d138e739e7b93530803d9bed9853
415,4.351099014282227,0.668608546257019,9b958c5cf223664f8b2f7cb3a4f5f0ae988cb9d5e3e283d5c93f4e44b07bf5e1
416,4.324410915374756,0.7651704549789429,3e7c3a86371c8c5a306736c2b118a5f04ed5c49832931a56c814fa6d53d39fcc
417,4.302253246307373,0.8760867714881897,e782cbb9285f21fea026825637a6848ae3f8bdf51d93828df9633144b080e495
418,4.3866682052612305,0.6067410111427307,3199707dce7d888b5d73a64e52b4299b094fd0cd8f007d0f0f9e7ab6d8c0193b
419,4.389957427978516,0.8293237686157227,27aab7f593ecaf12ee7ff69f6511d6f034f0407d9125d3d4fe2949f53d2193c4
420,4.301793575286865,0.7370877265930176,5441c5b02e6ea9154895df108b4c88bfcb688f90d00d42e70b9b837e93da13e6
421,4.343304634094238,0.7235976457595825,5dc32f876b069d8475a72f9c12be3825c9e327e49705a353a6143e5beed3de02
422,4.412934303283691,0.7298840880393982,9b8f5182c66821af900a43d7a8d795902d42120690cb9e20f60bedb024e77548
423,4.474294185638428,0.717587947845459,778f412705eb923767e16574ba43005cb384326c1a0e0555b778425cdaf6619b
424,4.255651473999023,0.724052369594574,e6625987d400ab6b4910f7341f04f1a3cc29647d66952a075d400bfb8c992cb2
425,4.340124130249023,0.8009682297706604,b01d98b4d20ddcd6f21a62dc49095fa8d256af52da6f6904781f653a52bd208c
426,4.368885040283203,0.738006591796875,1c53319682188590ac4986bf9fd434ebc442a042251744749f076db4f3d16fc3
427,4.318480491638184,0.7568037509918213,38e00756fa7045c2245639d848f0a5340513ad1ac868f2665a0754fef4cf9da1
428,4.303040981292725,0.6811838150024414,8c4e8d29f54786f298416de37cd004553039ae69fa0d517c9105c0db0e8c08fb
429,4.367163181304932,0.7140056490898132,265115e0abfb1351a8f47082138afc8f81a6844eb30c2ef8deea459657118ce5
430,4.296887397766113,0.6371889710426331,2da1612d1bc2b105a00c4a04efa73feea482df3ff1f8b8cfced111cc75fd5550
431,4.31842041015625,0.6495269536972046,cbd88e30aafc0dfa920c834378be1dba159730eb9d9ae556bac87d927163f058
432,4.323297500610352,0.7725399732589722,4e9bfdf3ae3deb6e03a3c67520f44fe508171cc2f8656d4dd90073ec22c9f90c
433,4.3539934158325195,0.7133017182350159,68f5a14677229861cde96207e6b726b8542d54a6434775ec4864569ee6339b45
434,4.307145595550537,0.6698684096336365,ff27a71375e5dab0ed5117cf4cdff18432936b9497506fa832eab9073eb8efb8
435,4.337517261505127,0.7840878963470459,75769ba9c59f412e80515d5c1554fd98cb01b76a64c112d8c3f29d5765abbc9e
436,4.248911380767822,0.760320246219635,b13cd6ef93ef7e813191b856f67b67149368b8e57373368553c3e9ea9377f150
437,4.284627437591553,0.7010108232498169,3e844b5c135183d7b742ecf9638c4a24a93ce776322c3be8da3846c279d62f97
438,4.244578838348389,0.8655723929405212,cca5b820e2ab1d249bc1e3d4bd279a76438352946337a7d2791e4c0707864928
439,4.281257629394531,0.6700632572174072,4dee748bb9bafc4dd659c3ec6afcde5f62ef3c579bfe16596ce30ca1349c3fae
440,4.338629722595215,0.7864802479743958,06208e60fb18d4ada06aa9101a7a4f87ede87b773bae500b005420d69dac4cf9
441,4.262906551361084,0.6408604383468628,c164ad097183ebfef2a991af196531ec5bb9de0ac5a94ebd18f1ad2b194b2e1b
442,4.224750995635986,0.5797649621963501,d43d70b2ad03a915445b284a08aa8aca86906377113c555af9d31940cb23a664
443,4.159506320953369,0.7312212586402893,f94e1a74d9ec2df765e92c481bb5e16c6191d674a9caa1c3b1c0bdd735501794
444,4.213756561279297,0.6550073623657227,b77d78e9f5e0b7fa34905cf0beae7d16d5d1cb86f5a70a538d88359e5c80afe0
445,4.338437080383301,0.7902262806892395,370a4d81344681d8bd5c0e8ee9db7cdc9de9526eb6c358ca5ebd71c91acae910
446,4.256295204162598,0.7276071906089783,d28131e1c71f192cc975b025a64aac8d9978c348ac8f000b30cb180a00f15faf
447,4.219132423400879,0.7451325058937073,e5c8773eb7e9144b440da3d3f524aa3b68b552b36ef7abe716db3a23cdc6c527
448,4.314079284667969,0.9818001985549927,2b27402d352e98d50493ba364c8ad0aab1c628ee138e4b8caf17695b7a6087b5
449,4.313830852508545,0.8172961473464966,2a634b3a85a7c6e80760b9999088b5dc72a9595bda57ff1f7ecde1916217b757
450,4.302043437957764,0.7503718733787537,2ac8ccc5c9587d2a3ad4d463acdbf078d415ea1bd782b333170089e3fcf530d5
451,4.206651210784912,0.7658596634864807,7891516b23fd86c7495959c643c62d26b29d22b12388e0778d551a03f036a711
452,4.302520751953125,0.8015158176422119,f2df53fea92291575f56c4d9139bfdbe7e1fde2a1c85af98eb0c6cb56a199c3e
453,4.328797817230225,0.8347947597503662,9f2ec3fb18900829aa203336425ed215acf2d69f990d2c63d494f9c212a02ff9
454,4.220122337341309,0.786915123462677,b190a6337d93af51b720c646a00df7c074e62fee73942fc653e553c83e47313b
455,4.335381984710693,0.7608630657196045,b37836d5a29c2ab8241c90d8a8ae08fee33dca3d42a51964fe9286bd7556877e
456,4.250851154327393,1.0225743055343628,c6e5e8659fe67eea5689d19c6f286228d56a2fd073c61c6959b0f37f44aaaee1
457,4.297286033630371,0.7842506170272827,d2e99dabea67742d344a4c42dfc27ee8605369bb4dfd65fc1af0dcb03a6e9ed7
458,4.117965221405029,0.9592761397361755,46f73f6a2bd5d15e3353101ddf6315e5d8dd0b45e1ee98ebc1abb721f762b568
459,4.25173807144165,0.7298228740692139,0801d97fb4a015c99269bb5bf6398ffed2ce717c62928b70332f85fcdbf97123
460,4.212520122528076,0.8408780097961426,ebaf5dc9c8fcba3d7b204892cac078e9f392f1e9e8d53c94bc3e1eba05ae0e76
461,4.356200218200684,0.8434352874755859,55a4aea32677ec38feb925cbae9eabcc74ba083973b26978ce2ada6cd208eb76
462,4.15195894241333,0.7845242023468018,527f00ae72b4d9fc16c527164f0f3388614b2925c8b39bf0af00f7cf8e72c2e9
463,4.269274711608887,0.967555046081543,98b426ed1a1fb7a4b311212cc013264a6ef818559e6edddcbdaf865f725f372e
464,4.356334209442139,0.7863801121711731,5ea922caba87da459593c44ddba711fed5c0b3c59940d80d4ba9e80830e52420
465,4.239410400390625,0.7669534087181091,7b50e8da5c3755a23e0f0baf70e94a37965a2fa60a96ace8af4e52a7812c2023
466,4.244898796081543,0.9166213274002075,8512847385e572b4c38955ffbc5debdaca8810c4ee559e57afb227ce5eb6616a
467,4.2475738525390625,0.6795770525932312,589d79c096a83e2058baa2a060de91631f4bc60b513a75392b630f4af22a060c
468,4.326424598693848,0.81243497133255,f7aae6547180e55a754970c1336ede1a42621d24d343925eeffac4af0163008a
469,4.193615436553955,0.7249879240989685,ff11e25f945a7924c4dbbf04945c6de72dbd34da35749e9817481277e1390893
470,4.281344413757324,0.6630257964134216,6b2a02ed545ba94c5d4b1de34dad61037112bc0c1471eb4a3644e6ba2b469d41
471,4.232728004455566,0.8277491331100464,fdf8f23d620c6335a29fe1f2814f15bf3f198099a2a680e504b0b1c310d051a1
472,4.250552654266357,0.7223221063613892,3d5b4e211ca6c08c29ac0d2ca6b87048b1067dbbb9e164d71c4b0dc8301952bc
473,4.330387115478516,0.7325281500816345,786f66bc7588a7baab666ff3d0b81fc156f81d48e99a81f608964fb74a399417
474,4.114679336547852,0.7181286811828613,c16bb43d38a09b59dee5fe8e43e0121546165cf1f21254ff173eeafde8afb48d
475,4.205629825592041,0.7305965423583984,7ffede2275a42fc9ad7290ce6f1eb01c9cb640d66e4429e00a291685bc0bd15c
476,4.153875350952148,0.6601606607437134,4e8dc17a3086ce035de1dcd65cffb3b9ef24f28c68ad9f576d3910ca96c991fb
477,4.175226211547852,0.6946991682052612,54b60c48e99b8b45cca724efec12b3121075620f1fd9384178a374235c5324f4
478,4.202803611755371,0.7374226450920105,f50ff7e121cf5cc7e6cb5b762fbd2b23ea2a3ea15442bfd98edfe6c45fac8c9f
479,4.298290252685547,0.9613998532295227,6b24c4b43776469a00e770fd05445b433337c27dcb9bbb88e98ff53854cc02c3
480,4.148884296417236,0.8337838053703308,559163784927ed0e088378e19afdc2e8165c186181805e542ee2327e3b145683
481,4.215620517730713,0.7763493657112122,af300a5ca71af3b3ee8bfbb27e1a6b8d168f502e4b8c5e02a16a6bbd60c09694
482,4.268356800079346,1.0972832441329956,97c2d8c3a2d45eb9d7cd8c35a4d55a1af360314f50fb8d4a22121c9e32e2a424
483,4.287074565887451,0.8484346866607666,ac6a086efb0ccdd698ab9b14a3cd1e402733d91a76b14a0be64d010b8fb2d37a
484,4.119990348815918,0.9357633590698242,42bd954f9ecc02c11c3cb37d7ef38f715e02b3d7153b91b47abba40a345ffecd
485,4.186615467071533,0.7921172976493835,6a6c8a0082b9e4601ab70210e8247dc6d863faced7622cb54419cacefa60880f
486,4.221262454986572,0.8217915892601013,89a0fef50293712647a8d101d7a0ceb603d45c9b4d7342047a8f3f51a2099460
487,4.163012981414795,0.6935006380081177,834141e84f52da9eb1b87d8bf96cf0a7fddeecf0d7cb7c8ffebd830924c3b0b1
488,4.216953277587891,0.7134690880775452,01068f8a2807aedcce8d705d933636e487871340471bb5fd810a83db1b2e2c9c
489,4.224851608276367,0.7784782648086548,d9380e6072fb3351bc4902645558f6b26c5e29a6ede84d790aa4a0284a62b166
490,4.217427730560303,0.6926739811897278,dd76de6cb4d1492ccfbf9f932ae1aef560bf0b6a9953dbe11350d9002fd90461
491,4.208090305328369,0.7065210342407227,811ce8137616cd2346dfb8d5011fcaf8593274d42aa50f60a48dfcb5f5fd246b
492,4.213767051696777,0.6536827087402344,d0b2efcf1fbedeae34001e4b55ab22928bb3a8eb32e66747b936b39380edbc58
493,4.194252967834473,0.5960227251052856,45f1e095fce7b1f8c617645017e24cbff32c56ecea9d85ee273bdf0865bb6c35
494,4.182118892669678,0.7101529240608215,51b8984f3daed60de56955f1c2cbec49a5668fc4a9f2218808b0160d5000eff5
495,4.1108551025390625,0.6710006594657898,4987a4b60d794fcae02595389ca65c8d148b0645b54ad4c79bb666135eedd3bc
496,4.114879131317139,0.6556989550590515,0eaee72faa46ab7110125af8b22136dce76444fe0561ea433d8b9018f99e512c
497,4.202351093292236,0.6172130703926086,a59f605e84b239372602dd32d457a7e239049fa4c8f2a13d69ce25e621308f48
498,4.1381072998046875,0.6616787314414978,b43ee3a8cf5b2dd9c9ff74c226d684ac43704420661c598bd4e61c3b420acd40
499,4.084643363952637,0.7362162470817566,f48d9ddc66fa16fb49f56a69147fa3ae2744c16f0b26aa08728629856196a281
500,4.257012367248535,0.7512760162353516,195465a207497a5fdac5eaacbe0d4830a49b6b4117836e3e3c11fc23e89b55b7
501,4.239170074462891,0.6485970616340637,54136fac7331686a0768bdad48ecd50cc27746231a999420bd776a17345dacd5
502,4.183009147644043,0.7135435342788696,9be91b8154d042ec5bfbb0e11e64ca88ffbe9fca89a539916b45d8448b9aeb1c
503,4.23622989654541,0.716829240322113,2af7ca8cb38326ce192b6a2ab15f5bdcd872654c8888f135417fc69abc0b9cce
504,4.226008415222168,0.7818047404289246,9d33cd0a8a5c6c52272bd4b180068bb10a1bfb9af732c6a8f30ad0575e7ff9b2
505,4.1862053871154785,0.8666611313819885,cd11edd818498dd258bfa368175f4131dd0458f8d0360902845a523042b57cba
506,4.184475898742676,0.7102487683296204,b7eebe5c26f3553efc51ceccfbd3a66d34630457fb3b9192aa847a2ad2250b26
507,4.165640830993652,0.6233377456665039,3597fbfb7aa3a909a8f224beea7aef0f034897f565162fdbe43ed24e1cd397d3
508,4.162749767303467,0.7670367360115051,3bffab224b2c41eabc23fa25ee0cc4ba03a29975e9701e1f170077bd75073d19
509,4.097776412963867,0.6337659955024719,9ec3bcbfbe6322fa6231bb08a19dd81d7132f0f0bf5f6fad5a0760018d70c742
510,4.125607967376709,0.6616185903549194,e347add53c553a469159d1736aa8e1b741753a4bf3b1a2648ac17e5cad6b0b5e
511,4.18422794342041,0.6735502481460571,616d1d459f9ab34333ae8cbec3dd48b64d16aac7b0f8356d32c14c282467c55d
512,4.036087512969971,0.6624650359153748,887ecb77c2ce6a09cd649a9178567efb3c2e61cb215705302348c47e5137fe03
513,4.143708229064941,0.6786121726036072,577e5895b2b2de88baae55622ec34f38b7871c5b89c263ed778c2a8b095297d9
514,4.134758472442627,0.7649280428886414,31380f38f313ed53fc37c4d1df03ab0f77647020659b8d06e6e293ab791e482c
515,4.169375896453857,0.7451489567756653,4fa6d43765d348125d83090aa7ec0a801e99360a60761e8055546340a63ec4a9
516,4.097105979919434,0.7445583343505859,e4c103ac70ceb99bb43716b1d0b53c7abff3c08a1d067172d9d03245270de900
517,4.153700351715088,0.7729772329330444,40137d2c09bb0d0c075e16a6b485a8a34b85c4960c1e809099f480c96e5f5562
518,4.102474212646484,0.7733564376831055,ff39e7926bb50eb37ba569553fbfce4471d393bd8014333251840f139dfc7b04
519,4.16165828704834,0.8778897523880005,deec5fc88ce5d7d957ca8f13e5c6242819930022bda3a9f47e7d7b692a155d3f
520,4.107080936431885,0.8870067000389099,f31eed18927e07cc7667b1bd2ffa34be189227f1438fc9b16607b8f6cd74b88f
521,4.102899074554443,0.7982248663902283,538c0404fe7f471b47a82ebc26d1a552ddd638b7270129413119a7260c184b25
522,4.163492679595947,0.7158709168434143,0a2820b5e69bc70e0d5c4459817bcd4f0f952d1aa584b56f57acc58c18655a38
523,4.015284061431885,0.8701956272125244,0268a679159adcfd8d7ca8c6719d92ae012594e98b58f57719a176a577293508
524,4.116897106170654,0.6848686337471008,f0bd2e04cf6cee294c0b8774cf8226c3e49323bda75f9f934b818f594de48694
525,4.025876045227051,0.841586709022522,817829742ff5a7301643aa3af85740362f6324b88011581a6cfdd9107343785a
526,4.133158206939697,0.6384785175323486,8958e7407c6f655466653797544f2a729eb4bf27f985c9b4826cd9c30d911fd7
527,4.147221565246582,0.6882426738739014,c46bfd73822a3fdc11d065d613636e7799ba4b6ac38eb55bbc18d9f92e771985
528,4.146193981170654,0.6579396724700928,1e3e66a7d7074597ec4e6fae069f3d3eead660ea08eb7acd1c31e72e31b2c42e
529,4.103217601776123,0.7031906843185425,e2a7b557e679e77336a93890b29fc7130215d8588fa8b010c81ae4726e32c797
530,4.104817867279053,0.7003450393676758,da0dba925b2b59d6b07137afcce71241f6ef1ef261921dfd86f6c2ebf1b1075c
531,4.152761936187744,0.6058270931243896,8dbb8e2dc3da73fce92944b90d195e56eed230a5961e73453dc70761fc775b11
532,4.0412092208862305,0.8086472749710083,c60aa3fd9387464fc7c5f8333271fa6d4f77edb36716a3d66531c4f1973c0041
533,4.1172661781311035,0.7094798684120178,8fc84cb5340bc6f8507cde89aee1134e1f290e834d31692a83507d19a7ecf9e6
534,4.090768814086914,0.6954959034919739,279f7e9acd0eeeb76f2a4c04d03423ac553e3d46747053b24f65896b0eb9b8b1
535,4.22498893737793,0.6954888105392456,ad5d359ff81cedbedb13ab5ddfbe8c81aa791e5203839033f5f8e138a1dc825f
536,4.024598121643066,0.8167254328727722,dd2182a01cfa8817505fea45cc05d1f589978e6d92dd14af8f5bdb842a0fef98
537,4.165206432342529,0.8454934358596802,721c6b527c2f83107467a121c8e32ae87f0c793410658a42b2a3126763e7bf86
538,4.16591739654541,0.7021518349647522,166c755aa0e73ff15a579372554ee898ceec312bd87ec51dcec65649da654438
539,4.072220802307129,0.700800359249115,9b776b803cfbfa440f963857aaa8bc74f28bf804b8b9c03b1307bc0712aeb2ee
540,4.18029260635376,0.7939816117286682,9b7331b8949102293e6be161a3b31c7fdef495f5c00d6d8c09a8ed455e61f62a
541,4.1524786949157715,0.6287868022918701,92949fa038159a093d28389b2c15526d35942ee8930227f6e05a0ed3507e3b01
542,4.126253128051758,0.6297461986541748,8c3e1e74abf5ec961f2d77f2f11d2fb58b50ec4b5d7734f354c64ae1af02dd86
543,4.160359859466553,0.7600858211517334,057ca94e666bbc4b1838447b0af34e3316305853747b19ac9a4792a21ff9dc3c
544,4.063587665557861,0.6579666137695312,2c09876b1be018e8b5f07007cb62026c748144d79cabe570fbf99f60f35e374a
545,3.9666266441345215,0.8452854752540588,263dd19adacb77b7a92d9777bab2385ff3668056550a01a1bb1b825a075d14e0
546,4.1433424949646,0.7105321288108826,b3abb30361c75649deb0cfd964d1798e8f986296154fa4de41cf1e642c04b3be
547,4.018383979797363,0.6244602203369141,497779f0dd1c5ad90144c86ca97cdcb798df784ecaa63593934e8acd6a40d31c
548,3.9850893020629883,0.6463308930397034,e22b1c48fa68d342eff7476d1082e47bffb9af335ee76fe9577cc8c87a5b2e6e
549,4.27603816986084,0.8037616014480591,fda4e23ef5858e73becc4feccb5c8e5254e28aa1515bb126990dfac599d9078f
550,4.132800579071045,0.720930278301239,aa7d9579fde81bf70a2becf3b9ea5034306304cd9543496aed1834e0b6f8697c
551,4.094195365905762,0.8298909664154053,9f59ae6755e94e331cd2fb9533b39113e74e84fe1bec1a6de81670ffb73e9055
552,4.16309118270874,0.7255803346633911,071084886276bad89773fcc6fc5ffcccd63708cb05d3aebac8cd813061e931ff
553,3.9715144634246826,0.7873244285583496,584acf8250f17269c827b23f9410ba0e4b2a27fb9d8ad59db3efc4ff85a209b8
554,4.0773749351501465,0.7307630181312561,b916c530f472383672bee3cb3d6dff0fe0a19cfbd232cd80c15061b1eb0d8a46
555,4.124292373657227,0.8359385132789612,34f9728ebfcf9544122596f9968e24f56647cafccaafa3430133e19faa9d00b8
556,4.2849860191345215,0.8308389186859131,1bbd47491f6647b529590bcd98a451d4ebed4c56c4e1aa00eefc7be25d727024
557,4.091607093811035,0.9307428002357483,bef74d9727dc677b013c08fd2f647253531b49919d18f7cd7f3afe72c32af7a7
558,3.9870946407318115,0.8769806623458862,844a539e4477a443d13efefdb345556af0139e3ad90fe2c137df91bd093079ab
559,4.184390544891357,0.7395820021629333,7b825666c888387b097c80daf19d9566ccfc8df40cf82948e3b94a52662912ce
560,4.120754241943359,0.7771947383880615,4791f5a649ad1594333c7e8ed8c19b2e25b028b6659c429c7bc7d192100db455
561,4.09580659866333,0.8228145241737366,c9633e44ad353163e19a2f58dec954d5d5508dc70baeb5574e1b85cadac4531a
562,4.068753719329834,0.8360199332237244,3d227c2fdcfb588394b1f382053ff1172fddbe798dda11eaad7a7c7bc61edcc6
563,4.051021575927734,0.8340040445327759,bf4ca481ed5768b72109f79d51fc19db346084c8d06925e046ba3eef58181f76
564,4.0076680183410645,0.8085700869560242,c3f2232821e209ae8b2ecf6f6aed85ca7184973015dafa45b726274d699f8397
565,4.109963893890381,0.7002450227737427,eb1e6658ee737822683c658e212cd5f9a9a976d524fe0ed4a57f3b9256c992b1
566,4.087206840515137,0.8048723936080933,3fe18f48111dfc7e2314bb1cdc43b7810768c1ab857ad84a09be78d6dca598f4
567,4.068519115447998,0.7045244574546814,11bbf657d8d97660bb6753dedd9863caecee90ea2e4ef54d52d25848a292f8fc
568,4.137055397033691,0.7077380418777466,970b0cd419b034d62f0ec0e2887bcb464f4e7428e3e38491b9412d9bfde897ec
569,4.151483535766602,0.7642936706542969,481b8b18f415577a184dc448e2e9d722e41111255fbba5b999f39519e8306e7e
570,4.012905120849609,0.7248411178588867,194a79a8e288c628fdd86326a94f3f2f6ef33c7fc4766cafc26ee8b0093f4694
571,4.0165605545043945,0.6538825035095215,5d321f7ac7a8d86a2ae6f223c12f4299bb632572421fdb74a72ab0d3bd9b6d4c
572,4.133956432342529,0.672118067741394,f687dd9072927c65949437e0c83b870770e9247ed61b512570ddb9dbfad950cd
573,4.12279748916626,0.7671502828598022,01effe2720f074e721a28e2caaf3b7666334b3bb2607b75e8d7e4d95b8bccfa6
574,4.012330532073975,0.7272825837135315,f67cfcfdcdc6d217109f453d6c9a7757f544e220542b03ddb97307c17985d960
575,4.017289638519287,0.8168739676475525,4a7312710c5c78c0afb32276fec3ca448824796eef400f281c91fa4230fb92ef
576,4.107551097869873,0.6997203826904297,12132277d2b44e61d4ed665d7abcf54b96ef8fc1336648d8109728b8151e6ed5
577,4.039870262145996,0.7624044418334961,bb5f2d7a8e398125cea71319a1962543aa3613925bc92c9aa3602606e09190c9
578,4.089123249053955,0.6799312233924866,a335f3c1e323b9070a146076fe5490cee353a3600019a426b104efc89aa82326
579,4.116575717926025,0.6956972479820251,f3cb1b9d5934a7e9f4973dc60b5b1fdc6fa071c6a2beec90bf41822e94609271
580,3.9786407947540283,0.6729804873466492,45dcf880eb2aba1e46f82b53ac935c17a940dae633fd5a73096eafede316dea2
581,4.074252128601074,0.6367790102958679,92ae7726fc51d82aae2b48e14955ba515fef2efac5f02cfb3612c1c612391db5
582,4.005687713623047,0.8869584798812866,1014969783516ba694a2f015d384851358e9a4950121a088cf151585578f977b
583,4.035728931427002,0.6990606188774109,8992105e29101de5e61ba0131032a5d152cc9e9050e6e17e28fbe43fe292e4ac
584,4.086859703063965,0.6962283849716187,742ad872476a716fa93a65ede18f9fde616dcb81f9751d1693eca291cff55649
585,3.9689109325408936,0.7054998874664307,04a5d42d941896983e99c1784c20d2417be4530d994e7071b8a5ac9291124fea
586,4.069621562957764,0.7905012369155884,dfd98d481b9294c51a7425491e5439d2c3034506ba21c5c330c4a67aadce905b
587,4.064579486846924,0.7311456799507141,c898ef9812d36c3d5ff5ea7e1486eff750bd541b2639e600807e1912e811a5d9
588,4.00936222076416,0.8723829984664917,259cd28a723eb268fb66d7c418e42c2d104861b0094b0e51c7aa9398233f4dc1
589,4.054872035980225,0.7240487933158875,ffb1c6b60ac0e02571d8d2b52144032e0003b36f37642198478ab7b2cd89338c
590,4.020050525665283,0.9383996725082397,9286275852d6039dd6fa25aa41eff19dedb57d2a1bd7bf7099954d15a85b1864
591,4.074362754821777,0.8002480864524841,bae93e29a320b0a28af0fc67c9106ecbb7ab5a805ecf514d03286ea99c10a70d
592,3.982470750808716,0.8205467462539673,e6e5d1871f92c1405bb1e900007c07f01c898ef5788185ca7d7ecd7ffe4cbb79
593,4.105623245239258,0.8656035661697388,ebee3fb85dbdb700f4a974a3f3fc0f47c606ced2397a7f78a9590c1296541436
594,4.12901496887207,0.8764432668685913,f367f12ad5169538c037b7351f216ec09ca1b2feaac7a9b07c6ce6446ccc73e4
595,3.922292947769165,0.8285162448883057,7f003158c9db94e496c838efe9c35f75a1c297dc709b3de27a41282f297cf002
596,4.014644145965576,0.7839581370353699,f16a773b31ececbf813dffda2f647deaf15932aaeb7554425cc080ca68c2e99f
597,4.024515151977539,0.8331474661827087,49aaac9bc22f83dd5efd0b849da5e8852446e856a3ca26190b349402f967a858
598,4.127159595489502,0.8820139765739441,89cca82ac0562ebfda0f57f655b7a4d62f994e221aecdcc0aee73617e48e5ea4
599,4.058892250061035,1.0433509349822998,9b4a9b5d191106d5a0ca99c41ea240fab27caffbdf33b9ed54c51f101c7dc77e
600,4.114248275756836,0.891302764415741,77c79f88c01e88a079a5c4e513b1ea6abc7d4c32b826cd1cc5e13a8c81c870ec
601,4.053263187408447,0.7365944981575012,969861a55420b25efcff6216cb091db599d9bf5cee3f4570d3fcd65549856e2b
602,4.048987865447998,0.8190046548843384,0617d2a896e20732c831544fa369a9351565522d807ff64c7856ec32cd2264bd
603,4.05105447769165,0.6995660662651062,738aa96f13ad4240cd59bbd733e0c1619fb3586ad461f272bb79897dca9983c1
604,3.894294023513794,0.8551785945892334,48a9c78763fd985acdf58dbc11719bf0fb04c9d9220e9ac205d6fd48637bff4c
605,4.089077472686768,0.6612167358398438,47fef477ba702202cc50c4c35f912d97d0a0f1922db8c923160ad2d00e02adee
606,4.0553436279296875,0.7707974910736084,832227be173f24eb54a4cd3a965e9c0853578cc20aab3ee32bdd3cd723d4c36e
607,3.969806671142578,0.806395411491394,9f22c378eec0e09c984c70328e4daf51d165655cd5c2a2b4e8f6309d574f1d1c
608,3.9797892570495605,0.692381739616394,d1352e91aa1e3eb210ccc904da788407e12d1a5cca7b7f1fc8ae5374bc1b5d71
609,4.053882122039795,0.8795686960220337,41f9db5e31e93fb01474167824aad1794854dfe2b40c425c9c9c22befb8d9be3
610,4.050138473510742,0.73211270570755,a65659463e5fc23a0442351eb00df315776276e0d48017cdf66567eff10f972b
611,4.006847381591797,1.0003540515899658,5bd354aa060de68844406de6111242e4ce7225ed4e29b514e73fcacb36297535
612,4.028105735778809,0.8631533980369568,b43d8c0bd83b0dcc750e6ed21ddc157ff08bff3d5abca8850a05655df210e4de
613,3.9542269706726074,0.8014906048774719,ce79da5ec40d6f2eb2bb629e1c804fda2e54693f6ee2a835f6766144c1b23743
614,3.9019031524658203,1.2481048107147217,417939f02c6bfe15c3526b76bfacb0b9b1a6826ac068c6ce15baaac20289e5e3
615,4.075189113616943,0.7185935974121094,08dd99e5018a202032c13434e9ccbe4757cf324ad8974c24a28167a0dda1b251
616,3.941063404083252,0.9878572821617126,33321b4ba20737e47c80cb76da5b985b7d2c765576cb7173700c0b546317b08e
617,4.012381553649902,0.8520462512969971,e3ba96f00e32088106abe7de4e6d30f37992f2a926a4c97ecb879c591dc9ce2a
618,3.979241132736206,0.7977242469787598,9adcf368a0eab342d913368bc648942434ac586821628086388ab7947c68efad
619,3.9944653511047363,0.8583694100379944,53b9724b2b698cc91cc19ac59247ce36665d2784cce857b7c638d54334a803c4
620,4.006850719451904,0.7687464952468872,401b6138b7d60c3702f02813a62dd0093846910d00815f5d72062dace892ee84
621,3.9936094284057617,0.8562148809432983,bc5d20ba23f96ddd3f12001e1ae3ce1f5eb1581823463feaeca8e2b745d3ca9e
622,4.073826789855957,0.7643006443977356,a2aa12f05a7ff6a630324b9734af7aaec06b34c5b472cd4bf5fc7caa38c9a6db
623,3.926638603210449,0.8724759817123413,9ea5450ccff0fe335ac787b0d704be141ed3f205f821e9f09d42e6826a8363c9
624,3.8902699947357178,0.8118959069252014,df2223d0420ae60e96c67441965d64aa6d842340d6461ec34d90d649778d65a6
625,4.0126214027404785,0.7109747529029846,32ea3fef78dad38259103349cd59a931d71f5600bf2f79848c74f2b96cbf6f8f
626,4.0598835945129395,0.8634642958641052,415dc027373b254162e65e290e3fbf38a0cc5f186f92979ae3d9d4d423c123dd
627,3.946681022644043,0.9304744005203247,d2e1a65cb2c7af76a3caf4aaa683ff63a65ce83bd8ac3ca75a9c422f27e52b5b
628,3.8643765449523926,0.9708850383758545,43138cf6a40b8cf18c03960a68ceebfdd38179ebe06f1a3cfd3dd46e48931445
629,3.8640778064727783,0.9375056028366089,a51fc574a7be2be8c27a735a9ff97fbb71ada4d804a8b12235ea09ac6a3b28b3
630,3.957813024520874,1.1800460815429688,2cd924a0684d6b85a657cc99daffc3f99a5a29802c1d3482c83e74e18497f52c
631,3.891564130783081,0.812614917755127,e024f7ef8d103eac77c3d8deaac5e0142665b0189aede936a91d5894fb448afd
632,3.930177688598633,0.8982073664665222,f410cce7f0f885bff0d58c8c64dd2143830a1db9487f54403785f5103ac25209
633,4.052692413330078,0.8021456003189087,9f6c37c4a0753e15bfa2c34f52bbc7672414acf5a6154b0d596ba34d4d8011b8
634,4.084498882293701,1.0167818069458008,778d64dfc36951d833a3ee892f6d467940268b66658a8dcb8d0c1fe3e43ad89a
635,4.010923862457275,1.049483299255371,a38f8894ec271506728a73c23deb3ab56f99ce793ec300123f3f07ae230ea668
636,3.979538679122925,1.0136998891830444,6b1ca31acfd242c4178e6e15dbffb0a7548926e0f2ebbdbe989d18e713c14e02
637,3.8842318058013916,1.0001939535140991,e326fb10e7868671ba3d6d342b01ccd18352b9698c68f9835c9245b7927c27ee
638,3.8972363471984863,1.0278143882751465,f9c7bf877cba15e90e72737388d2c9e92f038bdb5cebb48af6c9d4eab46b4bdc
639,3.8924732208251953,0.8516727089881897,5509aa88c0c7971e47e82de41683456c0c84d024548cdd617117cf03a92323a8
640,3.8973257541656494,1.1243579387664795,a668f2691e1c407bec218c0b3af2714edd96f5a1313356546ff9cfbe1013a85a
641,3.9167213439941406,1.5081764459609985,6cc681d17317051d2d9dd32b0e3bb893bd96066e2693a7b8c8a0dbff0a3a3aad
642,4.000736713409424,0.9495750665664673,6a3ba4bea9435df0e9cbc49818e8de5de9d2a6ed2ccae21812405385f8f456e8
643,3.873363494873047,1.168106198310852,dee8064d84322815bc1fb9b7a3a630d92bb44670e0a35484ada2b38b623f6bbf
644,3.953122615814209,0.9368362426757812,f524dace694d72176eef65906caa3c786464171bc951d83f4726085f857cd8ba
645,3.9482598304748535,0.9851782321929932,0a326bc5f0275b8701c0fe02c8c4c8f7d926153e5a43280d4de50b9836583a1f
646,3.8974742889404297,0.8356812000274658,5d75c5aacdfe9a6e7252d0bf779879f973c09d3ccf2281c244096db8648bf886
647,3.9690122604370117,0.7288684844970703,8ab57f0bd2a093246457e52efdcbeb3282fd4496a7b31a464b34975987ed1bdc
648,3.928403615951538,0.8542121648788452,371a2ca8b79f7a5398dc893342af11680090e059c972857ea3f982a9ceeb1b76
649,3.884053945541382,0.8956049680709839,482e335cb64999b98904fa812bbc4390b93dea2cfbcf78b767b819db5084d5c0
650,3.9664084911346436,0.9631665349006653,3b30c1fa9e990d103025ae3d45a16ddbc3692838b925e6abfb258d40c9874b73
651,3.908881664276123,0.7998219132423401,ac96649c38f86c57fdbf22d10bde178743f6e7a3eb6154174abb57858c842b6d
652,3.900439739227295,0.8235936760902405,989532ced47e50a26e5d28420b48404c32654b8f7b1192c39fc526f67b0ffb61
653,3.899249792098999,0.7613155245780945,de94f4e60164bb2481bb77cb9bafa1748a3cbfdac3f50bf791992919e9428680
654,3.9209415912628174,0.8570950627326965,5645c795c55089bd472adf3827e9dffb0a88ababaf980b55eed8c63ac19e4576
655,3.962285280227661,0.7555924654006958,6a4caf95eecf2a2693937cd7fc3de72b8fcb63faff83240f8720e66e000df762
656,3.9270002841949463,0.7926414012908936,837e271c4175a0f6bd663310150ba001c7c137758c99cb898ad1684a0ce78b3e
657,3.8705813884735107,0.8437798023223877,1aa073c968cbe32e3b1285bc075e549d18b04195f561dd12121de129ced2e556
658,3.89526104927063,0.8264003992080688,8ec26d2279b568726f3598a8ac3b816fc897487caca8fd84a3fd8b08418b76bc
659,3.907470226287842,0.8500467538833618,c1ca68e636d12cd6ee5b9e86a20500e39156db861e3ca99c98991c07c332c985
660,4.017698764801025,0.8398609161376953,2918b251f62723eaf8b961aa553b5ada25f986e1a4178150075ee45b5fbae30a
661,3.849539041519165,0.8511470556259155,10e7fe0fc25ab6f0b1f28b65e62449796779099c1057f90a8e6ab6148027e687
662,3.826427459716797,0.9264074563980103,ead172464ab0a0006d5862a3f27acae57fd3ef6f40396511c9a07bdcc515df3f
663,3.863316535949707,0.8935810327529907,067e55da06df4dfc3204cac0cb1b08fe70afc897f48fe90536ee293e629d5546
664,3.9537463188171387,0.7604421973228455,4c56cabaf6361fa51eb4f46dce660a7dd342c1869a87d3d6d22f059d6e57f454
665,3.8918681144714355,0.948124349117279,5fd3e8b8f2ac23e4466ca0f30c24dfa4ce1dd1dfef61b8f96694a46655eb8c8b
666,3.8504652976989746,0.8920611143112183,48c603852524f2b926ce33562e2bb33b036c0385823e27115a350ee25db88333
667,3.89096999168396,1.076658010482788,c9386001ce4b74f40642ab743a09955900455d04384f6bbc5a00c26f7ff0769d
668,3.922283172607422,0.7481233477592468,6f74768a9a9dc6414eb904df0c482a015c5cc6da2ed417de212555ed2f0aa501
669,3.8177175521850586,0.9921835660934448,1ef48f3951fdbbe1ba38330638541dcc7a3433358dc236669bb636c915d699d3
670,3.9452202320098877,0.7659062147140503,26926e59b9a76f89a2cd4bd19afc76de6a590930537b57d66b744a24fe12c400
671,3.8468687534332275,0.7602200508117676,6accaab4b0a3cac83b5fb42d9e2437494282cad8e872df0cd7dda9a2178b65b2
672,3.7750213146209717,0.917521595954895,bf04fad8a8859ccb4b98e56f4eeb0de763bb3a1c3ced4d40137b0976e485cc1f
673,3.8378536701202393,0.811522901058197,04a2fee6ae7b3830ed4f4df6a237b3c5bd5a5c89a73775d44a1617f717ff5766
674,3.8747189044952393,1.5469413995742798,904d512e96651ce5b6e5a63fa5f264fb528abca91ce94375282487309195046d
675,3.9142582416534424,1.196632742881775,bfe177ad6b673c85e689c7968a7d59546de8560378092198cf5be426fce8fbf1
676,3.9926631450653076,0.9894892573356628,fa0b79a9c30f77ec660c256c666db0ef30b9547426cab1ab5b3a2dd355a78467
677,3.7636899948120117,0.8073351383209229,df92701b6799b1dec7a05def01790e8e749d46b366cf47bbf58d1f16ed001ac0
678,3.845546245574951,1.0910691022872925,807f826508ebddc32c4e323ef0043891bfc16c1e526bc3063c8c3660d7f73d50
679,3.7907283306121826,0.9625877737998962,8d618eeae67e2d1030db80300059ed1229da67c92ce3e49886cabbf7c58aff40
680,3.8292548656463623,1.1748957633972168,59b94fcb7350ae7d27c520ad1eed60c1e0740f2051e43a1fc2ccd5b823ac8f6d
681,3.808091640472412,1.0052289962768555,2a722483ca4f8cc13299cd26ca070fa74a9591775d46daf27793f545f0993d90
682,3.8445310592651367,0.9742399454116821,6d13084ed9f77cfabf90eac17647afdb0fb0d4512ddf7ec16127f1c96e3c8030
683,3.9071614742279053,0.8630340695381165,005a47ad2cb54e27f2d3749be66650b8082134ef0a170c20a0a726db442cb5af
684,3.8150715827941895,0.8137786984443665,81e63ed44750733202bb7783eda6388af2a018670889561b083064986d3c8865
685,3.8346431255340576,0.9278779029846191,d321afcc7e0d964bc706d4eb22f85d306caaff43d467dd849b101991219601dc
686,4.029637336730957,0.8111742734909058,32ac873a360bcbedff840316ec77a961eed1ed8d8e7fcd9b5f81bed6ec597a96
687,3.8673293590545654,0.8486925363540649,b54e341e22c9ba61ef6a5c01caf21ae6e2fa9f664413fac3fa16c699eb4a6f1d
688,3.7304024696350098,1.0099109411239624,e295dbb53500f32b1191c53fac8540b24b1fbd8c72b0d556cccd3e794835715c
689,3.855226516723633,1.0063093900680542,d9133534f65003a926d7b9fea60eef4fe4ee808e44fd5b1c307b2af100a9dd50
690,3.7140703201293945,1.0401461124420166,28fd7df5da69c37b9bda6623982716c06356721cdb5f59604dd3f837865d1a57
691,3.7952568531036377,0.8827015161514282,1da19ed8e226f2e2feff93ec0dd94b905eeb04e959b093dc9973036549cf7b22
692,3.8694956302642822,0.8759780526161194,73d64c43e4624b8b57ef10ae7997166867462fbedddd2f7e0975ee51aa343fc2
693,3.855380058288574,1.0069770812988281,7850011963320b2331cadd1728a81308d07ff077a4bf86b64fb67f39655ac15e
694,3.831636428833008,1.012537956237793,465a253ae633a15d85f066060232cc8617f694791f70a05ef22b976f15dbac74
695,3.788571357727051,1.3181229829788208,5505949e19734f762f8ab91dd2a361555a7751394d2e9839ce1866ba7a55d34a
696,3.797271966934204,0.9320222735404968,c1d951d571e57bfe20a995a43b8103e6945bc7ea0bed00a2c884b0271902d7ce
697,3.617494821548462,0.9641852378845215,c55dc73ab5d7bf45243b59d60a633b5129551830b3536fa237157baa80755db2
698,3.740952491760254,0.89497971534729,6fc2414a958b35bd546d1505d579623210195360d88dfdbb42e11e49934bc663
699,3.8467185497283936,0.8378686308860779,4bc55243eb2d11c7f96c359349af1a3a101104f0ce382a791c113f3720fa09fd
700,3.830894947052002,0.848694384098053,ab6108d5298a4d6676a6df38a5e018a7ba3bf053b9951202ab48284c2074549c
701,3.7303342819213867,0.7887570858001709,7c054236e45f1fb65e4d38b635262969d79007fb230ecdb3aae0dfa4f6b92749
702,3.7096474170684814,1.011014461517334,00d33eade98ec33f2728807b10e110e98edb2912bb03b740ac76b73d0dcac320
703,3.803501605987549,1.2608956098556519,3a785a0bae5db13fef79473fda0e1cba5757c38460b8d959b2c46c2b2faa4e93
704,3.8217861652374268,1.031283974647522,b402a5aac47fc29507cec2407fbbeb4abe1d1c42d82ef908de3d485eed3bab5b
705,3.8534646034240723,1.1504993438720703,760428dc9241baa2a675dd65c79292729ea8bd3a944009b8ce3308d1dfcd6a89
706,3.7189745903015137,1.1151573657989502,10ed6b37e5a46ec33c126de94195f03d55cdbe384e74503b6af47be9b9208e71
707,3.7667343616485596,0.9011080265045166,104b990f3a32e811f4ef1f6778038f661118968181316fa2c9f81aeb3819f0fd
708,3.7743821144104004,0.9185733199119568,156a9c92c1b248c1ec104090c6ccf475c625448933060b8f47f39410ca59a63f
709,3.836747646331787,0.9123697876930237,8542b186507f70f5a9612b64c903b0cf8ffa87d09ebe14526eea613d25b10059
710,3.7518093585968018,0.9302794337272644,c31b32d04b2f9a08be14f5ad5b73a9714ee475d320ff770a0198e33fe2f860a6
711,3.774017810821533,0.9761406183242798,244ebe76db91a5289ccd15211d384f4aced7ac2b0ecb8dedd905f12ab52e19f5
712,3.7948975563049316,0.8862760066986084,76a24ae44809634211388294ef295f0e87a391315b3e1c296573c4b6dcb25b61
713,3.743685007095337,0.9406940937042236,62aa8b84ac5a98c46875ecb29c31856cf51eaa1835a61569f68bfb44c06a5fc9
714,3.8474791049957275,0.9694491624832153,b715da7565e26eb625af35239ddf724d4afaa685b350bf6230c9bcf6e9a601b4
715,3.777787446975708,0.9320424795150757,99e3967bf7c319f83c70a1f6aa2ddc6bec5e175e6ba4bfb9b0be028a93f6a8e7
716,3.817884922027588,0.9096816182136536,2de4c5298c3a27f1f029f6e50df337fd8b6ccec15947619584d372e8c527ee33
717,3.8152010440826416,0.8900388479232788,882e03a3ea8c84028c33e57553083e2aba20fabd2d51a7ad250e3807fcca4b72
718,3.7931694984436035,0.8527666926383972,4e79a435f4abec79c2d6092dc411867ca5cdf498a75077307c61e96f278493a0
719,3.6848413944244385,0.9209266901016235,776b19a6f57bbc2843528e0797e97692187b5d6a96db0815058cd2aaa34669be
720,3.7421319484710693,1.2539780139923096,baa523db958d6b7174c54622e3c4ca50acf2278926ff22f067a315fe1983af1a
721,3.8189666271209717,1.0937061309814453,642994188798fc8ffb620f9c739555e9c00b3253abba853e8f1b425cb5bd60b7
722,3.8572351932525635,1.0916228294372559,bb54f61000aab40f3826988cb1552565aac653b6655cc5fef6d6c17c25ca5147
723,3.865356922149658,0.9981585741043091,ec198bcac688199bf1da2c53c29b691e7e3827da9b3991e5dfe8eb3bcc331284
724,3.7335596084594727,1.1490825414657593,fac13bf1aeeb5a606356bd3da7a3ff6a3b9b5d9bc7e9af8a9c43db79c7d6e1f2
725,3.7626824378967285,0.9010494947433472,1cd158654b3ce8eb92a376d62553e3f112aa77320b6d4388a40889da8a8c0786
726,3.7387566566467285,0.9792914986610413,38d98d2fc1bc4f0b2305c03b0d9800676bfcf4ff2d0ebecbc9b2411df9ccd325
727,3.6695427894592285,1.0560442209243774,636fbb7e0afba1d0c26d81c979fd796410d928b941ed0a7b11bab0ba93390bde
728,3.7375965118408203,0.9977455735206604,a53b8e7271d166b88860da5fa0623f4ccebd9c4922aaab2287847e50438f17d6
729,3.6777262687683105,0.8962833881378174,3cfad589023a4cb9f27ea244290716868de9f7df4281e83103d315943593b2d0
730,3.751918077468872,0.7757278084754944,af95e01f0e7fd2544351456a5800fd234a72a2fa3fb0f3b1a37378ae3c5d1c70
731,3.6434333324432373,0.9465515613555908,bfe888936cad0e4e31027f4c34c9c5355d3493b8e9af892b5a877f77b6b2fe58
732,3.8222453594207764,0.8659877777099609,33d71b8abd0c6ba51899afb1256826fb250fffb7507c3a8a7a672d662e745602
733,3.767979621887207,0.8914706110954285,5b3eb2eff30b38f8cb305d5764dde9477fb8e9085da8fe556b650ad7d8eb0d23
734,3.735565423965454,0.9065812826156616,f36c293c1ebe654a9ca4307dc0883c3d6866baa4b48a7814a786c56bed2dd47c
735,3.7755870819091797,1.0337508916854858,336e02578fe3c730776ac14c5e2c72bc2d1d7fb1b07dc2c513589241f96e3efc
736,3.840104579925537,0.946849524974823,13f5d06ee817d4946302ed60cdd732455516d8bb368d4e44e18771277c16f974
737,3.70690655708313,0.9343507289886475,83738e2a431460d9e26e6d801ab59d4cb436ca945bd90de3a43d2df0e97aeb25
738,3.6887366771698,0.9410634636878967,ca276fca02667e68126136750824990d137bb874dbf12d6bd27247eb09c794f3
739,3.7772605419158936,1.0273842811584473,fff3647edc11e3616435522e64decb67303657d8b9c6ec05347c0024e782b6f5
740,3.8460676670074463,0.9700060486793518,1e2b2a7035a9b1d5aeed22983a1689195c27453a14722d5f4373b445bcb7d953
741,3.7479331493377686,0.8058563470840454,bf853f0d69aee408eaf070919d401fd98cea91e31305639f031260b54b983222
742,3.676337480545044,0.806565523147583,f81d21d0abd8077cbc8fdd33f4cee52231b806af92b2fade27b3754013477dcb
743,3.7368288040161133,0.9788264632225037,ad98d6ab13b1a26476fcb3fd24ef6086d888e893a21fe506edb885dd47651c2f
744,3.639863967895508,1.194531798362732,df0134d5b71a3b4c9292f60b259b6c1cb5865baeda80ce7601fb521363271d85
745,3.713017463684082,1.1575472354888916,5dc34c38922b5064c2fa6b4496935066408564a2a895c8f11ab6c838b60745a5
746,3.6758077144622803,0.9610538482666016,ba9ab39947c0bdf7fdef87ceb5d148cb518a6cc6268ed5f4d68bb8b8f0a0f794
747,3.7578089237213135,1.0901787281036377,9e917d4140bd657393f492bd80cc3062284e240ffbe9f6dcc40615d15b59c806
748,3.6583211421966553,0.9730482697486877,11127dbf738d5a44d5ad128dc20aad6c9a5c486c1b9db3e49057d695bc042ac3
749,3.6505544185638428,1.2605451345443726,50f46bc9978f7ba8a8945699ee29935434b0bd2d0d46f0a530f02e4defe66c8a
750,3.8939599990844727,1.212470531463623,6be46975d9053414f2b6efb3e9c00b276695584857ca9b5e033abddd0f92d04c
751,3.730395555496216,1.197016716003418,47152d21e8e34b274487326d0a42f8dd474bfaf509ea0f19b6141b25270a8193
752,3.7223734855651855,1.1886019706726074,61ac45d671ea8e9364d6a2d98761bad2503f9c3969903d81d2a25b4d21dd0ce2
753,3.6975016593933105,0.9245761632919312,b6798cea467476d252d4605f7d112df280e4e06c675e9ba7bf6c85727eace0a7
754,3.8252506256103516,1.059931993484497,f7cf64f4833e103aafd146176f12f0a3b9cbb4e7cf01c1c9f07a2e5b55ad268b
755,3.5908467769622803,0.9828564524650574,2b3a79e1af0885b5136184c27e7d4a9bab8bd038903a0f70da07a6567140ba4b
756,3.7467315196990967,1.0288033485412598,664df0ba14519cbd1bc55202cacc65002a68829f40a5a134687ef39df4d544c5
757,3.677596092224121,1.0468460321426392,81cd3b9f3770989cdc9af8984d9032ac6b0f38a360b3b0d2b1e4bba315ce84e1
758,3.779269218444824,1.003994345664978,f2b67f2f70a3902ec9bf254cab4bace2f58776c0e6c3d0b3474215d953cbb3fd
759,3.778123617172241,1.1639355421066284,c9f44c739648fe0f2e00f8ec476cef37ec99d1af58cc981586291d6d3bd1c8f3
760,3.7996633052825928,0.9867167472839355,b8c0792371d87fd69b719145039a8ca76918a18cdd5ba7945b90a624f613950b
761,3.7089648246765137,1.0711170434951782,5269700611ff30ae8eca837f8c4da15bcc544724b224f5c37d6c9562b50f0261
762,3.6913936138153076,1.0075359344482422,817c0c10bef13d119db4373cbd3c47223fc40e21dca87bbf18e8295dcebb2c96
763,3.676445960998535,0.8889082074165344,16da2791f9a48eaad616d24ac07786ed358cd2fbe1ad01cd5a8ca9ed825bbefe
764,3.6958115100860596,0.9203311800956726,636c5f1ea1d3f6d1b5b07b2ac1137df8c32a34f822b9e0f4185d30c2789f5219
765,3.6472678184509277,1.0213143825531006,fc2d2486c76a72bb1881135cbcbd4fb143bae3651aa29951d8b19f5ac8246fa0
766,3.705486536026001,0.8041178584098816,cd2952b93973a6d80d449bcdd692403a805f4315249be35853227cd8dcf5fc6a
767,3.6502957344055176,1.1400617361068726,cea3206356dd928b28b9f236e52ce0efda2ba1c955d96cfacfcaf916b3520608
768,3.703235387802124,1.101436972618103,cf50dd9229bda4ea947d6a4323c4fbefe143485043938b0c3a29c4e6f8676745
769,3.813599109649658,1.1309483051300049,a4dce2e274b9a21f245674bca47a0475cdf141587a1662f7d64ba3ddf4b63bfa
770,3.6915197372436523,0.9897406101226807,80127dc5225f309ceca31da76ff2ae46ad5e050b18b0c8091aec5a4021398daa
771,3.6361989974975586,1.1446692943572998,586892633a83d30c4c824030da5f3f028d52c5eb69b78994d4dfd3418ed8dbdd
772,3.7887661457061768,1.4298604726791382,78a348ccbf2f7c68a08463e67c9086d014e7fa1a40365545543d04836616662e
773,3.687135934829712,0.9952929615974426,773ed96d2a5b126504e171231680041ae3ebca1b7355565c0f31614636f5232b
774,3.7889976501464844,1.0341904163360596,9ffe2cde3769bd4d71ba50f87636fb9f4d2e322c627c732d2a30ea975ea54ad1
775,3.7644340991973877,1.0952880382537842,293687938737eb38e8ff717dd19c022df25a86f6c2abb6de55dc10172fc98de4
776,3.7046566009521484,1.3390138149261475,c59e2615ecf7268721467031093960701d052fd28d37c10e7f4348be65439f0d
777,3.7103114128112793,1.2506906986236572,282fcdd7dd776320658992738c3184738e1382edf6bef417ae535a3bb4f73fab
778,3.642171621322632,0.9713980555534363,3b89c768106b0dfbf1e88ff6367815fe1f1178340de7e9710ec578ff9de02e10
779,3.5022830963134766,1.1439123153686523,fec6f60f24f43f14e4388fb9f201b4dcd49052779a94fc2ce2223f64047993b1
780,3.5429134368896484,1.0406335592269897,b6932cf0c594f0d837a7d0e285ba7c2dd487f5e7723bee4e939b61df099c6c25
781,3.6046276092529297,1.2283382415771484,7791bb5ab434e9019ba6d02521a30d503c923bf8cd66c1a8f99dc9f774ac35b5
782,3.5938544273376465,1.025277018547058,a871fd2be96530a317179f02d983e044eb271ddca482cee5925ecbd366e3e585
783,3.6550116539001465,1.2289570569992065,b7dbdad4e51eb559a1b242e65b7bb97dc428b9f985c8153b13e6cc5ee09998b9
784,3.6524300575256348,1.0451817512512207,df39da64fa177864b84df4f516db6d24ec54b218a0e16cbca648bb7021f43940
785,3.5877292156219482,1.2144252061843872,fd0f2f60aa1d647fe14a20e0aa67ecfa048eb823add5ff7b6f0cd8f1a945d718
786,3.6276190280914307,1.3021202087402344,f8450b130842d9f5c02e69dc0026c6c52ceb274d9268f8130ea66049bc1c0265
787,3.6479194164276123,1.217441439628601,02a96ddbc7d4ff4999c25156a3f7a2ff2af876334757ad9da776b910e25d896b
788,3.711637020111084,0.9463258981704712,2c0775bfccffe00e76bd91f08dbc470d52fe68e09705849f30ee2039664fbafc
789,3.6579201221466064,1.520115852355957,474bc82285d38bd473fc790137fb7672286dd13712c2f17e685282a1fd47637a
790,3.6200883388519287,1.3252670764923096,51a831e6458c7fab1c47a16d068fb8511c45bdf99a5ae9db2a7128c88d381cbf
791,3.652801752090454,1.086637258529663,0267edc42eecc9b1d8b86f7f01248990ddd4a5ba149525bf7a8b2126496e0a9f
792,3.7441468238830566,1.5628907680511475,2d9f5847de39ab823f28e959cc97feac424af32ae29583087f714e2fa80c7115
793,3.6128220558166504,1.137545108795166,f1597195908e1f1f484f4726df896c0ff01f663b301cb7374b264d7b99b2ceae
794,3.697511911392212,1.103331208229065,d8f68aee32ce0c0a68e00713922d8d04a1fc04d793ce3e11609518b874572471
795,3.572849750518799,1.1358009576797485,c67c05073dc8e5b4383eaee4d643e10f3b51f2f495125ada975030166978a4a5
796,3.546869993209839,1.019197940826416,4eb211f790dd898efde8f05046a7f3a022e9f7b2dc2e9f9d63d72616a489360b
797,3.5889041423797607,1.1993634700775146,98e71dfd4561a54902e6463d33949144a640693d10f8e98c1e89474edac232fb
798,3.6770668029785156,0.9370284080505371,c8516ff72b7d52ef4298cc55a47c41b44e7212e32cc298d22e0d8be485a24765
799,3.663510322570801,1.0631009340286255,cb8ee3e208091d6f2053464d25293856a07203ae2f0bb7daa0116154e646200b
800,3.781630039215088,1.240631103515625,74b1c8c00d18d23cfb873ed21ce6e81948668094bf04a7fa0cd2436d56bfc243
801,3.6922500133514404,1.0050143003463745,529d90d1cd7d9e645b9c7367db5d48c4421312c3ada7d86693708eb9373057f2
802,3.6313188076019287,1.1199077367782593,1b89319bafe0e3ad60d6eff999e1e42fd6edffa1f337d249e966fbc98c5de990
803,3.600940465927124,1.0306038856506348,04ca1bff0571d283a170354e014f7dce6de83482c8873f3514703722b183907e
804,3.7377936840057373,0.9870293736457825,9cab99199329e28cff84928a0103b7805db918ea4ad6d9561bb229958049a03c
805,3.5592427253723145,1.0523782968521118,671a98de990eaf7ae5b930cbf4d8a529223f8c144fa768531fd6576c6c240c36
806,3.65338397026062,0.9435399770736694,f8ec1397315ffa96252ced9fcb4347d84daaaaaaacd07051f718b7d92dd1fe82
807,3.6309473514556885,1.0426229238510132,b7d42a33f767555dcb505d8f59b39908795d16e313adefa14301d93ef35cef5b
808,3.686983346939087,1.1048873662948608,f762eeca2c7414c8f0ec637e15b8d695992555b842bdd2671112454f1d6f41e4
809,3.5995004177093506,0.9645159840583801,e9a3def7f83dcf9a38a45f1a35d3367aea095adcc47b77740794625d7f37b394
810,3.604192018508911,1.2423707246780396,f0c02c4dc723d731f5ca092e0e2f8d86977c99b925096a67cde7aeecc9837d00
811,3.5963571071624756,1.1796989440917969,420f1a8d3c6aea8e2147e9a485f16f0de6fafd30dcf16b58df1b41414d3f70f7
812,3.5386464595794678,1.206091046333313,8c020b43494fb6ca6624bfaed4de2be88454b09a0d304eda7a55c2cbe2c05143
813,3.6998889446258545,1.2237972021102905,abb8066039226c63971374edb405a5b7ee1fe817af7547a4c9bc0758ed555dc8
814,3.6810150146484375,1.0131714344024658,9663a9b2d5e5ad88b01f51e3a8378c035ff79308c14c30d5bef76a0c6696042f
815,3.5838282108306885,0.973382830619812,1b330602bd257602b2a0afff2e1903f8e3cec29ee1cd4cd97be2ed6801807668
816,3.620816230773926,1.3635523319244385,e11169e89002a0387b1b454ca59c6ef8d4950dc9dfe033183cdd3ba28d99d840
817,3.5840861797332764,1.0559231042861938,a509edd3f7d4637f6b3ce13ebbcbcd842ad5fc08eb2c3d4f4cf4d5cb043cbd54
818,3.6899466514587402,1.0646350383758545,34790a5442d0d55b6f190436b420825594a7da313684c058b894cf86fa9967ff
819,3.65952467918396,0.9976890683174133,6ca5394cd3eb0bad957e508093a639be92bac046a64580be0aa78c9e4397dcab
820,3.639357089996338,1.0364863872528076,1b76d467ba37ce79c82ce5ff397587687864407c6f3d90924b55389a2c262114
821,3.5449039936065674,1.1592355966567993,4a2e75cac1e2e9a2369686358029f129641e4cbd58959bb64b81b125bb65c947
822,3.6380765438079834,0.9254565834999084,aa35f57d1d030191a4691ca540499c46290ce43aaa7bd188b5f2e52e18644a6e
823,3.6327104568481445,1.0168333053588867,9ada15cccdbd60295e76cdf7ea005b87d517583d4000346d57467b3b0544d59a
824,3.620845079421997,0.9237222075462341,5eefa0235ac0cb0e8cffe459e425586bf8f070a927671cbbca4b50eae0ca50c4
825,3.528153657913208,1.0149723291397095,b8a4fd09d301f74e456b512a65b18ee566d7aa6275a3d941b10f0ed9647019e1
826,3.614232063293457,0.8402456641197205,f1a5bcc36b4fb658994817a7fac7a3f520b121eee8d256b6eff2dc64fbecb55c
827,3.6331543922424316,1.1512669324874878,4d424917220e43a182939624e938ed9f1b532bac24d59fab59f147c7320c50fc
828,3.5649428367614746,1.2199286222457886,4895480f8a395aa04e2466e5256f09cd430dd467467b232de251d9c85e171612
829,3.4786250591278076,1.282152533531189,cd30891ef164bc37680b8c017d02c24b12e7807368986be6d56366aa930d3e04
830,3.584897756576538,1.0352330207824707,ff05a83d83bcbf1d95bbda4a1bddfe5bc766121945503e6f5b804ad3186d6845
831,3.5007383823394775,1.150542974472046,d36a85bc00c34bf3f732482c789b25f1d32986617338a8005f70b684fb9b18ea
832,3.6290998458862305,1.0708128213882446,9aaf65c317b6c36045ccba6b63e1adbdbfc96525675abb8788ca072219fdb812
833,3.6376755237579346,1.1481965780258179,d1c777eaa770bb86d12b56b1ffb675b32b5d7931bbba786a646d9f07b7ee230a
834,3.608753204345703,1.0154478549957275,e48c1b0a6c179e538b4cda85a0504ad352d9c58a9439527f7f4f943aa56a74d6
835,3.6519227027893066,1.0528579950332642,0330d216be40899ba4007a991369cc2c7db070d7ada3a774f1bf3c081c49fe7a
836,3.668156623840332,1.0829716920852661,e65ce0a21bfd5947f6731d73f7b36b7e46ad17a9d153b882165ecd2edd4483c2
837,3.612800121307373,1.1151705980300903,7bc03b464c3476969c0d18390cc8026278ec485baec95018590775dde8ab8881
838,3.3989410400390625,1.3692559003829956,aaf9da375a1f14c5aadfec078239e0e361872c87185b52bb70cc660eb6f7e22e
839,3.445155143737793,1.176527738571167,19980921a3cbedfd744ea5776da547772520a6008f77c9eb150866bb32728722
840,3.5334460735321045,1.131186842918396,f41eaa569427d2d6e87c6ce5f8aeb355ba304bf0e4725b28aa16f3cc8fd4ca9c
841,3.585339069366455,1.0446044206619263,e8c0cc7789b33c7ffda2e5d7733b3e4f30ff5c03d1b7829bf01831a4925f4a6a
842,3.66036057472229,1.1876994371414185,9c6d2f27887ffc40270a31a30a36dd91f4ec2db3283d4d793547d71609b6360b
843,3.4817662239074707,1.1418066024780273,0ec67e7d4662785dc9e4541f4be4ed5d7e6bb07db9a799f16e908c2ab7abc409
844,3.553194999694824,1.0700716972351074,cbf41d59893df9b7a4ba92a58e2e76d1c14ee531732dec630036bfb38a4e880c
845,3.550877332687378,1.0160634517669678,86054a77aee5031771d1e59b4aee46d4f21e6232fbbb993803b2609759f283b0
846,3.535987377166748,1.2209134101867676,1b3756bd49b827787db9ac16943606ba47859f8e6511feba7911f721c8195af6
847,3.6444828510284424,0.9787115454673767,0385df673ab4e285894fb57c72084b15acf57c7064af3b5fc176a2be50edbe91
848,3.6153059005737305,1.099766731262207,71983fd156aeaa4fa820b601e7bfa759bc525ab3d5bab75af7cb32f297de1ae0
849,3.5489561557769775,1.0801392793655396,ba1d1f268e99e6dd848fea6843c2f64a35aa0481d45cc0b8d8e85ca8ef1c083a
850,3.7166218757629395,1.1197295188903809,7dd60e23c7befe26c6abd8bbd02b939e02720f17bb7a7ba385a232e4f56ae34a
851,3.612685203552246,1.1048033237457275,482d619c7cb0b1c8296bad3e8d7868d5fac78bf0fbd8a0edd29e6dfe0097af01
852,3.585641622543335,1.3510913848876953,4641a23b2af999939daedcebb6d99440063b5f9d7a9fb1321c5e7802bf37aded
853,3.604384422302246,1.3573622703552246,429e618b8a356d9077257de69d47a63b0d3031a9d8b2dc8e635b5db0e10fd74b
854,3.5821640491485596,1.3812849521636963,bb1b44f78a83be718d18cafa58d1d7bad9f0718af15069fcd6b0217b52d9cbf4
855,3.4184439182281494,1.1027452945709229,9085da9a0a84bed1643b3ff670a8db9735c7e43f4cb732a566daf63f10753371
856,3.581118106842041,1.2070637941360474,1de08e971f48d9775e7a22acd2c180660a4161f4b1cbcefeaf9ead8a8fbf6395
857,3.61761474609375,1.173079013824463,1f701cd6e6c415b63461732d88241af33d92e05724696e91db935c08ffe4b535
858,3.5006840229034424,1.1269105672836304,964fb634e5c974816d9cf548c83deae341a7bb4b4315cc1886816e74b992c6d0
859,3.3656158447265625,1.7081042528152466,9bff5929abaa01e6763dfc674d5ad931b579b3bf97171a5b844305793604097e
860,3.5517215728759766,1.2679475545883179,7539bb3615eabdb88946e97350160b88699c6c16e1737a90666655bd7d9521da
861,3.5865135192871094,1.029196858406067,fa9c19631e3d38daeffc35ae970ab4d8251a0e851860861f49eafb810aa63028
862,3.518205165863037,1.6868184804916382,ff30583ad0fe1cd5acb2c1d56705c0ce1f614f668b4fad16c7342b07455161cc
863,3.5994086265563965,1.1466413736343384,62580430f381589ea251094d0183ae38a1fc115330e571aaf42638e8334190eb
864,3.490436553955078,0.9498649835586548,fee49909a471c1c93ec60abfcc8501a4515157db57ddd8e98f616336927a8dd4
865,3.512359380722046,1.3288686275482178,55b4bf6b712ab851099d62e55a596964f62a60abe3e65e5c5e51b8d82390f548
866,3.532649278640747,1.038050889968872,8a0e79350de82da2bd4a16a7cb35a42ccb2cc53926c1087ed87fc802afc621d5
867,3.4426207542419434,0.9855251312255859,3c3fe2c17aa6e9dcf2fd86719e5bc3edef3abb7a7a49d66cdbd9dade8a6c6d8f
868,3.3855888843536377,0.9530314803123474,c4e6363f011bfedea8cf6ddebef2ca72a31426ba20ee1e016676571032970db6
869,3.519162893295288,0.9435606002807617,49bce9a07ad2458da5a268f673f5fb0437adc625abe819b2191071cb351b376a
870,3.5347189903259277,0.9658136367797852,c3bb6e499415be308fe08edb3d2615c3b89a914b0d876a567bf327c4f56e51f1
871,3.4967918395996094,1.2503669261932373,52c0b5ed2bcccf6afec56c30eee84d1856596ea439d0335e10c26d41c7b52b0e
872,3.667461395263672,1.1632905006408691,c92ab3d05c0ab398735c9fb4ab571f2492c84f1c9984bfc2e9a53b0f6dcbdd18
873,3.5479109287261963,1.1081029176712036,6cd2e69639bf7ef4aa30ba39eb8f8946d9d27365481da9fe843668b295906de4
874,3.5040855407714844,1.1740877628326416,5cdca17144fd5a01a72e8954a40eb4dc35e0ff50ec8127af234b793eff50716b
875,3.4841370582580566,1.30454421043396,825ca95400a1547e8f8b421d9e1f560ac8254022be19a652bf68b78e8750926a
876,3.7161176204681396,1.1022573709487915,4755803720c548cfc1905cd02ab3786ff024158ede87c23c44e7765039d462b0
877,3.5099222660064697,1.3205232620239258,f33d6ad3f0329623229ac1dbafbbad4d75844699893fefa024a1acf2abf7c2f9
878,3.490966796875,1.165270209312439,b2259d569750f1c39c250bde083d2ab352072d809b1bc86d2c8e30794bdac7a0
879,3.5631582736968994,1.3924822807312012,0cd0dd3fddab82162f3bd05f790e469284d52d70304e35d183fcd24a3f1272a7
880,3.4231910705566406,1.1521528959274292,86a17e0db23632d82a7ba192a88f4e5a37756e23e19a6812e0b567788e258354
881,3.4746336936950684,0.9234859347343445,935e6a935128f45ee13a9dae2f57c3bb5610fa14bd754476720a588b142f2463
882,3.438413619995117,1.0706099271774292,89c215a21f99c08baaf38266570a8b2e85d7f98d07a2d3ac868ea830f0ef6bbf
883,3.5471537113189697,1.081565022468567,339bd211fb701dfff8a630347669da298ee72a560f418090fc136fb666a2d274
884,3.4704904556274414,1.1363999843597412,4a31064396bd87cd6312db1bd8f148d5f9f6abf7dab640ced451557fe2514181
885,3.529923677444458,1.1716930866241455,31fee9ff532d10b93e8d3ad031d4328a8921a7bf8fe20a72107c623a581de195
886,3.56500244140625,1.0791420936584473,5ad86f53496fdcdedc94d5938d1b2d49aa92d121a53631349a773fe9989bcf2f
887,3.550251007080078,1.3558963537216187,8111aa6a342001ac741bfbb091b7062c979bd4dfdb971ec23e8f064ec73cdad5
888,3.5151782035827637,1.1356120109558105,a0db98e08825c282047c120510b9fdf162cca412899d5b8d43e00ae981f6771d
889,3.570591926574707,1.389757513999939,07f5870bce812e3c26b7cb409422b293d154c9b5a808860d2cd2465ba6df5378
890,3.5712132453918457,1.3811519145965576,d5921c4a11e61455eb02ac823b90b17fdb4696f967c0f4f474b976fc0b2e0bf3
891,3.4711172580718994,1.429634928703308,61be64b2be819d1203ce9adcc9fb2199b7ddf3de0393ea29a85c9a83794ffca3
892,3.442101001739502,1.7145187854766846,cbdb495d25e6222b2b5a0f03f7f2e9f63274646e61213126265c0eefe89dbc0b
893,3.5452582836151123,1.462906002998352,d0b5071f498621a2e30c9c305416d5fb2cbf816aa39886027b736779724df857
894,3.6142797470092773,1.560970664024353,613a118f5df43fe6895663c193d0dcd2b641a4f7d2dca5f1868710d14cb4c24f
895,3.555234432220459,1.4293789863586426,d22c509fbbd2e6b0c41ff1c36d8fcd982f10abc42c5125719cec55d12d8f9826
896,3.5252721309661865,1.4400385618209839,a6a892f1ea6e7b64006fbf2d64d2c4747791a4f0c9f5a3ce411d5f4229e73fc0
897,3.5183451175689697,1.29099702835083,b49dceb2abb7fce7928c2183d4da9c79eecad99b29e75c980c022f5c6b5855c2
898,3.4748952388763428,1.214855432510376,b94891b97dc7e20e53f76c3eed0a1c323df36e799245de706014fba4739a6697
899,3.491313934326172,1.1104172468185425,4e291f849bc2a605accac2df3e89876f040be706ef366a8f81c2022cc369514e
900,3.4221785068511963,1.106144666671753,2de44db0477834c10018bd719908aa04dfd993c6983f0ac65bb69d9794722871
901,3.619269609451294,1.1616709232330322,8dd39ba0b17639326de993480cb18e6af2558931f55904875d3f6c11249663f7
902,3.4596707820892334,1.0609335899353027,dc51c79c64eaaede083f2a0200cf8b15adb5f7e48518b7ae1fa83664ae1039d6
903,3.5010056495666504,1.1551225185394287,fed73dddfade023052ba7ab8211c573eb0db22af59d7da5784b3dbc2aa18957a
904,3.5072712898254395,1.1459553241729736,d073a54f398bc0872ef07a11f0495271e7a37c25ee07ad499ce86ee3968fd349
905,3.401304006576538,0.9175930619239807,bc5e7f1bcc7df456b21a91e6e0052e66225b1686eaac824ddb487ba22c631ee4
906,3.525916814804077,1.1447665691375732,6454473fb4dbf0acb3e64bb5b5c42377a85dec1d48b50f2ac40c56e621ed2402
907,3.5632383823394775,0.9763852953910828,0a81cea350d597444c5941229ffcebf3bb7bf09c7da73d49c98c0cb5c35c8234
908,3.409839391708374,1.1660447120666504,e92a99c331d7346b38fc87d29e89da056227440e17ca5eaf1d70ce1f7555e9ff
909,3.550670862197876,1.1533116102218628,491bc1da74b9d2abfdcf404971b17a1a1465bb76284d4781558ae47be1ad48d0
910,3.5488662719726562,1.0227099657058716,e69eaf247d4e65e7a1bad7081a3cc6d0e580701220ce959ff4d316d400f39f60
911,3.530641555786133,0.9963185787200928,fda6412d7a433096c8e8fb5b9b54caac3697c909b90aec2e449657ce0f84cf33
912,3.3951807022094727,1.0518558025360107,2d9964aa0bc75cb323116a4fbc4fe60b89c4d7f7297a7efaf38bed1c1efc0055
913,3.456587314605713,1.0959676504135132,4604c2e3c9b949938c8b3a002a13a6d2511d46de3deb59821ae8fd6df09d114a
914,3.2778892517089844,1.2656110525131226,23047e100f947bb3d540a0769b1860c3bc6bde906631e88b4cdafe757ac36c89
915,3.5313358306884766,1.1749858856201172,23d444abf3ea0d17adf0dd649e1420dd1496b1a4ac7edfad3549c1d384960680
916,3.4630331993103027,1.2173523902893066,2245a7dca03ed7114c7ed0532d1bd45f81a811c90a505f31993f8672a86f9b80
917,3.4890711307525635,1.1601532697677612,0ded50eea8b637da30d6e5f3128f68808540670db21f89c43cfc631d9c4ba24e
918,3.412982225418091,1.3170125484466553,7a124ced5edf840b2387a6198e36b6e4ee9008220ecddc879893cbf190d198ed
919,3.5144312381744385,1.2733927965164185,fc697c5b9833c6017a5c13835e1202d95156554740c7bbd381a7b796e2dc1787
920,3.5410280227661133,1.2673739194869995,fb950d7e30ede2c3b928f1150a3ffa93d4f3878895a15800da82bb0ee42504c0
921,3.5048558712005615,1.4617024660110474,c7b39ed05bc582ac45cb7073ebfe192901c6d461d035938034424205f4a89a02
922,3.471524238586426,1.247249960899353,54ba0482a46a536eb63107ec9db5b9f759029736a78143e4e10d2fe81800c4a7
923,3.485691785812378,1.2069660425186157,3ab4b17394d9414e4608230f7364a9d8a704f7c7dcab8ccadc28bae5fc6065b5
924,3.464916706085205,1.151550531387329,e86a7447d5a6ad2c50d2b26172674e3e8ed4ecaf7b3b9f2c416be3b44e75e21a
925,3.466172456741333,1.2611753940582275,2fb13ec98fa7a03a7652d3d37bc74b2f809492c2c19eca7b3394f1edf6ee3872
926,3.5255985260009766,1.2481648921966553,043e5c57cd60ac472d15f78cdc0963df8efaaf52d4f7188e302dd6bfa9537270
927,3.3987271785736084,1.145424246788025,e2e355cb9752c5fd9f32abd9a9f92203cd580db9650e628086208f9356537d96
928,3.505305051803589,1.083885669708252,8669c00815dea907d2d5ccb1b173ed1e4150ceb72b99a14473ef97a0873c4534
929,3.403351306915283,1.2002685070037842,f8d02c242ee0f9db01bfad86fa720f7dce0019b172204ced733edd1172fa2230
930,3.3906803131103516,1.0855638980865479,95b7737b5b4ababe5e42209d948cf05769bb5b9769f84ba9548d144ca7a904d1
931,3.449449300765991,1.3067210912704468,bcc890e17be899c64c498fe2703c48e482baf818801d3932472c29c5911ceb6c
932,3.49234938621521,1.2656395435333252,40f02acb756cedd2b14c9fc493a46e463462a6e1f642d43cbd35432aa0c5e46b
933,3.436415195465088,1.1380428075790405,fb7ce9d7c172f5a1742d0bbeab2f1f8392e38b361c120c1c2ba1955486c3fe0c
934,3.518117666244507,1.259658932685852,43a70410271f62a7307648ab5eb6abcbc6bbe7e7850ea347c809c7324057fe5b
935,3.5019822120666504,1.05152428150177,c44c1f6acc6f3957f5367eb2fa0d5ce3b172ca83b0a84f51260e60d044f6aa69
936,3.3952910900115967,1.096272587776184,14208bfa3231125a41d50b974d1f777b5ed1d0a126f926707f09651cbfe0cdd7
937,3.356616497039795,1.1442596912384033,ef72331e99fceaa2b12ee10c5a32cc3c4533585a301206b7949e3ad51bc0b90d
938,3.4480860233306885,1.2197628021240234,b341d933fe58454ab029720822f480918ee53c3e96820de4c398a3f1a0d60672
939,3.5398688316345215,1.097787857055664,af2a65bd66674faa8dbf03ea8a74be3fdce15f8f154293a3bc0538c908fbf956
940,3.4452126026153564,1.1373648643493652,d1b64d4b8620544c970067e8ec60b12929d1c764071ee6d2116cc58d87c58639
941,3.4565036296844482,1.181997537612915,4760acb4374b19a2e5cb96c846428cd6c7eac5778a33b8a5e919284ff217a1a1
942,3.3161628246307373,1.013323187828064,8ae4aa66c2d8cf4c976f2b43f5dd070796e8931938819b6c6ad1db646f36174d
943,3.473659038543701,1.484266996383667,3912a0c873f4df423edd048c676025643d96ffabae9fee42fd451dba6d5f97a8
944,3.4026365280151367,1.1490319967269897,9e34bf8447489589f4f2dc4e0bf626af950ee08d3d6cd51e4fb746f608df9a35
945,3.534881114959717,0.9995694756507874,0664eee58d5263026ad872400b094b8062944e9ec629fdbdf1ed18809297bbb6
946,3.360267162322998,1.064504623413086,041c64f79340fac5019ee4cd085a5c8f96fd6571d4d10a942a6dba154f69733f
947,3.4030163288116455,1.0733344554901123,d35e49ba81bbbb681bf3ab4f5e42ca673ce173df2d1067a2f51e6a393e022462
948,3.5007832050323486,1.2134361267089844,558eb070c6985bffa843a8ca7bf13d0e7a3c15107cd8cec249005593b8dbb5e4
949,3.4938032627105713,1.3968969583511353,b522cb7a07caf5771697fca99bc6ae5b5f021cbbd961956d0d5fa82fa06583fc
950,3.4690775871276855,1.0185742378234863,74aeee89106ce553f4f42046418149e4fc82e97aac18aaf26cb86980eba30859
951,3.506915330886841,1.192176103591919,0c5c9dad2bddd4057ddacee7b1bed0667abe95d75f9cccec3ca1774c37c3f817
952,3.507873773574829,1.2894493341445923,52c53d14c0eafe7241f3430f83f25ef08687cb0af810fc8665d063e72e999935
953,3.385680675506592,1.2181396484375,0d1f1e1c18f6e4d95e2f64bf89e8feb65933c89c011d1bd88f42ec7312520ade
954,3.3013806343078613,1.2335922718048096,79c81b59669271296f46dc6bca727f51e9daa6f8d6288df444e99339d0215e68
955,3.3896493911743164,1.4236377477645874,4276c65afb0fd0b68640a925f9c2897165cc1e6f2ffb05114197b4de6af7a26b
956,3.439854383468628,1.2262972593307495,47d965d9cc5f06a1db8e23ae5e10661ffd20e732f43af08694502d8114b9062b
957,3.541215419769287,1.2988367080688477,2861eaa4cc4b2de974dd72cf206e23cfa7c6525fb8b193ea43395da90903b42a
958,3.419738531112671,1.359797716140747,faab17f9a02ed6e50457baab83ca8420bf440593b648ee7115778595bc083d3b
959,3.4950456619262695,1.091672420501709,f426a8194d9f65a93cf436bc40ee6c7e5b9711961e7d91268bce39fb2bcaee9a
960,3.3113186359405518,1.2610889673233032,b0a5ea4251eb653efd022a64e5d260cef4da6ddb97e5d4e327d047ce4af73466
961,3.462095260620117,1.1466186046600342,d6a98e43d1ef34473dc25ed424d3fe9f4b20bb42f74058df613afa5214b8e150
962,3.442185401916504,1.1083680391311646,3f2ea824c30c6282edc439355498dca834bb85046c52da599cffc4d2b82d1c87
963,3.403132677078247,1.244144320487976,c99b1f56ab56c97bc4824a87793888ff6df3fe44dbdf7eae6eb5e8cbd760efbf
964,3.4058592319488525,1.1223249435424805,2093657531957c77f02a35db81c1877fecdde05240aac1a1a2caa660965d08c5
965,3.3809683322906494,1.2335585355758667,07fe8519a6833d819883f5c0971578b6a6be5b15a190cb2b50c69e6da13c303d
966,3.3951430320739746,1.2091505527496338,fb4a2ab39d3b4066ace7ad52e29d52185098b67e1c5d5a2fa7fa81c92babd85e
967,3.45829701423645,1.2189866304397583,1ffdf13177b6a5574bb6070f3034042ff920efce593a821d80c5c2235a428269
968,3.3928656578063965,1.3966187238693237,1740d0df2caf0a0f09cdab9a8111b407c911bc1d204e457c2c469db8aee9827b
969,3.4300360679626465,1.3357330560684204,38d6ef5278781f5d53a75cf86fda251bae80b35364637c62919324b726753c59
970,3.409266948699951,1.2534027099609375,27c41e0952686229b2459199af952a544cfc36d0048c661eca237d2f737aa011
971,3.3640546798706055,1.3031814098358154,68d1040872bed6c0bc515accb334739c5fd58271f37ac03c2a7d5a6a766db1a1
972,3.4592857360839844,1.1084203720092773,ddfa8831d80e75481fd4094abc7146874dd0ae804525d6a6cd12dc257ae43555
973,3.39874005317688,1.1812703609466553,cf181ae9ac1ac5e4d2768ed3089fc9cc0f69c2df573f9524f002cc1e364ae16c
974,3.4520950317382812,1.3664202690124512,b79f467483c36313fbe33af90d9f37da045ea1b2db145090cf91455a2530f64a
975,3.236546039581299,1.268847107887268,b4fb0804dd438a329ddcf4fa4124e1ac6f7b899e8036941a596a064f126257cd
976,3.3975071907043457,1.1523758172988892,0029e30e013dc06cfd870ce3c7f6f51b691d6c7e00227bbb6da67ab4c3177d43
977,3.342951536178589,1.2023885250091553,5efbd53b725639c3c897b8d05eec4ef3db9a11bf24a3da8e116a677bcef3914e
978,3.2923524379730225,1.1075555086135864,d749595bb18d9ed735337df0fdbe7afb61d143b5204802f26bb0e50e75c25fba
979,3.4841322898864746,1.1691762208938599,22f8db2768ce6c6c0c91ea41a7eec2df782244beb456ea77c997b240059c2621
980,3.347132682800293,1.099941372871399,6e2f5a2aed8f6e9162ea79fb6c15adf42844dd75054042b16c4d4b93a0fe53b1
981,3.4472975730895996,1.0738283395767212,2522cb7830cd286d94f9cc35ba4ca814953a36cd3ff2bea98276c1ebe8d4afeb
982,3.391416311264038,1.085513949394226,f8fd7066af3f3e1171bf5cdef9f35f82e41c6280dd977bbe7f28080baede6868
983,3.384523630142212,1.1959904432296753,dda58253177cc788e05cfb8f91d4ff8d5662f08c0edd3888fbe6a57e2ebf0fd8
984,3.338592529296875,0.9911942481994629,180053bcf03974b0e2345c93166f13f1ef5d15dd1169e002c3b7470018966e87
985,3.488612651824951,1.232909917831421,e0922abef6d145634b0a941bf426764046e51cfd544832a20e1936827692d9e1
986,3.3711674213409424,1.21064293384552,c452a350e8f1791fb4ba2f3120e7b52f380b27ed236e427505c2d3c4a58ab869
987,3.4917733669281006,1.2989530563354492,085bad1e12f241c4b3b37086662392134fe9e8ff83c511cf0765d8ea1bc90368
988,3.426081895828247,1.4162776470184326,f960e2bc1ec5459744bc56bdb0447f0a4d69047e04d838b2789abba61f4000f6
989,3.3562610149383545,1.0925383567810059,2e15090a8a3ce0bb13abb92bf91c098ef9d8fa9419f1f8228a9852a7b2d40f8c
990,3.3125312328338623,1.594001054763794,6a0c31ce0000c9d3100381cdd60bb9cda4d1cea36e4a65048cb30cc3c4b6d415
991,3.2752339839935303,1.20539128780365,f486284844fa44863abdf366c257d1e93f1923f7c175598f47288ff70b8053a5
992,3.442793846130371,1.1961863040924072,25b1ad8bfb402fd35bdd1ee98259da2c1a35b824e181bba3d04f921d0ac44db3
993,3.433668851852417,1.1072511672973633,773ee9f023fd6505bc34ef1022e242c0d4f7d8828a41f312270246d854c20c5e
994,3.339041233062744,1.143578052520752,f3175246f40898b5cbd66cf0dfa30b74ea66065fde7126908a584df70f1cb611
995,3.396838426589966,1.1204078197479248,a992733102142d26f259e618fba8896fe9029d2a3653fc1b4873616de4cf0de4
996,3.421318292617798,1.087092399597168,c0c50a515a114252c33ff4f3510de48ab0e3953d6e26cd6d64a68d6bff193cbe
997,3.4781112670898438,1.0926949977874756,cf3aacd247dcceee49c4dfa9af94139bc16f55878d382bc1c617edf267d4f17e
998,3.241543769836426,1.0301645994186401,21a9ccd065dc361aa140ebf476659503d0b6793723f92459393fca4a96665c50
999,3.338594913482666,1.108620524406433,f81379d1818cd6d120e25ace1f745bf7337f68dbe196bbf1959916b3d310e81a
1000,3.3575053215026855,1.0985549688339233,d2f2390debdc48f80167e5266f3f54a47cda0f15747b59ba8eabdf9ad150bc4b
1001,3.246843099594116,1.2274528741836548,e708aae2f270017ffb183bbb307857b7a0b91be0855b16b6d092b250ab18dec7
