step,loss,grad_norm,batch_starts_sha256
1,8.313332557678223,2.188441276550293,4ea81a69870c7804762083b5bee933d7ec98e0e5bb0e02bbe1f81b13b65872e6
2,8.117773056030273,1.674000859260559,2ff7953078f37deafb435e9357148747959b291946d2e9d3720caf3d3dc8d7cd
3,7.940354347229004,1.2923215627670288,c3d1d5d63887abc09b5603c99a3dfe29ab36a959d6032571f34d703709e6b758
4,7.826122760772705,1.2938276529312134,1ee30b6efbe45af6d606395a1a99e69b3279670d21c4d1a252a202b94d8d4f1e
5,7.7147722244262695,1.2954933643341064,992027eb8f72f0bc7e492fc1f5b20f2e1bd3146b137d643377215e4cc607304c
6,7.583789825439453,1.3004958629608154,2a8b9b143b7886a1785a533174c8be1792f44f81759cc3cc1689612b6ae641de
7,7.474446773529053,1.2588766813278198,4abec566f71acc7bdb84627a9cfc4cfe83183292d163d833cce7546b1f850c16
8,7.350238800048828,1.2746398448944092,28d44c90e9a89fa3fb32d38736b9067b0476d65db29862e785569346dac53b08
9,7.22731351852417,1.267557978630066,5a2ed9ab5a155971920880435a3e1f1daa2113e81603549a7a5e7f0908f7a948
10,7.164710521697998,1.165658950805664,be51d1629f481ec33551edeb7b396b558b21adeefb02b9df9f325b1fffbf37cb
11,7.029547214508057,1.201164960861206,be789de2b69bf2742cae1073dd4c310905833b8246a74a251950d727b0bc2254
12,6.953305244445801,1.1680229902267456,f037c85620c454f21eb0d3cda1070688cd2fe8612061cb19a39e0d6fc39f3b35
13,6.814551830291748,1.202535629272461,f84eda5d37d28f12f0d4f97af728fb61dac27da7b69d993a674a6156031451f8
14,6.736250877380371,1.1757782697677612,ed60991f6b5c222a4e613415a9fcc1367b3799b6017cb6166931fe184ef4e861
15,6.646650791168213,1.2102081775665283,6dd815d99e748ae32d67597e06c49c53c01e0bf53bf78d90157161713118acc0
16,6.562881946563721,1.1801470518112183,3d3db35a808425f34998b7f66ba3ba27c2085f007bc8900e89e4651a8bbb13fa
17,6.649265766143799,45.74823760986328,34b8e308e581cabb6900878a6ba4cc400e836cc7327329ba4c9362c4d6dcb240
18,6.458955764770508,1.058005928993225,e34d59fe71f171faddbb1d6d5bcbf31b10a0d6af7b75b2dbd5b1f8388e4e13fb
19,6.342372894287109,1.0832477807998657,b999478ffe1c723da7a3cd0c33ac4f83706719c0f2f98a613ae55190e5c36acf
20,6.302487373352051,1.0329152345657349,59f62307a2abbd4c0434c5e600bb8e0eb1d6af57654735fac9393ca380aad67b
21,6.226788520812988,0.9723740816116333,a0b7252aec0fb79513ef82bfcecd2c7f1eab1bc6a8575b81fed75f99c0cc48ff
22,6.221722602844238,0.9342867732048035,c6a3dfb00d4837a4b721edea36f13871910604a5aec54d5f958c116170237716
23,6.141936302185059,0.8672881126403809,641f88513435ad46501d33f48590797852836572eb440579d8e11b3776c4dae1
24,6.1499176025390625,0.7976140379905701,8cbc2fd94b88d5f9bfa5af3971004d89efcb2a34f97b4c9a9031ed3e3b555cb4
25,6.061335563659668,0.8021937012672424,5e887ad356178bbc25b0b43ddbc84984dac85818d3d8130b2ec133353944a48e
26,5.970650672912598,0.8160945773124695,27c8a257917fc4799f68fd14d42d54a82f9aae62d6ab287eccf7796acb2dace0
27,6.084624290466309,0.7348936796188354,09be2189c55ea97c3bf4e46ab122f4e4fd13bc264bf79fa6ab2604304b411dc2
28,6.071298599243164,1.0469684600830078,acdba7f52b1a055d6aa49d00333bde7f6ff8c4d9238ff6fee6ad341e0483a4df
29,5.961216926574707,0.7763697504997253,c30ccb7e58c4b6e16ce9e2d9a447b6125f9b47df436a2de6636de4ac29f1185c
30,5.957672119140625,0.7006863951683044,22191ec7bd65650a0f31a4fe8abe393c307521145b06ff4be47c501bd48697e2
31,5.896389961242676,0.7093430757522583,5df60f5dc21d222d6aa5a7dc92c6774b71b8e49c7420945754d80d24b80ae50b
32,5.8551530838012695,1.0452991724014282,2289e2a06652b99c3b421d823011e4e179fe550d840757e4e30a6bf7fc72190a
33,5.831418037414551,0.7698990702629089,4daf8d0b4d4eab40678b19dbca88b3b50950a80f182e6a7ccb7ecf8049e17bbd
34,5.807837963104248,0.7804490923881531,d506d227af269cc061eb3cf3b0195c93780e4fcdf52e465190687ba649437846
35,5.795987129211426,0.646589457988739,2a5ebb7626f5d35de13ba696fe2613d1e49299dd2843cab7d10d11ab8cdd3c62
36,5.700740814208984,1.1790225505828857,a9e49825408990a585f62a12fcfb032e671fc9b5a28816a4cec69281c4513fbd
37,5.694840431213379,0.7376433610916138,7cbfa932ee26b47f4812591ac7cf2dc9570eb604201a0a827d54912b8e575e88
38,5.689914226531982,0.6673517227172852,93b8b83ba0fb46f2dec8b22dd655ad80f655efd290bb3cd2cc2698bb2ebe0a8d
39,5.669708251953125,0.7154125571250916,48fda48160e24ddeae2ab9ee76c96d93fbef803d87365b92404e7ea99d611d66
40,5.694144248962402,0.9461445808410645,921dba8eaf060b07190f57b23e3a7e60e166ee50c4b95406ba8cfa7a6cdbd06b
41,5.661574363708496,0.6353550553321838,cc75d1542c05de9b3e64ec274a24356d042326a7094d16f505df7489892a4244
42,5.613536834716797,0.7363914847373962,ee9611becfff60488ed77373d6bc14ac20a4b8179567bb5721b7bd85327e4f86
43,5.577034950256348,0.7134228348731995,3cacf8f009c1b491a619b2516fa17153a19d88352fc621d9698a3c2e9b2d9edb
44,5.498791217803955,0.5773781538009644,47577e8600f58b83c2b562ff1a3759aef6fdfff46b24d9dce5fe31394604d21f
45,5.46861457824707,0.5851187705993652,af097281a409c2c14bed5c671a0a3e46999982d1265e064900cdcc175d4c1918
46,5.583053112030029,0.6228299736976624,50434dd7f31dc216e764846f6b55f3c3a9ed378915b106e6de9516c66dc6e807
47,5.470946311950684,0.5795149207115173,387caed6155229d4dca5371f3fcc5189e9a6fa5f0379b713c6b6ab975a2b5823
48,5.418983459472656,0.5374218821525574,0a40e74977c19b450e9da4285d014fa250d0c92dc167003fa9d9b6841fae26ce
49,5.386162757873535,0.6677244305610657,43b4d1ca3ec35a6e80751f9e9ab28a51651d46fe725aaa4677483d1e118d7bef
50,5.450466156005859,0.5638388395309448,2b672a8cb40f21fcbf00da7793eccc6c64c1783cc3c5225e81f6d8c88f5fcfa9
51,5.3645429611206055,0.9391234517097473,b22973f76abbbd16d3d3777bc2d1c55edcbb3191f5c3455277d854f7c95b25b9
52,5.284514904022217,0.5384654402732849,14b878bffbbef71e0e2436b9845d113d1d3237d8c5cd1d33ec8be73f7a795fb1
53,5.375612735748291,0.928821861743927,61ec0a5b7061a22456db53acdf657c9c51b7ded60b3ad0200a922db5bb483fd0
54,5.331849098205566,0.5210545063018799,dc4853039ba8be3a276b33f40e6c97f6ee562330c438372069b4fca206bf275b
55,5.255064487457275,0.8760430216789246,dc0e59168570f17089d70ef14b7de57b9d18bb7bf2ec44ca9465592e7a646577
56,5.245013236999512,0.6881991028785706,e3d86b4fe195ab45d13f41ecb597762a9d6cde2582e9f0c19a540188a56282df
57,5.277496337890625,0.5994372367858887,2e0664e99fb875b6450fe555887e804abd63df58a18a2cbf1bb6e351a8010b3c
58,5.189913749694824,0.9457908272743225,dbd7bce4d5cbf4c58394ca8b44e481765a872a349c9d399dae2acee473d3ecf4
59,5.168000221252441,0.5862987041473389,a9a01ef6f9c005cafaa42e439af9fb2c4d203afe026db22b5a83cba02ac657c8
60,5.183207988739014,0.680565595626831,22c8ff1c00861d6357b924a8c7304c032295acbdec812992510ff8199c7fed7a
61,5.127964019775391,0.7119919061660767,98df9057dfc564c20357c186c001b8b01675aed47ebd75bc73f516a6531d07d8
62,5.1071062088012695,0.6028478741645813,e3d4dfc787e73a96cca3be022686bce8cb0139c0d768bfe87ce89ca9045b86e9
63,5.108233451843262,0.5689672827720642,050d3c4c7ff815f484e6f7a8a2192a74b0b2ae741cc7b7210a70ac4f938308ae
64,5.060494422912598,0.6457782983779907,087caf9865d2576fcf38cae15467ff49b1493d88c85229a0d927d2a9a4ac7977
65,4.999314308166504,0.62979656457901,988ccc26958b9de24b0b83e34f5afd9ce734e9730ad96dbbe57cb4c9bdd835d6
66,5.022360801696777,0.6432363390922546,d85c8fa1f900148762e811333a5bf36459d3e5e66a4bcc366fbf150e3ff7a11e
67,5.003880500793457,1.0180606842041016,a87f46f4e9550d0608e29f306d7d5f59146c679debb0ca85b4628cbcba543d5b
68,5.029930591583252,0.6790100932121277,6bc9833bb04c3ee89082e04c3c502ed541b93ceff18599bc0e4ec27da6d35cdb
69,4.8760457038879395,0.5973851084709167,f927c7c010567ff5b0a58fb2dfc070150fb43b07cbfb336c39fafa4593931bf7
70,4.979551315307617,0.7333287596702576,7b083f37c5f8a8cd9804dc5d8e8d4aad1ae6490c717bc0c4c07e331b7b406d70
71,4.916021347045898,0.6568647623062134,c7e711524d0a1cb02a0b25119536c0aea2a6e6d5a28ad364e0912f0c1afac329
72,4.8684797286987305,0.5904281735420227,19ea9a0f21305802288658316e0c6a395ad5a297f32449c88c2da9b366432469
73,4.8879265785217285,0.6608771681785583,54ca85dbc2d65ef6e6d6e2ecbbaa3f15bb955dc8a895e51e9dca4ab9c588a4e1
74,4.789759159088135,0.7342115044593811,8c34e0b125192547aff0968a02bbb482efc1b607a4c9fe3cf029bc51838c347f
75,4.859561920166016,0.7907088398933411,03658ea755ffab79a2dc70f0e68d9a2256d9d90c270b9b44c0ec1882573d8b00
76,4.864459037780762,1.2812182903289795,880907f27a9d5a5b7091707319ad5a6ef4044fbbbf3581826f308cdc6e888846
77,4.8275604248046875,0.6610089540481567,77de2d36dc6eca98bbbb31a143c58f35b1cfc034f448d89c08b04d2b24a069d8
78,4.723390579223633,0.6008257865905762,7e8531347609bad4e60ba2d44d154782b320305a99db0fef73168ea91db21c3e
79,4.856139183044434,0.4942876994609833,51a461ebc333dd6b53beb2ef35824f804058b025ad5689475517ab6fdf7013ec
80,4.8242974281311035,0.8261290192604065,25c929b587365118a5bdb386963d9083a1b07232d2a04028bbbd72795503e3d9
81,4.861791133880615,0.9515284299850464,1d5e5e52c9a8f4c994e6c0e0c61d7715ca78c865ebe540d2762a444e3fc04e1c
82,4.793887138366699,0.4279564321041107,a57649149fb85fb516f5c314c20f669d89c14175fdd7d9e2a6107716493d1c16
83,4.730106830596924,0.9519073367118835,fc04662324d5338819104e38bfa60af3d9837596395e33023e9c946c5931b082
84,4.7526750564575195,0.5972553491592407,911b4d6cb40370771ea661b0c5354f25d96ef045496c143ae0a822c2f9ecdc55
85,4.793661594390869,0.7701878547668457,892550591686a08e483afcfc2ff8eeb4f561be823a2380096e5fe6348e4371c2
86,4.6837897300720215,0.8471192121505737,5b59c3c11bda7ab191c9f20608e3dbab4d457b688f7610cf232e35f4055f1766
87,4.579470157623291,0.6221135854721069,81571cdb277b10a2e6c988502e53afd294af765ff5f40048beb69f9d2fb1500d
88,4.634946823120117,0.9683093428611755,0e62a5ab9ae7af078fec7d43ab06d447232f8d0cceb87cbdfd10d484d1ba981a
89,4.6657280921936035,0.7085408568382263,2f5a2dca960be768f3c62aaf61ff18e7fa40b0bcb7968fcea08ddc5f2d34caed
90,4.712209224700928,0.8421037197113037,a5dacd0cf02a64b1c08092c66401bad739fb0d864089eeee606913f064a2fc3e
91,4.720826148986816,0.6984671950340271,cd3796ea939edf20429673bf2492dad4fb1403fcd4d160b345d84ac48d4ac07b
92,4.679858684539795,0.7014231085777283,f23f075a37a96e15ce1b586e82afc17fab67d33507b54a9c177564be4776fc0e
93,4.6283769607543945,0.6541104316711426,d6218148ccaff593d1e907be64f3ce280c474f06c08bfe53c99d0787bed8c3aa
94,4.629020690917969,0.6709113717079163,4de7bbd7d1c7c7437495d0c742ce09881fe260ec49878f03ecb0b51a14a3bc74
95,4.562976837158203,0.6426535248756409,d21d5e2682567ef2a87ce4d9c4f04710de312dcc86b55ef7f8ee06497595ef91
96,4.573419570922852,0.5758588314056396,780c01c46ee306c439b06f873d07e563930d5bd1fbfdc1203712da655af79b3c
97,4.553189277648926,0.6241586804389954,424222d342d380e1c7fa7d060edfe5ba568f787e71adfaf473ec42f05a590b1e
98,4.531102180480957,0.4511253535747528,7f47739cf3efa88a857805c170dbe7a9435f4b860b06d03583c728f067740875
99,4.572821140289307,0.49142593145370483,a51670f76f647154b4730abe91a35f90ddef58fadeb20fd7c8f9b7746f2f1bec
100,4.671777725219727,0.49763867259025574,0dc0e205faaeb87b796a21a0f887e1927f9f95b091088813b11831ba196e3a8f
101,4.549632549285889,0.5136131644248962,f1e69c5410d305e01544b16931b24d39b82e1bc793eb4e867d1192f14e583bca
102,4.522004127502441,0.599210798740387,095fe8c6a74af716c45e61482e6a19cc2a7f110a26bb41a2793d43ed3d37d418
103,4.585021495819092,0.4553709924221039,772704f56702930488c78ce493a6e24a0d2a5776b1c0481bfde2716ba19817b1
104,4.500105857849121,0.41852235794067383,7121253f3667c1d963f840778fbaf38851be9a5fb4520fd042c8bcdfc0ae4b00
105,4.457291603088379,0.5045379996299744,ced7063617187d2be0cd2406f6e225ba5a61117fd77461e08470d5d0a6560461
106,4.456658363342285,0.41541174054145813,150aaf3b270046d1276260d0770e6f7ac56a9a9734883a7bcf8491930e65d3f0
107,4.551383018493652,0.5047659873962402,81c6d0c3682ef2e56414c6ae597e173a175688787582c5423237e108d385d099
108,4.493021488189697,0.4858439862728119,2c3f2917394021403d670dcd81ba18a58eb008376ad70718db33dd32d2557649
109,4.518202781677246,0.5130804777145386,35b90ce3a2f1f10a954ba66b34779beeb97dd54e63f534e0eb2164e2ffba1f1a
110,4.50364875793457,0.44001907110214233,f040148b3abf6a199a1b7d5340e243b7ce68e0a1325bc6388a68b89cf3c47104
111,4.440686225891113,0.44454634189605713,84b3b4dfd28483f1f4c7daf5aeb2bd111652a18dcb9eb81f55680f6345c4feb7
112,4.457740783691406,0.3986392915248871,80221001e1e05f5101aa0967a5166cebd3f7a19d2157d80ed6fa95ebc0ca026b
113,4.457715034484863,0.5058236122131348,86c69074d2d90d80345348186acc5b3d1425dbc853c62a724df81da8964af3aa
114,4.420130729675293,0.528661847114563,86a9a6e3b2da4862a7f951d91798fc389ecc46a8d258b3b3e5ca5dd7eb5abde6
115,4.491363525390625,0.43463799357414246,149284493b1702a797c7c64282b9979e28b75f0fa5d832b48f76744f32df4d0a
116,4.5204572677612305,0.5192718505859375,dc949048a50bc5d85aa458fb4c971a68cc00e7c341bdad423c1de055be49d4ea
117,4.406603813171387,0.6681995391845703,e46d7126c3a77fa5e6e60c41a6d55138721c1c2cca3ae9257a7062acc1602435
118,4.384339332580566,0.49380165338516235,f7463b0ed04d16509fdaad62cd6784e86bb06d8627970a8d8b8086c293795a21
119,4.420052528381348,0.49552059173583984,54d8838603ea45e7a7799d97dd605b7cc49e2931a31400b802aa36699c1fc659
120,4.364083290100098,0.5652896165847778,aa13ea6825cec993f560b13f0344f1775442e7a99587a76d3cda8e256eb96a58
121,4.4310078620910645,0.5504124164581299,bde1d6438f4c5e745b3bd741e9db2faea33618cd1d65947803d44c0d98e87bc6
122,4.446329116821289,0.6019049882888794,eb52edcf0aede3d733373e8f5165f57ce19a99cb8d29e73d504b9c79e99688d7
123,4.458656311035156,0.49977776408195496,b4f054fcdea62dc6f990e02bbb7ce7d939a92e62bae217eae5b6ae198dbe7b2c
124,4.393810749053955,0.7496578693389893,3146a6fa0790e7dbe70e3ee677a72a57a71166a17a2373706b3a6250a56850ef
125,4.4192094802856445,0.4573000967502594,5f6142b9adac090323b3339ce0dfe9ec7db92409ee1c82262edd3e75986ea359
126,4.467916011810303,0.7161672711372375,f65a7e572799f97a10b241124a4c7cc81576e88adc30dd36d33989a14aa434ab
127,4.368558883666992,0.6257030963897705,b35000b03ad0186cf292fd5bbca3e6616ee74a2ac2f5a7399c88ade45b87dae4
128,4.349153518676758,0.7333678007125854,d4e2a9f95a770d6a6922399643c9b1c47ae309c4d002a83e90da91e8545d81e8
129,4.328608989715576,0.5580618381500244,bf41c4172205773a7605b8dd4853c31e1607f328d00942392418831100712e32
130,4.331601619720459,0.5808084607124329,7c6f0a6ba18a4932504fbda0bcaf3c47dad2e184aab5e6df7be3fd8a98cf77af
131,4.4678168296813965,0.525659441947937,1b2ad578671b0e25c7ac6b1ac004d946ac4a5df8477b57e86d3aa3115cfbb448
132,4.336096286773682,0.44697144627571106,19f5f75f41af11955039e2c9da60111e3f6c46da422eb4d1a3d4f669479de922
133,4.411246299743652,0.4844623804092407,2e1aad12c09faa7b73f8f5fddbcf7c62cc27a4d9fee817df65f92f475b0333a5
134,4.41895866394043,0.5003291964530945,84126983f92e112d1566203b0fd5c235a985bce01bbc063cf3cb77108d1f2c3b
135,4.385788917541504,0.6828157901763916,965a4d07985ff0c956f9494228fb865ccb9507752e1d759dad1b35661e528d89
136,4.3824543952941895,0.5069820880889893,9a3b685a8f83ba3d46b392510a2f28f6cd862dca7d3a86b426ff1e66f8d25533
137,4.37738037109375,0.5065736174583435,b003e84a98b9abc6015778e8159beec0002799328ffa54bcb22a722797dab3a3
138,4.283085823059082,0.6566800475120544,4d497866fc5973597c4b188475d5ed2a25a7bc86e7d5c54b92dfe62597efe795
139,4.257272720336914,0.5946931838989258,65a76f4a00de7bdd42f805d952f3d64130c67a08199a17198adffb9111f31218
140,4.297708511352539,0.6111354231834412,b6831d02372402f7a9f2887f356dcaf50d94cd2eeb0a87d15f1307ed915dd661
141,4.277655601501465,0.5586735606193542,b066d02dd3d6298c38cb6d75eea632aa076043523df7eb0560d792085f33bb61
142,4.310929298400879,0.4992919862270355,4f78e1b692a4d95bdf3c7b6fe4eaecac49f66e4de3d8320dcd95de91db879cf6
143,4.286354064941406,0.7092861533164978,8bfd5efd054432fd56b624283643fc3e590c5b782eb56cc7c9d420bc559d61bd
144,4.351623058319092,0.50896155834198,646e403bb0e6d6eca485ed736e0b87667e53c6e1ed5196c4167075c691030530
145,4.2202606201171875,0.4923293888568878,6101a5e8a047f9dfa2fc8e954267542a0efe600e97eaf65c86fc0e460b936c0b
146,4.308225631713867,0.4884674847126007,8e8e7717de127b86b567f62459f257d18096b17bf54acd86177b1bd08ba09614
147,4.273167610168457,0.5471864342689514,9b137b349ea1ef7378258037cc83a29921cdecd2e9f341296b8e537d7d9bfc93
148,4.298283576965332,0.44263386726379395,3b085ea2d2a401a61d8d774f235324de7afb34efef8268e3dde8797ac828de8c
149,4.289211273193359,0.4820610284805298,52a9279962ebb22a0726f99ae6452fa979a23ae642bc4df0b208e4a0d5b0a328
150,4.357602119445801,0.5059398412704468,d1dda8f47fcb726e9d30f6cd8b520a3f737492db82d6e506f9d68aac31730e02
151,4.222984313964844,0.49738043546676636,59bbd177a658bc75f50716f7eb821298aac840f687f7c4ae9a3e0dc6c2b55075
152,4.209521293640137,0.5906375646591187,9febdf5b5dec0e6b99022f2501bdcf2fa63bbdaa46cfef42d2ad40630ffe6c84
153,4.275700569152832,0.6008455753326416,ad12b36e638fb8407a373ca53453bf60454943bdd3a16f5b55c2518d153699f7
154,4.285793781280518,0.5711314678192139,4bedafea9bd306c3e70945022635c5b9084444149e93c7fe9554a2d7cdd01e54
155,4.287397861480713,0.6217379570007324,d14cad596f120e49af1a20fe16bf20da7205db1de53eba32719109500950e8f4
156,4.19935417175293,0.612129271030426,7f72da6dfcdc697f1795a6bb5e7fb15436360a45e4b3197cc0bb935a2a26efbe
157,4.206788063049316,0.5848058462142944,36ed46f5361353f1f313c85ad668be0c9a89a142951631c0315a023d9ab80427
158,4.3258161544799805,0.7213866114616394,8e3c4c9ade61ba4d240a1d1b55381f6053d91907a3e7b5f0286fac052b3f452f
159,4.27374267578125,0.36586835980415344,e2f9592c516291b55a1967f85c33f3334fa4667417d1805db02480cac4cee87a
160,4.204578399658203,0.7299172878265381,1e3a78bdef101c99098590b75eea58e24c58875f256db3a50750b81d887124fa
161,4.365111827850342,0.5150761604309082,42efa6dcaaf370bbcf76419cff5182bb163ea946ab6dc6cb2168866a3627e6af
162,4.289107322692871,0.6433724164962769,cf9037a205af7980f96e94f7b9713bcc296c2688f1905b5d3a89ed113e11f095
163,4.231191635131836,0.4876915514469147,d080b896cd4570f1d30d0a63949d8c1e640cd75dff6ee4548e5f4cac9b84630d
164,4.260898590087891,0.5398842692375183,01cbd93e2aa00c24f991542a58dd37a3c7f7ced96af8ddb971f4bd290cc71bca
165,4.203405380249023,0.4542638659477234,c1083a0734253e1b5b6c850d72b569714c56ab31daa941dd203b14158a9e84fd
166,4.272316932678223,0.5347292423248291,62ae969387589f891c1bbe868f41ebc515d53ed5852b940c0f220aee963ca7a0
167,4.195322513580322,0.49378931522369385,423296b54211e6b01af8db788bd90f32304a0e16ce5078fe42ed7f1a6636de5c
168,4.243913650512695,0.49270570278167725,b7400414ac7cd078822c7e235df43b1e39c6159da28c3c78f909b8613499881e
169,4.140818119049072,0.4460136294364929,b6aa68d5827ea249582e44d08f25c4b678a22ccfab44f18de41e0e698682666b
170,4.179071426391602,0.5013473033905029,95281db940ccabd819d8cbcbcc5bc7afb62e8d81c2b8f2d0827ca7c9b9aa7fdb
171,4.207025527954102,0.46190422773361206,e2c2a8a5b224a1cb9d895b2c7f4adbd59814e75dea5134b7c180e73f2fd4e437
172,4.193352699279785,0.5137453079223633,e32535a46afc0ce70094924d91132e1790b4bb51a5f4b06f0721280052379228
173,4.273466110229492,0.5104341506958008,ebe87c21cfd488660eda0f7d261898662bce465844700a057648b353a68644f5
174,4.304472923278809,0.4937079846858978,b43a2380fb38cebf77717466cce1bf8fbaad8447c5fbe36d7bf521706fdda51c
175,4.201649188995361,0.4428462088108063,0e502467367ebcc7ccff5831850e44cada9370414fcd43f30eff8307db602a09
176,4.205015182495117,0.49054279923439026,f658e10eaf40422cbb26e174cd92b5e6c877bb6089de172c6ee9243f8583a2d4
177,4.1938066482543945,0.448707640171051,6b257b47d903e444ac15c69c71e731b6cc9bb2081c3dc44f50a2b42902835e18
178,4.18770694732666,0.5011057257652283,f58fcfb6e7b89c95d3e77643fa6ebfc94a881ff19946c7debf93b0e64a961303
179,4.229626655578613,0.5090935826301575,0a2ed8321fe3c72458bc8050fed117d518aaf1608d0bc0ad3063b2e7cdd8d019
180,4.207976818084717,0.48190075159072876,77ee7db82f63c0e2a3dfdde24fde9be3df2623fdef4189764aa1f62707bc136b
181,4.178524017333984,0.537702739238739,13c7c39450c7e3408099f268837cc60f63a6db663a9980b329c6a36fdd83b819
182,4.282960414886475,0.5490903854370117,2212c5e52fb11be7fbc318a1412c49dc1e4cd8d9264f80c8dd6532ef4047a612
183,4.224627494812012,0.5737150311470032,eb48279dd95c6e5951dca42240edca4a5801b30aad12a83397ddb320bfeecd2a
184,4.213099479675293,0.6191540360450745,b183a704666f32e5e833ab58e6b64d38bf92c3a612a4ebcaff2c503023dfe641
185,4.212218761444092,0.5465765595436096,a4752b2560f90a8bc1f67e5d88f484ba8dc4725d0b8afd34fa2eb8485c6bde16
186,4.268604278564453,0.4863300323486328,d4d6d39722d707d2c5627c028d3b164994dcc30e8f9ea8dff2a2aeee4358c9b8
187,4.216944694519043,0.6269059181213379,c680b693e3290b881b79b139761ad6fb436b08b237be67bd50c4b57425f51e28
188,4.174622058868408,0.5197300314903259,cc111e3338c621e387c60a1a71fe9bcd2a110a03d94a965e99994a983e19f06b
189,4.153595447540283,0.5883321762084961,7a9e479e83628e06a6d24bfc945a46ec63b1bfa6899d647a0a66e8053cc5d080
190,4.1380510330200195,0.5777198672294617,06cfb19cfea8db3123f0240615121afe0326f631d01435cf11f1ec9588914988
191,4.102507591247559,0.5651900172233582,caf40af544f12e1663c604b6c5f54d79ee5178c04b5d211c3cd76fa5b20572e7
192,4.147892951965332,0.5513250231742859,24342be36883acf5e06ec183f79fefba0f86c6fc6fc68a9da2a7b2af0b8922bc
193,4.252907752990723,0.5410259366035461,e8a42f65867e79308a7864a5f1be654dfb4a5429c36e9a661182d94803725f30
194,4.192041873931885,0.6357068419456482,1588c2e884f7bb1e04910e33e953f4956e950a761f852c461606f8da7cce2d70
195,4.114491939544678,0.569189727306366,2fba89966dcdc77cd7797bbb539d669168916003aa6b8e6df18e0cbb6a359a66
196,4.070937633514404,0.5198392868041992,1916872dc21b75e60312fe404da4d07a01325eec9555021d20b05f1f6b19732c
197,4.238198280334473,0.5036064386367798,437a35a7aa455e6a1399f905b87eddbfb9a7c650b3d00e016b8ebf060759f8ec
198,4.198598861694336,0.6093459725379944,3b8f789af1e13a5679f8ea0527bf76032c62ee0ccecd7f9bd658e4bf4a21890e
199,4.188714027404785,0.5207022428512573,88ada4ea63a7094d3d84bc7b5f2bb80ba9792ac7a501a67e5143026e39383dab
200,4.080269813537598,0.5248990654945374,cb458a5fd69040c41a8bf184c88683cb7a87448b8965e00b39a42ac582afc073
201,4.105409622192383,0.4740823209285736,00f7834c8a63dccfedcb01bc9b08c61abd518cf82bb7bbfae0f430b9d5a508b9
202,4.061526298522949,0.4821264445781708,8588dc4381ba1a70211ead246cc9ea184451ca3653e7191d4de30fa45bbd8bd2
203,4.131142616271973,0.5128646492958069,aed4e332cc8c0c02b8b423087f65925f2c61d9154a791db13da4e94cfbecfe0b
204,4.287722587585449,0.4751131236553192,e7300ca4e01139beca0565c51bb9bc3c87616d05dea76267eaa8972c66f1d601
205,4.258606910705566,0.4823235869407654,d273ea0d6bdcd198dfc2cb7ff84d2c6eefee75c22d094633ccc36f248eb9a750
206,4.298008918762207,0.5183493494987488,57a7e92a53b2902f8cb2f6c051b0847cd164d0027cd716617b14f791f039e2a5
207,4.067115783691406,0.5316184759140015,1c4ba85adc806f6baca2fb52775200ccc868c1ebd40212855e8cfd5534e79936
208,4.081907272338867,0.4933049976825714,3ba721caf079e5ef0752ed7cee6999c8abb2bc7b6aa990ddb50dcfa83382ad87
209,4.092472076416016,0.4573756158351898,9e244dc83202706ef7de0b081ce4ad8cdd952b4499630dfa331712e723d8dc54
210,4.089897155761719,0.4957808554172516,42a41a59e25ead9a0b304bd4b07320043c976a6d5b3ab609cba3dca893b6d9a3
211,4.0771660804748535,0.5423590540885925,0850c1a18d1afb93802bffeb276f33b12d9e4c00d0fc1a35d892f5109b539adc
212,4.159071922302246,0.5127925872802734,a733aba205349570a26e9537cafa0589680cac55e839bff526b62bbcd4fb6b09
213,4.136512279510498,0.5009509325027466,754aa4326568b053d0ebc4058a0fe18ce835d0c6f6429afb1edfc777d1fae411
214,4.109083652496338,0.5189444422721863,b6e7b22cf0678913c7412bea07a566754a388bfe5cef92015c84ada9d7466b12
215,4.09159517288208,0.4536595642566681,e8df0939c908ac8847aa705709dc87b84ecb58b817f2b036c1fa25e27e6c515c
216,4.143054962158203,0.510991632938385,bf8fd1b38d5287659d1b8a3c62958f16300c5c4f679f245e5fe36517b06a25af
217,4.091160297393799,0.6154189109802246,31d4150d44873abc74b694f324c59e03d88a97ed21df6f7a29a9bb6151143347
218,4.1322431564331055,0.5346814393997192,44c31fc59d6930ca7b9bea8c1075c748dc2f4cf3f93e682d111cb1158a4f903c
219,4.056219577789307,0.4825116991996765,cf97698f004a0c3b4c73ad7b8b78b9c41a8570e332f8076c0a083b61057577a5
220,4.109631538391113,0.507102370262146,f5c5569150f62f882941fa20599b12acb7f9b5e07c748b226cd0e8cd865bd59f
221,4.089803695678711,0.43100425601005554,98e19ea534769a3047272847be91156d3231c87153a0f3a433c83eb00d903739
222,4.217144012451172,0.48261788487434387,7bc4dfd933d4ae5f6e55d70cee6025d3ab68e35b35513730a51f3217d292cb2c
223,4.15055513381958,0.4402511417865753,4b09d99cabebcf356c25150153d0f9a35a21881ea3ecadb29a51f5ded9a2ccd4
224,4.183338642120361,0.4789242744445801,8dcb014797d27b8c74088d57c00b23299e726835330486d6d75bdb93cd7971eb
225,4.154909133911133,0.4993889033794403,da8c8721d3bbfabd9113fd40f502eca42095822ec0fdb11f8577ab335d3ba61b
226,4.037810325622559,0.5181281566619873,4a75e0f9d23a0cc5cacbb0541660ad30b56f3f62cff431292b7c62f35ef0e764
227,4.127549171447754,0.5664380192756653,c7a4ae3f7d30450c40bef99220ccc459c1b43978a6dc220b719eecb0f27b4ed3
228,4.0192670822143555,0.48258888721466064,4b7af1e50c7a821a583b0694a2c2f70650ed5da22443ca6bd1198d730dfca2d9
229,4.031703472137451,0.5192474126815796,315cc678174067373fd5dab3d2faf2452a54cd435d27e26cafb335a0ac55cb52
230,4.061573028564453,0.5844281911849976,883cc883d3f3e8b081f893e5dc11d0ea0890afc740920f7806eae8930246269a
231,4.050313949584961,0.5169665217399597,ddb706439760d517d9c0c828b499ea7f09244ce7af77e2c710329f7cba7a3ef8
232,4.09545373916626,0.5142495632171631,f7ba2caef1cbf94d98c2f3920fee3135737757a060cbb8e690d01c1d7fd2b660
233,4.0855889320373535,0.5876554250717163,b946f3b7f51d1b017340cdd5a1d34e64747b028e6ad9573dc94328cba4ccda71
234,4.059858798980713,0.5177162885665894,422b109b9715ffc60d782649516b35e36fc82003d3f74ec7c2b4c814fc70def8
235,4.017601013183594,0.4669540226459503,3b645240fdba9cd246711a2d3bff30c4c587bcabb714758546c93123d3082787
236,4.072393894195557,0.48619961738586426,89c30f1760fbff894696a8f66bb43801ff67eba81fbe1f5302d1c2b507076b7e
237,4.111836910247803,0.5095243453979492,7459f7df8dbb3d584a4347ee4cba17d38d1240a4cef5e33b198544df2bc20d22
238,4.129017353057861,0.4914858043193817,2300d84e602f92d0a59aa94df3bd7e63070926929222c04756fd1f9bc1770e11
239,4.063039779663086,0.5614573955535889,3e8dad858705bae4c847104019f3ca86ab89150913bdf2240850dee710947302
240,4.082304954528809,0.6851662993431091,f03500b8290302132adb0e64b2bf15705595654c1ec0ee7f54dec6334abfb9f9
241,4.103461265563965,0.4867991805076599,a54dfad573eac8cbe39e76d7e50991961c6417de6cded130fc391b79988ceb5b
242,4.030980587005615,0.5399085283279419,49be97e290ef5ac4e07a29214496fe8c14f9e383184b5001993bc0f0d9f9033e
243,4.025944709777832,0.4933066666126251,d366d9f0bce570a9ca86ba67b3153a08b699b0b6ccb43e0ccb49546ba55c0ef7
244,4.104391098022461,0.5626180768013,857a81e70c4c0da52fa4d546410bef5513d787c96bdd5caf7dc4867dc95f3701
245,3.997467041015625,0.5403938293457031,3aa9cb0073a6c0521fc8cd73c96d4ce5a03fb189fa5f4b0f8c171c3111b29a8e
246,4.196928977966309,0.5154220461845398,264da1912180389a886344b1c7980ed69d0a43b3c73583726049dc3056ab7cee
247,4.020629405975342,0.5060238838195801,8cf40c1cdbe04574030f82c1a656625ca0b0399c97df4e1f533b9a0de163ad9d
248,4.037797451019287,0.5709434747695923,122a33830b0f8d477d77f3aa8dd1ec5b64bdb9fa198c56c81e4ea54f49a17b06
249,4.0223388671875,0.48449981212615967,48da61cbff85495a4e7578a902d9d798416fb3c95b04cb9d07a4c37d376c0407
250,4.048720359802246,0.5126774311065674,c01bcee364cf43b50c97a36b47b04790f90ca47e63a1f1dcf6cb28e5ecff3da7
251,3.972351551055908,0.4498893618583679,360d46d1a0037c8fd3ffb9aeeb14edb8611cbca6257f90d28f86690637b0e7e5
252,3.987682342529297,0.6290775537490845,b9a10fca57675039154241345831afb982bdc6b0bc2f71ed1cd83ee4ca61b742
253,4.0546464920043945,0.5247479677200317,51beb7aa5de28f6b02d94fdca0606eca11339fcd49e703b529823cad33e0a12b
254,4.0718536376953125,0.5196327567100525,d5ad58ac7c70611a3fa3147ef09ad3e43ddd22ed8086049a40a2d650f0c9e8cf
255,4.065945625305176,0.49123719334602356,667cba45d8181527a4ae1fa33de28597f304b92001c6424e67ba446c67f38e41
256,4.170430660247803,0.5124056339263916,5492c82aeaa01c4ef71eaf7a95a48b11103a1c62b15f4a24f8ab54477808fcfd
257,4.061217308044434,0.5704463720321655,574dda442606e1510149fe87fe358df2fe53471d483b2a1b2b96a5c0b6860a0d
258,4.044763088226318,0.5243805050849915,7ee88bdba90496b78d66acfb17ce37245b3f12c69b8984979728fdfce6271430
259,3.9464149475097656,0.6176000833511353,63b44cc34156a6acb77b063d2f3c933b1ebb7bbb604a68b602155030a187176e
260,4.055698871612549,0.4955763816833496,242c71d06f336576ee94a104374ebbdb0702773656a8bba78fc3e032964faf26
261,4.061434745788574,0.46458399295806885,3761e7943367487ca5818e959c8c2226eeba8263862c6b4282c994c4084ca494
262,4.00624942779541,0.4773663580417633,495bdb993b57a2f746fd74b6dc71901a94ac729e479165e89537e1fe13a2a519
263,4.035006999969482,0.5632431507110596,ef67bf6e76a38ad73e27c0ae6c87461b367c1e6e1aae455dda4511173c6bfc8d
264,4.029481410980225,0.45517611503601074,008d80c9591d88c99809a64c3edc8f7556bf90fda42e19a816ac88c5e9ff4dae
265,4.017730236053467,0.5334361791610718,9a568789f0f1fc9e438c634bf7c398c6a912df86f70f3c15fb6d1af768433085
266,4.1150102615356445,0.5706541538238525,395905afebd27b6e82056fd2ed66fb64f5cedb9ff66a42ac8ad2ce6a3eb21e73
267,4.031662940979004,0.5855745077133179,bfd20500c7977f6c12a76339c17dd3b18e79ea494ebd567c8ea043c0cf86748d
268,4.028392314910889,0.500805139541626,8082c070d26d7dd43335633864ec2d123e9b0a234fd035eccdd62385109fb5ef
269,4.013577461242676,0.5234308838844299,f3339f97d68b9707c4854cf0631956eaf5db448f1580fa214c25456d0ee7eb20
270,4.106725692749023,0.4872591197490692,c6cecffc6bd41e17945b67bdc99b77b5c4d30405b9e4c4d583b0a621939f3e1f
271,4.063283920288086,0.6002086997032166,7eea4746e193d77a9108f46d71fe6f4e94dc2d5a776eb05219fcba20b8114bbb
272,3.9876084327697754,0.5444997549057007,9560fc71bc71f2c3a4118fddbfc31bf3cc7734f91db2c24ea21d7263fb8f65d3
273,4.062807083129883,0.4755401313304901,9cb3c5e8d44ab3221dda3e5f785a6c7f9fc30f453fc4d67d5011a74810c653a9
274,4.03813362121582,0.5086798071861267,34257addcadce86b23d885503488d49ffe3716445fe44838a468a10e23018092
275,4.025341987609863,0.5537092685699463,8b0fbe32dafbccb6a73f29c9743a076431bbcba40a19b7daab5ab84548a5e6cc
276,3.9686057567596436,0.46384790539741516,76cdd694f299e0846ca752aa1e4977a56bbf11ff297d5712936baa58e0cdfb2d
277,3.9590163230895996,0.577128529548645,63d0c72abe7620f2ee40752476e29a7868be41606acb7e02021eb2d033ef3ac3
278,4.078836917877197,0.5065314769744873,799549b2446459e08439156daa5f9f0cb056343678bd473397c68bf446df4286
279,4.034524917602539,0.47942808270454407,03022620eaabac2d09609587fed8379143f31722e0bb3403c0a49c4f01918ac2
280,3.8955512046813965,0.5744786858558655,5d1f30e21d38c5975e69a1f57377eddefc2c8e461289117d2246fa34e251f8a8
281,3.9691779613494873,0.581306517124176,35004ec43e62c038fb22e7cb5ebcaba4e76a540c39a4cd69b65b1c44ca39b3a2
282,4.087334632873535,0.520295262336731,1c20c77b58b2a1ff1640ab8e35f8347c4260e87bc0cf3c4220452249a80b826c
283,4.021849632263184,0.48572051525115967,bc49558b9872e134a7d8ec946e0da4217338a6e5a6bef05f1982a52806f7fbb3
284,3.99452805519104,0.5057736039161682,905d591ee0726c711ca8205424a843a8998671c80a04a0ed9fa73af3ab405a6b
285,3.9240987300872803,0.6182391047477722,ab12dc55f5320691fa4da463f9bcf262f9db0b940f0393fb5fc2314da29ea02c
286,4.040660858154297,0.4510749876499176,e317c20dec551392179f2654f15890fee2144f1dbb4cf24670c4205bce3784e4
287,4.046497344970703,0.5939187407493591,3acbbbece55111f0baf28caa6432d99743cd332752b4f484fcf39283b8bb891b
288,4.001069068908691,0.6239160895347595,07795236af92de127cf3c582a5d0edbef21f51304a69764b57d28be95ae1c1de
289,4.0417399406433105,0.5152623057365417,19c10b8e4c9cd87ba8944c4e24454a1b3b591d89d7eb8298ddde930638eeea31
290,3.9627740383148193,0.6580478549003601,9237b0bbbe10a8b316b46cdf5ebdc0ef03a979635ca921cf66c807f86c229c6b
291,4.018550872802734,0.4882615804672241,a9e389ea1c1bd1a04cc9a155f1fc1e9e0c4977899fe1e49ffcc5ce84b3d4e4cc
292,3.912716865539551,0.6393619775772095,50b66fc629f5eb33a360a0a967e6e6c1325d3bfa666328d5c30c0f5c6ff99515
293,3.9742226600646973,0.5089614987373352,d7bfd66e529dbbfdecbb09d464b8beca5203bd9a42588df759fef6eec07f23df
294,3.9155454635620117,0.5561989545822144,1a2d8e9e5de420a1356a5c60553bb87a5b2d19123d619e9cc24cb6191b4f0b3e
295,3.9776947498321533,0.5934829115867615,a92f8a65dfec498b3af4ee83cb8779329394621a1667173c6ce844f170e73f93
296,3.9352612495422363,0.4527738392353058,f1ed945a762045969a5b3b89f10d50d30d7d9576bed76b803b3ba8384006a75a
297,3.98172664642334,0.5547018647193909,b3b6ff81e64ee324e690aa88365680919c5957f75f8c49c58dcd40bafa7ea5c5
298,3.995119094848633,0.5092244148254395,145853168413ac9cfeb614034f2a43ce3215206e46f69ad6204deeb513364c9f
299,3.9531078338623047,0.6344380378723145,4a82a3c5359c3ff1fedd0361209abf898c81aedf74fe28fec756da8de7e98751
300,3.9628453254699707,0.4825833737850189,0f4e09195bea793770528e18ae4462eae582bb937ebbd6feca987c9e149e1476
301,4.002468109130859,0.4737784266471863,dbb228c7524a72217a4c656e64a9b54df4421a0122175706db2dda20a504b256
302,3.990748405456543,0.5435253977775574,26e82622ffcff7f89579c173c4820df4152784e2a2625920c53420169b941c9b
303,3.9556725025177,0.5032809972763062,5f825a2450bf5d104413594df0637a2532644bac04eb495f2d0487db4af2ff89
304,3.852924108505249,0.6785998344421387,25d5109b44cfc4edfb79aa5e36ad5af0897d7873a5b8c6da26ba3e937756b62c
305,3.998459577560425,0.5731130838394165,7974c6c03885ec829f97e5843c3052e1d5397e13de017604d82d487ed5664a7c
306,4.050196647644043,0.5687867403030396,283b7835a3e6281330a1a22f2b41b8aaa635607419b31042289b6a781e095375
307,3.8720710277557373,0.5624080300331116,e701bd55477db405b71bb181c8b0d4e727cf3c128174c8662d80293da259e205
308,3.988377332687378,0.5682250261306763,5c3f43e35aef4c10d7c69019b4c1b0b9ec8ef0ac131d68e38d4b51ec1bac9abc
309,3.9034032821655273,0.5621017813682556,6e6a05cfe1c0d103f81f567467342d2ef3cf42d8d20d1bf0ae7a0eab15b8b5a1
310,3.914869546890259,0.5076360702514648,f90a14dd7dcc69dacd95d325265750afa2ab4da99bc08caf555531005789826a
311,3.9311108589172363,0.5474019646644592,748bf5352ce2756727269fc377b7481af6bf6eb7e9a6e5427484aa715545b265
312,3.892453670501709,0.5947431325912476,e18f478055a3ceb3f1640174cfbf5346f0307298e7af0c7a1847c96bb4a58f85
313,3.9632468223571777,0.5278346538543701,859bbea1e6bddc90124c4e9d323ccf47c27888b6ef1b170d837bf1f6617eb454
314,4.0940704345703125,0.49698588252067566,e4cf1683a63bac2fb08e3525841e65ff1646d74a577f543bf074d9b169a6a451
315,4.015576362609863,0.5420857667922974,36b6e2651ee8d046b51a04e4e164ca36dbbb2397c63bfa025ed543a641988d8e
316,3.9053444862365723,0.6886230111122131,3a85b0e3b99f9cc7c0c9bb6b7ab4298c39723765ebbfa38eb7ddf415558d5fc2
317,3.960322856903076,0.5381740927696228,1192081e2cc94fe796936fad4ea8a176ccdead373e33d5ac5d43bbc04fbdc744
318,3.9368808269500732,0.5809007883071899,cf7ba1b17a02f05372f86f65e87cf8ea978e45e60b612f4801783d1d225c54b7
319,3.883509874343872,0.6145728826522827,a7bf0318d65e83f1c39948168592bc98b634e8f6dccd3af822ddfbe14db383ab
320,3.9557437896728516,0.5640864372253418,d3c5fc72a17d77c8f384be6c89a36c285ced434d5bbc4e1ac5db4ecea3ef6163
321,3.9565045833587646,0.577761173248291,3f00685629bf36f88fc5517d11be805d973a168026e48188287cedbbcf97bc9a
322,3.9240262508392334,0.6262633204460144,2f0ac4783762e44032f11386c73caf56a4f23f57fb7823050ea6b6d6157a9532
323,3.901160955429077,0.6054510474205017,8e76b417cd1b586e997686a60d140b810e808eb94655a384de589d688e46a635
324,4.0309271812438965,0.6163063049316406,867d5cc95913b36dbcabfddd7a586d8e0f8a7e3bb4daf2cdb760d60af7d26a4d
325,3.791414260864258,0.69400554895401,9b9e50ef86bd3ca2371134b616b53fcd1ab5f9398799712a5fa891ff2b805e52
326,3.963046073913574,0.5999964475631714,0344f40e384f8008d4eac616add1baae22c56dfe1c7e783194a37d546f9bf296
327,3.8728809356689453,0.6783953905105591,f06f5674d7459df48218f16ec9ae1ad677e6b86ef3dea273fa533bbd7fec78a1
328,3.9517197608947754,0.4628925025463104,b62c0d99a0c7107393181b74ea72d8debf1ea3435644f4afd88e39e72a8476dd
329,4.016387462615967,0.5505691766738892,87555e3805a6a29847c7b2161d8c469a921aa8d4ee0889527f599fe6d3d54526
330,3.829009771347046,0.5108950734138489,fd759457a5ac6b3a93b3323e0830b6d3ae99de601fa25283a25bd784fdd51654
331,3.7603394985198975,0.5375017523765564,96737c891e2677b7a587e26e3b3dcfb0c21f855ade61df6445b82360b20d358a
332,3.9338512420654297,0.6111058592796326,17150ec19c81f0702c869daf9c9bb77e51a9fe24d9dedefa0a083b2aa6439785
333,3.913653612136841,0.5510888695716858,602a54040a765e80b6499b9e77eca63985d88a3a9f48e4cd117051f93e2a23bf
334,3.9233317375183105,0.6728916168212891,50af9a63492341ace8363f3f6597333c0da3155b851528b6f6317388ceac41b7
335,3.9071319103240967,0.5332385897636414,d7f8333285d6a74b7e3a0a2b4fcd4125af2153088b7f7291ab04571f0a80c844
336,3.8719871044158936,0.5234851241111755,9abc57245d90e2954f16c53ad239acfd4a78e4dfba1637b98fe5ab1b68d9d462
337,3.932905673980713,0.6043398976325989,baf2f24be126aefa8c4b7f8266b81eab63ad7dbfdbbf9272436accc843096921
338,4.030138969421387,0.6331108212471008,ebc273f54d21ab7dbd3186aafca0e87064431dc9133abef54a73f725bc29771b
339,3.9337165355682373,0.669550359249115,0b2c85ba565d18d0955afdb3a94e517722973e7de6b91f07e3b537a3e0f84720
340,3.8483920097351074,0.5909338593482971,0eb17028e3ff076762d325b143863b4b7afb884cc97025bd6ecf3787afcb192e
341,3.9277117252349854,0.6252830624580383,4e979c8cfe0138546996115d3d584e1d3999e0fd6281c5702e2cb27e745c8102
342,3.909780979156494,0.626442551612854,0687e991e1c21f1c0c67313d3321b5e02f83d7dc12e327acd3e92b21e15a8a55
343,3.916609287261963,0.5892836451530457,42172c58dc1f54127bfc13b2ba3a87cffdd00eca0f36b903a64df418d17e12aa
344,3.87080717086792,0.5928341746330261,227e6fd7cbadb6fb17ab45b31c3e60d53afebc2130ce938f23cff584f4014966
345,3.8999009132385254,0.530758261680603,4689b50c4c695c3124a4c755def3588876c358f51b2d0042377a8f6d19b914ed
346,3.9448137283325195,0.6018112301826477,17e570f5f64b00c2e1f8d0677ec7b58b31f07220bb99fd90fa31f3c9e7a0266c
347,3.863584041595459,0.5435243844985962,4d7721808794435b78a8e68aed26c5278b200f909aaf25bdf8e1d9cb6dc57d32
348,3.9940505027770996,0.5640410780906677,894c915effd97ba925b93bc6f7fe1aca8d2977554a571ef894e161c3de1d8f0b
349,3.8444995880126953,0.5161744356155396,2905b26e0bb2f532c5b3d1b35d1c89c981818db64ccfec2c09934affc6fc57b7
350,3.931990385055542,0.6185460686683655,bdfa4f3c2b6df07d0a726e88aa9d1135a0a497c78ab9f3dbb61ca554765f5844
351,4.019081115722656,0.635545551776886,e8859ecfcad4a097e464cb49317ffb1165f21b6cd4c10eb1b420231ddcbef9c1
352,3.887808322906494,0.5689689517021179,12cf992e75bc0be99c73ee7f009f5998e805bbc8f339f76a5c45e3a8792d2de4
353,3.915367364883423,0.6335097551345825,dda124176f689606b96a1b1cbaf2c0b2c0163a5555a5c2f0c2e40421124f329f
354,3.9048542976379395,0.563749372959137,5de4e2f3f9ea829b7dfa92544f4f25e5cf5e1f2ce98673a8fd447be1a19e7959
355,3.8956081867218018,0.4945632815361023,d47c616d9f8178c2754e3f35a455e4ba7309b96e3b6441a580036fd139cda4c2
356,3.76017427444458,0.6303013563156128,c17c673f318acb0e078f99e7b779fb0043e62c3730359cd93d0b40015fee419e
357,3.8192343711853027,0.5162079930305481,526dc94b614764161e12f0a854192cc9bdd78d91dd309767dfd273e0400617cf
358,3.797008991241455,0.5947790741920471,21a57c634c603194deafbf6563caa32363d4e27f8dff0018db41d6d3f7ebee5b
359,3.770233392715454,0.5481535792350769,62f44a06ec9d1717d7bfcd298e1ea1b5ea0764bad2112a09f888d9969b339711
360,3.905810594558716,0.629212498664856,522bd1841094b8cb1f11da9ea53ab2c039bf9c1764a617d2068e7610664d1787
361,3.822842597961426,0.47904396057128906,05cb23655225a52ec1a78aaf4a48c998a800e5b77195ddce52015ffd6c549299
362,3.9379286766052246,0.6256576180458069,84addf1d687dffa4b115170383ff946ee515b105127838c7aa326d63967a94a7
363,3.772597312927246,0.5979378819465637,02b0d91934d1052053c4af7e792b0ef5af7ffe360ca7deb1c7dd30879ab58166
364,3.8228044509887695,0.6269859671592712,e39971db0e2f4d92101516966a7c033cafa39b2da9262e812cb64684fdb387a8
365,3.882190704345703,0.5279127359390259,9623b407e252184cda1672a229dcfff8a62bab66f9c9bfe507f8437846756a5b
366,3.7635464668273926,0.5471965670585632,82bacbedbb3a544abd356adda9f357a8ff0f67f9a809021c53cf791fb773d9b5
367,3.8606252670288086,0.5030096173286438,9bb3c20a9a43c79cc3d7bf81f6fb71e397602e799138fc5de0765654b255c77e
368,3.853297472000122,0.5067182779312134,d73b151e4baa7b415b758f146ea72cfb93227e9629162f79f21b5cded4f68fca
369,3.807112693786621,0.5371472835540771,5f6f3583040a1e68dd8f277d1217900a267594c3b994cf2c52fb0d06233d34e9
370,3.77229380607605,0.504595935344696,b821e1840c55fa26fbce0f85205ed794f752b2ad5631185f7b697b7eeb068148
371,3.885897159576416,0.5280902981758118,ec9f66a8f45d9dda978b3eb92853e9efe95ab507dd3fbcc562fb15f7c7dd0296
372,3.7802622318267822,0.5639269948005676,16c71ece7c6c23f249c009c4379ea5ba6e7f9ab516f70caf69478ce8c8dc88f8
373,3.9212589263916016,0.5497927069664001,1c52fd5a5958e242aa12387cc26a62fc251b9471065e59ab2ad9cdc73cd68860
374,3.8880956172943115,0.5777351260185242,07d386b45ebae441f7c861acbb326100792480042bc47c352a9b9ddbb862330d
375,3.805952787399292,0.5340577960014343,a94ffc20281251de44e7eee1a3d2249f1079fbde8185cba0c0ce01e26e729172
376,3.8389999866485596,0.5590313076972961,1f2367b31a84ee3dbbdb00fcabb8503671054639418b3f01d5d37e1e1c318f39
377,3.7238755226135254,0.605676531791687,125cf5ea4ff195ba0cedfe85abea6988f7097af9728f37272d34e7e5472b840d
378,3.8251917362213135,0.6149671673774719,1847ac655586aa70784b6f866c06df32d9068287e1014673bd11e857b7071625
379,3.8400967121124268,0.5095414519309998,f3489001c51085c6655669156adaf0ec734f3cf8e6f3b35a9c159c45d097115d
380,3.7538933753967285,0.6429464817047119,fe89edd5a7d8de63e01ef97b1e47b8598d8249d9d31ea284376f0de7bb92d472
381,3.7606959342956543,0.6065559387207031,c13e621132b6a9904a00d508f9478c3481a8bf3979b69f1debb28ee231f3c112
382,3.8478965759277344,0.6264094710350037,1034ab2527767efa52d4dd6521e6c9ddf590942556475375547ca325a63ed054
383,3.9525177478790283,0.51906818151474,79dfb23123da616200d38bad0c59346e3416eb53962be87ef2116ec9e4ca22a6
384,3.8027567863464355,0.6090942621231079,f43f1063a3eccf6429fd5a86b4f2619678350c00eee06e60fa6e15645d15c43e
385,3.7022628784179688,0.5902939438819885,c0a47f27994a4bbee264a3abda9cd81d6da79df1628c6ad1b895901947875d93
386,3.832902431488037,0.5704278349876404,128f085a3e70acc8e6b42d90458ae2c8d15908a985a013fcc7e4b4dd4d0c96c8
387,3.824873685836792,0.5442783236503601,b50bb17646c397775b39570e5da99225c2d1ebe30374dd13edc4e438d4703733
388,3.740993022918701,0.5860478281974792,56cee5c476647ff7a156d7fbd2f15ac8cfac66d9e460ae20ddee63fdc757ed83
389,3.7031426429748535,0.5781737565994263,51d2186deea1e462262332db58d93b3e60f61c88140ef997911f0f6f8e0981dc
390,3.8077101707458496,0.615553081035614,94ce635f98db34bb0b2e44389e05ae2fe248b2390b222c6639aedff0d1bae1b9
391,3.7959089279174805,0.5894595384597778,a934d5fb42a9689b45f3af49204a9f6893bff3786432c816676d255265e31b43
392,3.7533397674560547,0.5832322835922241,1d25229854da088e268785be77be00dd85c44a4588b2f365354452cf2e53584d
393,3.807166814804077,0.5433745980262756,d868b2bb9fbc5408beead08820f07bb9e4e1c9c3a15f1d3fc329fafe3e5fd73d
394,3.782871723175049,0.6395209431648254,9f6d5366ef3686879782a6494dc691253cbfa1bb770121edee7e25397295c010
395,3.831770420074463,0.5272881388664246,aa9aaa152a87012b99c2aa38e84df8b402603b6d6d3a0fcb306c2b8f69868b91
396,3.8228344917297363,0.5979851484298706,f63c9572c9570df5982837e7f8a313cb8a61aeb07e8f130d70161dd15571d6f6
397,3.8374617099761963,0.5893043279647827,217e675fc90e1d171d4b9aa2b01070d3d884cf24874300644c78be64351aa2b0
398,3.788362503051758,0.5338056683540344,d1943a1481e9e9fd5584033a91a56d248057499b66c756357413908743194dad
399,3.7870888710021973,0.5963699221611023,899c4fb06fcba8b88070ffc7ca918f698b6f8f22612f892679953ca42916967d
400,3.8230462074279785,0.5821382999420166,74e4b8afb40825c0a3a65892f7a53fcdaa7b641a29b0080a17fa37f3aa587417
401,3.7515053749084473,0.6172571778297424,27d075eccb712159fcca7269b36bafc4c29b53a57d3392eacdebfcfedf03c5eb
402,3.777341604232788,0.6539300680160522,d165575c952a9a87721f4e552901ec3da14428cd366153be27d2e62a75e9abcd
403,3.6966748237609863,0.6899241805076599,d72a3ea3e7df91629740b54c539586fe0dd9dd434e58fcc2230941f8bdadc3e3
404,3.8115735054016113,0.5765087604522705,d2732f59a717893fad3c27726aa6fbb6f51fa44b3cc36f6f5a84e7f1fed2a156
405,3.7003350257873535,0.6495944857597351,cc3c8965a74ebfc13097cf0bdff0978b1d7808e7101e208381502b6fb993a4da
406,3.768237352371216,0.6051329374313354,1a7cd2b956f5f35fc5504c0d7761fc3f9ff65611d54d642ed1bc4c07b0af8cc9
407,3.6805269718170166,0.6555794477462769,689b6d010d8ca60620bd5b991975dac14f712dec753f165958e273daccb01695
408,3.849241256713867,0.6640640497207642,bbb9824aaa28238894198bef04ea670debea2f3d100c8105ca72ee28499a70cc
409,3.675034284591675,0.6630200743675232,12ac01f0a398135647a5fb53602277182894053c57c403142fa511a99337319b
410,3.854482889175415,0.6618807911872864,7f3aa1e388253204a6736fac6a55e4aeeaa767480e0b615b9b74e2a3e341d0fd
411,3.7824325561523438,0.6082044839859009,cb03e54111eff57496b8675cbb9d7e23918533197db9c8f151968800f27087e3
412,3.91154146194458,0.6765201091766357,2415760fa7012567231d9cc9f438b39a93086a0bcd1192cb473f9293d4ec435a
413,3.8331379890441895,0.591649055480957,64ea77558126a9aa233e719957a702bb9ce924f104b07f5b81c1788c465fa2d8
414,3.677432060241699,0.5624576210975647,480a49e80b97cd2d6a3d1a097e372962021427458b77e65dc761bffe705131bd
415,3.6770057678222656,0.5699787735939026,bf41bbdbd612ee6ed789cd5fc52fa02a2a1c226dbed95006e6416851d969c95f
416,3.7836754322052,0.661281168460846,13511210497cef3559dd4d04f0d5dd23b2cd44eef91908aece82db931d3b7cec
417,3.771449089050293,0.5448785424232483,831c90f9615ee7a13a0cc44318d6055ef71195f8a9a195384d5c63ff79b58ba1
418,3.7558646202087402,0.613497793674469,f4cadc8ec9e97ca25679684ca3356c30e5a786ef36a50a47b5174dcc912b91a4
419,3.721015691757202,0.4817894399166107,49018abd4f0a7d47befcffb04583ae8ce69a5879750cf28ae3e526574fd677dc
420,3.84136962890625,0.5851922035217285,8769bafc01e0b81f6d242b0a5da1de0fd0d271f421f77b2bc81609eaef49b50a
421,3.7420473098754883,0.5806583166122437,e204f6ec86b8184569f0f022be2feb81a3608670dbc223750aafa06a2594dc28
422,3.600412607192993,0.5164155960083008,585eb677ae1e95bb84f25bb9d1a26eb5837f398781a186c7cbbadaea89f71195
423,3.7864696979522705,0.5290248990058899,1d1ec4ccf5210cd01b6db7b724afc7b4fd114d33c6e6addc784f2d6a09719dfc
424,3.810544013977051,0.5534985065460205,7c17ec6164f36ddc99e5e5f61103acbf3c7fb4ffcb37707d3cc73a38230077f9
425,3.7449426651000977,0.6141102313995361,4ffccc2aee7fcd362f5fb3558f894780995e79ffbbd0d23d02bc5dbe7d7f397f
426,3.662480592727661,0.5282672047615051,baf83fea0fb246d9adbf4a3032bd6017d2f176368c67df05f4ecbae1c24282ed
427,3.6756553649902344,0.6250658631324768,9bc6bdf5d79124daab776adeccb7ef26cae37d297693c07d87cc2c1f750ccd70
428,3.767918825149536,0.5389214158058167,9396abfad47f4bf4ca9aa18cbc0b7dac1138eb1e938aaf3e5104e66fbc2c111f
429,3.9123356342315674,0.6338472962379456,b51b7c7748f76a2357a95ebf908b45d763fa4b26732ca9c534c5e1fe7846658c
430,3.842884063720703,0.5817404389381409,0a2177e75555752e878f3848765dcd258acaa2e2aa717d94886dd4a3db0af8c5
431,3.667550563812256,0.6389325857162476,2d9b9b89341585d9a2e0ed4b244174173807c7b5888786a589c50d4cf5cb1b33
432,3.637544631958008,0.6251437067985535,e6193367c07f8836fa3fdcb8fd705cf69880d0de905cb33b81a18bb25b01c740
433,3.6645474433898926,0.6134528517723083,38edd648de03312357e02db3bd4be2466518a2555ee84f0b499fa2d84bd3e12e
434,3.8081533908843994,0.6731922030448914,76248e32b45af57b8d9ab78318462772996e95c02c96af91bf5278fbd0520428
435,3.677180051803589,0.7458532452583313,29c528a0027e2060d7076776bb6732f53f8aa0803a19133db9a8ab3ffbe0d95c
436,3.766268253326416,0.5917855501174927,8552e6aa427c669358baaba7d7cfd1effd4638505dde5f6f094b5ffceb7eb93a
437,3.688079833984375,0.6617341637611389,ede038befd0757a05e8f6c777241ffad5dd3ed3951b82528cf5e5f903c91a577
438,3.715444326400757,0.5575249195098877,0b64bcffaa282be1ed7ea9d59465ad27ef9260b53e33016e691b71ebe4a5d127
439,3.6970767974853516,0.5912817120552063,1940e9989d1df752e9e59ebf5658d3d609428d7b9881c31424ab5f653882330e
440,3.7521138191223145,0.5877935290336609,121bf6a8efe7b2c0770c0a025627aff798e2f3b633bc36bed563514b84e643be
441,3.7342703342437744,0.6019729971885681,784ab67cd576972f96748a9b21087625eb076ba52e96a7d123e0c4622f87d2f8
442,3.678673267364502,0.6897208094596863,97dd9380668a75a1d1f84a74d61d3d3c04ca28c5764eb10fced415eb50e8660c
443,3.733513355255127,0.6725836396217346,5084c6d3c5b97b9f0c7bfb8a486ac45d193099e730780d579ca156b2f9ff810a
444,3.7858598232269287,0.5690544843673706,86dc08aa531d0a6ac588df1d65ff65226bb810f38d1ab632e81b8b4230f08722
445,3.81091046333313,0.5669516324996948,df293c5f44c4d837c6e05412261247fe529ffd69cedfae11b3cd1d666ea029e5
446,3.735316276550293,0.7354058623313904,3bab8817c7b771b4f9a5f4576e126075d02e429bdc2b6e142609883abd697c88
447,3.8513238430023193,0.6138618588447571,e82bdacf00dfa7e58eb0035120a2257bd5bbfd038848c731c9d611458c013d5b
448,3.6972365379333496,0.6115518808364868,3a439e5bc67bd6e0248b3a3f8c3d79d780b781e549f1256f73058e8a7401c189
449,3.703015089035034,0.5204801559448242,650d2c371ac05c2f88ca179337953806dc4aef645632565b876bc838ee51e67c
450,3.6759872436523438,0.6257096529006958,42311ac37fa4a3f868fa888578fcc5933d08cadf897be74e6ef3cb10012b3901
451,3.7277774810791016,0.5622153878211975,9578d73c3829eab5113867cb1e92af2d5645f33393dd98ee6b267daf085a8a30
452,3.65910005569458,0.543531060218811,1cc4cca30f570c5a87b32a3a162cfeffe28552767b43ad8c812e49d59ef697f2
453,3.7535462379455566,0.6071128249168396,7c2d0c51b03b126862543e2d413194983548dc922e760f34b596307b6f8280a0
454,3.672192335128784,0.5418121218681335,b2704672cb05a955219e3cb3664d4c0c61ff01d40260742437fe71132a6c3ad9
455,3.5393221378326416,0.6126660108566284,9d78f2bced8e39a9302e5d7af75c50497808f895d2ec65170f384e7a9ef3e77d
456,3.658313751220703,0.5305448770523071,5608e1c066dff3d772d415acca9d04286b1fefbf281fa53c2f536d61765229d6
457,3.7286224365234375,0.6638917326927185,d3c813c069e5a0a3d134ab82703432f9caf097021e5fb6a3dfb421cd646a51fa
458,3.603771209716797,0.6083221435546875,20a3bc8aace53a10dab78f7374c5ae2d2f4b004e8be7970f421c5b16a311702f
459,3.7724924087524414,0.6933521628379822,6282c3dceba4fbd873ffcc272971a8d5323004bfcbf8f73cf16fd3f3723e7dfa
460,3.641627788543701,0.5902600884437561,4b610a3fa52cd7c990dfd96b2fb6bfecc3c4fcab899019c92c394b631708136a
461,3.7218470573425293,1.1065467596054077,f7196924e831b68996ce1415f71c53aa14fb6bc7aa2c2edfe7cba85628716371
462,3.6382951736450195,0.6521931290626526,166247a570202b9d064d6fcbd0858a98e8534a4b2bc02c4251c03c10fa4a23ff
463,3.7098019123077393,0.6383453011512756,95cdc72c238c96fb2010ceb762ca01760eba7c620521f88f1d95f95e087d6b55
464,3.6706433296203613,0.7117738723754883,659fa9470940b73484ba40808b739f15a91449d53210249fe7e05eae237c3827
465,3.6776070594787598,0.6732373237609863,b969c6131e13dceb3fecd1356ecf0db9c2516faf31c4f952b45a351b77e066a9
466,3.7236480712890625,0.5826625823974609,7d40e0dc7c723dcd0b90e788b34ce9dd9e68be1ff44cb2d3ffe9e4874cca6c92
467,3.6239147186279297,0.7165015935897827,93fba5e6e6982b8d40ffde97c623b530de33bd9390d4e95e0d866f61fca006f5
468,3.7018048763275146,0.7160565853118896,cdf2365093944badb869aea1d04e4d4d80975bd689e405c1ad53bda35bf09774
469,3.7677571773529053,0.6716837882995605,2a37af2edf809b85522b97c9f390777f56a844c0b5a5667421d8ea17d03a7795
470,3.57853364944458,0.6399711966514587,7829d56c3a56a64680b7627f1c8619515e6689d504863a44143c530a26270428
471,3.6570420265197754,0.6121528148651123,6e3aa0a4c212a1a140cecbc72bd4457e3305196c77e18ecfe62748125f3ffd52
472,3.596644163131714,0.601933479309082,81283ea8a1aed752dd81a5a1de93b54dc5f2088d0b203d86b5bc2e5ec3f99ac8
473,3.5089869499206543,0.6178982853889465,8b0f7adf62ff3a3255b20653342892ddf2e3ad0d1906ca68dd7adfa7b8ae9147
474,3.5210580825805664,0.6605290174484253,30b328c2887fc665a3ad8a75cc29314d06a0648df147fa1ce5a17cd767b02a55
475,3.6205568313598633,0.6254236102104187,4707a373c709dae0e85b8d291ae51a8a9ea34c8774553a4d4073b0f055bbb4c3
476,3.666449546813965,0.752651035785675,53a69e411b830916fd478f8aa5cca515c2446c2b4edf64a6fd1c262011f82e7d
477,3.6371078491210938,0.6155959367752075,a42f4a67673c79d16c3a9a16f981bbfd2f695017b6d2a430033dfaa97cbde22c
478,3.7413203716278076,0.7053016424179077,687fe3a0fd03bc589b1d1b08aa6360721de4530ea5d02a1a85ac42cadf6b047c
479,3.6932356357574463,0.5752057433128357,97f1b7a825b48213df0a98bcb6b7b026e185229a3b14ad1103fa3c3cb1583329
480,3.6441798210144043,0.6032903790473938,1b1248082de940d8dc0dff89366e9d3ebaf658eb7ba2b2460f926fa92cec24ca
481,3.6469309329986572,0.6327416896820068,8a35d57b5f0742ac01c572469ea815bdde494509fd0c61eced2556815c1aeb71
482,3.6902198791503906,0.6211925745010376,e9389c77a1a1805e4825067c58f5af5b586736e5cb9093d0269e3218bec2f2ff
483,3.8068606853485107,0.581886351108551,24bdfb7383fe8cb2dcf1548f9c9f6654a93fcbd6a2de7fc2a5c133b9d24b633d
484,3.6420793533325195,0.5986577868461609,58a19054fd7a133587566707970b0b10d72904768a6c4ab25b04eb5e8fac750d
485,3.597287893295288,0.51652592420578,456de3e0874c4bf2b3248186d8c46ec8e3fbc2456db91da203819e0098ef4180
486,3.6444103717803955,0.5758323669433594,7f45631c5df92a9bdf048bfb33cb4866f23796b3c63b6d128fcbe833e4a1d6c7
487,3.597174644470215,0.6489293575286865,b1ffe47a4dc1a47d117c17960817276faba6198f98a3a4de610d98f8713e9eba
488,3.6005258560180664,0.563744843006134,00b08f4af28da122f51901bfa90b10826d092e60e0099e34cbcde27731e63af9
489,3.58064603805542,0.6470606327056885,5f93453a63caa82ffe0134f1e9b2479e31ac7b4e0e2f83a6b476dcdd6be7bc7e
490,3.5714831352233887,0.5370099544525146,c6177f9c71a289259549eb066b4193f01b907561cbfb6a696ae972a6c1506cac
491,3.6439714431762695,0.692774772644043,2a472f4005876bf0f0c8f7105b3b99553817a839f4924ef1d9226f294dd01ffb
492,3.66764497756958,0.5749631524085999,4b6d3b914ba073dd2753d7d1831f7280b4d51e478f3eb7ddd41023cee62f562c
493,3.512179374694824,0.793302595615387,7b342777a1a4381558a669bcc8189adfdb95032680e9915fdfffcc70596e36be
494,3.8048276901245117,0.8486323356628418,f34d166d9775fe011c806e4d159970269dcdcf608e5f1d3dd3fd568c0991ecb1
495,3.5414888858795166,0.650140643119812,d7152585b95a619535ab55de321a1cd8cfedc761379cea38fd7f70b23876e433
496,3.6304166316986084,0.625924825668335,429802037340c141062b57b276d4d0e36b57d321130d66ffa3cf44d1b664edaa
497,3.604586362838745,0.689192533493042,f8dd90f18c6dad5da00fa8db4150e68271f081d7c63c60965c603debb3338cae
498,3.643951416015625,0.6195951700210571,7db04ee9d02980b034666a65cf715c9076a39a0e5a6386bd33aac4252cd26a49
499,3.6006059646606445,0.6126797795295715,525365c70f94e3fc35a30942924c02e9868b87050e5e2877276c89d5b1927484
500,3.698490619659424,0.6893965005874634,1799d14788092ef2d5e38292c00de1e03b99270fc043f5774ee9449d27c90be6
501,3.615281581878662,0.6199283599853516,cbf218cffcd88a45b18ef67980adf7d94abb4e5fdde9b56e5c33d939e75b0e64
502,3.5015416145324707,0.5815691351890564,4077e136baa9e75f2ce408a95f88a571d6a1af2907fa4aff82529f0c53cbd728
503,3.670760154724121,0.567579448223114,654d87332ea085bc1406ac729596dff74e0d53294456d9b8f008fd96b04c0e4b
504,3.604012966156006,0.5752630829811096,c8c590c0d95426ead14aa8a49e68fb4c7eb740a22efda619860c0ece97b60028
505,3.4486494064331055,0.6148871183395386,fed8caf2051289243cb536f48ca19a5df32f035568993688ae4509fa67d39c11
506,3.582331418991089,0.5594994425773621,d4c9e879134d058af8e44b0a3415d4d1c623b60e4983d8f50cd25c35e178cc35
507,3.712871551513672,0.6733283996582031,897654b504e67925cc97f254ba2878533cb0e455188821959a1ac7f22ee204b8
508,3.595431327819824,0.6187703609466553,2e1663e0b4302704c60987dee00f231404f178832b352c2a320f79699f03a38d
509,3.5942516326904297,0.6756466627120972,46465256a5f77f805f855064419f65e1bb307f8a9fa1e4702cb4ef770b24bc67
510,3.584311008453369,0.6218000054359436,67dc8ab863b81fc42238b788d2d57a8e810775d9cc7fec4a959b73f1d0bbe091
511,3.561823606491089,0.5047827363014221,80ed74abbaa061b357353a0f5c592f8edfdf7278bae0e2185ebeeff82f15e1b5
512,3.6516475677490234,0.6364259719848633,eb1250674687448cb7f164ca5e141b155508d9b8b758b2086e5ab1a8c4e5142b
513,3.5468802452087402,0.5561074614524841,88ccbbf5d513b9cf001dfb0461f037c58f16e9181db300cf3baa7577f2e2f81b
514,3.5911192893981934,0.6835597157478333,9eb8c30f190e31cd2cae8863c425f9cc4d8509b3173f60199055f618dbd71d85
515,3.487441301345825,0.5661282539367676,9c948f1c2e6dcb321de216daa8fd4e54624804ef40f8bfc705e5af8f74b1824f
516,3.636867046356201,0.5898967385292053,4f85115f625c299e64c459c2aa3e36114fec51c9cead4c45836bc9fc17f0396a
517,3.5354220867156982,0.6688978672027588,b2057a40fe556fe9bade4a558c2a342213942b7428a9d2add5a0755b4c658017
518,3.568704128265381,0.6456142067909241,10cf14114de2737a566b110f06b94fe69c2f94fa820ac1b2241be765dbd22a03
519,3.680941104888916,0.6543083190917969,29d3c4d12a3b443d12a885315d203bdec660de22bbafd0175d96b21cec2b2faa
520,3.623718500137329,0.5716273784637451,f0a670de0e7bfbe5b36518e0bb063beb05adaa27d6c6e59c927a25617edb077b
521,3.4759082794189453,0.6896230578422546,aa70787aa900bb3193368cddc974e19801350ab951de2f9946959141000b59d2
522,3.496530294418335,0.583285927772522,18614b8d2e73476d7cf0eecb6fe28ebac3273a487bd8b1d450fe8e3eabc40845
523,3.5869455337524414,0.7335776686668396,a40d455c1c3fdf3050d63f787105c4f54329bcab8951a4d9ba224047916ce8bf
524,3.6139519214630127,0.601231575012207,4230ea64a0ad9fe91872feaeaee901ed0c5658f5fa6c5bf3d715fc277992dd67
525,3.6603517532348633,0.7000864148139954,dd9f06dffbcaf845a04b43d760222c8c4895e12ada7cbdc577b6b7a9e240b94f
526,3.581648588180542,0.629246175289154,98f5ed92e514d6ac1223d739912b4fe5e18d105d682e3e50276320c79397c85e
527,3.6831462383270264,0.6298458576202393,4915f84b31e3194d5d3359cf3b3276b9f62889188cbbef9695256f92beb227a6
528,3.550448179244995,0.6396615505218506,feefb8a5e2135d1f176fb2b8274bc1cc1856bad3ae82f34312f63498a06bbef3
529,3.556516170501709,0.691616952419281,47121f3a41cc01d42c03fc2f8eec9055b9592f07182ae85fc9c81d0a21a50836
530,3.539923906326294,0.6793291568756104,78517070248edbf9d1694b98df5fbf34ded1f37ad1c2de5392afec572a236fbb
531,3.433704376220703,0.6436262726783752,ead294d59f8ae1340e50cb1a63c2e7150553ef855af5af7592a3675e666b1694
532,3.4694664478302,0.6024762392044067,d196077aec9f9c6e525696ca86ceafbdf569e44f4acd5d4f9dbc29cfee42b1f7
533,3.663848400115967,0.6424129009246826,baefe5633b5a7027ebf04dafdfe12814146cc42048973e83b05a92f75bad2f89
534,3.4972147941589355,0.670668363571167,5eb78edbd91bfb3079f725368b0a0d3b93ae35dab95d634514cbfdc79cdd2b4a
535,3.6422743797302246,0.6055207848548889,e1c0e26c141789a38d5eb8ebf7a7b6d54f4b03a1b29d01c7e9c61a2c0d909d24
536,3.6344549655914307,0.653103232383728,e95759a5b1a7fc41d2e8c146bcf0e5723cb7bd905c29ae299a5df16adbab4fe4
537,3.5250158309936523,0.592079222202301,167ca60a55298ac33cef1fa335cf77438961e05068eaefd60c069d0bbeb6eb7f
538,3.485234022140503,0.7249439358711243,44b782acb9ce13c3e0823d6d7cf775c4d311e2c11b4370c350b212acf5ca2314
539,3.492466926574707,0.5754343271255493,313a4f8a4063182b87fdcdfd413661b5ec7e6227d07a8086d2c0187e51b9cbb8
540,3.5251009464263916,0.6135103702545166,53c8e07efca66c2843a14d6803f004e6591069fb97c3f1d13393e9fca9b65079
541,3.6427178382873535,0.7004393935203552,850da9587e52c2d4cbe28fc415588ac915e3450a235003bd70fe08ad2b30ab68
542,3.5944814682006836,0.6544042229652405,8cbf0c7924d8b4134c2d3bd250edc0b4098e9105ca36bc69a8db154b6e3e0928
543,3.5607595443725586,0.7237250208854675,00e6508cb90ac7d1cbd970daa9a2026755df913bccac7f59df88fc9aa20b84cc
544,3.519885301589966,0.5237906575202942,6b29ad5f7384731a61c2ea93fd69684d3c3aba1d0830aee9f390e3fc3a0880c2
545,3.587538242340088,0.7148799896240234,e9839177bd32c7d7b3c3730da426e322662d64ebfcb060cade12256c676c7325
546,3.5617401599884033,0.6782366633415222,2b76da90993ea513874dfaeee5d5e710a4c7a442e6ae5ebcabb8a10335415e56
547,3.6207308769226074,0.6189358830451965,154c81078ec1c545fc9135b257165a5180d7d2a56c797da6f1b0969667fb5260
548,3.523444890975952,0.6882796883583069,6030ef2db51018d6543ee0a029ea05ee6db0ade7d6979f74770b959ec6693e3c
549,3.53143310546875,0.614073634147644,52ef98f67db0e18ff9b5bb1f3d408f75e8e4420dec510d8b1913f2d8cf7667ad
550,3.5154061317443848,0.6258775591850281,bedf477a7cde88a0c0a6aef701ce4dd957386b9f2ce3b8bf2f960ed4f566f653
551,3.5563902854919434,0.6824722290039062,6a13298fffb2a0179a365d14f5943c64730e0974ecac2af651cfe58cb3772e0f
552,3.4306046962738037,0.6549705862998962,9efa9d4e9aae259309213d14a272cb67affd7277a76cc6bec3d4ffee879f691d
553,3.4307703971862793,0.6201708316802979,9d654611528b3a2f756fee99608dfeb14ea9dbbc25bd6d8272f4d1622d3273a0
554,3.5334577560424805,0.6341517567634583,58ac396bbd907bd1eff61bb762ae394ee061e63e0411a78b25cefe60e59c620c
555,3.6642017364501953,0.7928505539894104,b63be589cdc000389f65205ca4a009c613084f61525f3a373e96fb223b682cc1
556,3.4939568042755127,0.7481989860534668,ed18d4520ef631d8bbb1322c17875e92ca43be6c8c5e53cc1fc9072e31b95c19
557,3.4093542098999023,0.8473047614097595,f55dc6e44d25d5c42c65505240c3b5294b66e3af7e54925da08727fc7c535333
558,3.539578437805176,0.5887988805770874,d41b0bf9d33ef95e484fffebac13bbef3eaac83ff827cbba924c39546e7731fd
559,3.557697296142578,0.7253488898277283,c2640b44ddddbb975bc8d1f66ceb30a38c9ae3add7339a201a2625294de2a38b
560,3.57570219039917,0.6410677433013916,87f0556f93cd9777cb3e2a7a23093ec99d5b5c098a84978c6324f538af9c044a
561,3.5640459060668945,0.589336097240448,1bb5d8b7d200f18cc80c7c3cbdd979a3604562d8235f238a7d8e1a9a9de8f694
562,3.446664333343506,0.6027311682701111,e7e273fe715cd9abfbed5e5162d718d7bb0a3485930994e7e44b0f5bd8923fb8
563,3.588773727416992,0.6415464282035828,992575285655c6c03e03958cb3265fc565c0b5adb6b37ec974d789fb488db8a7
564,3.497635841369629,0.5999833941459656,49e014cf48635e050cf98acaad3ad5476ddc3cc5724f08454dbe6ffb0ccee617
565,3.5316073894500732,0.5954895615577698,02d4b749a8ca6c02e4c0fc51c7523189b8291b559c550d7424607ecb2868f50f
566,3.4845285415649414,0.6173209547996521,f164f5d9f2c9bda77d7cfca787dcf63186c9e4b35fac1b441dc5348a9d28d2e6
567,3.5591440200805664,0.5954390168190002,dd4d7bcf8459f8d5c20b69411461e119157ae1e518cf757774988c3e4eb82c52
568,3.5585808753967285,0.6531105041503906,d5f892269f8012a53286b6514e0c7e30a6acfb259c73d0e562b09d1d66565302
569,3.5784385204315186,0.6486927270889282,8b0bc41aec4b6621b5f4f162f345f2689b4ad8f024f01151410444a9f4a18761
570,3.4941163063049316,0.5582723021507263,3b104ec6280210e510ff4fdfc5cd72457ac256e11a5bd3d10500884a46fa1208
571,3.5343897342681885,0.5895397067070007,3eab9fb24fc28b4d38d84f8b877ed8d43ff3cb748f59003658a8f67a15db3cc9
572,3.4753577709198,0.6551290154457092,4cf433b43118d8567b1f35ccc98ef79e32d488fe0c6b7f7ec922a3b7a4576df1
573,3.3891868591308594,0.6395047307014465,eb4882feaa70e5704a6dea8794580b0a57f8aa599cc0205f9faaf1a31d7df68a
574,3.4524481296539307,0.6253880262374878,e081e9d40c976a6387013c80f855ce5d22501ce342f3611178b39bb52bb069d1
575,3.5591442584991455,0.6006604433059692,52b7bb9987cd094d191162ea723116b65ac34bd306880b3d6640a019aca2fcef
576,3.612827777862549,0.5730605125427246,fe7b76c64bd9108896188d611ca167c7148ba7e4708fd3cef924d5adf280a4b4
577,3.4956774711608887,0.645769476890564,f1c1bce3cd74c48ba4413455c0a22724b4c54633954f342886267f2be57a5326
578,3.4163475036621094,0.660373330116272,84e48d05fa85b47bce61db366a2ed5a84d378a9a090f74c592813b2000d96b15
579,3.4952454566955566,0.5986062288284302,88b961f7b43b3bdfc13d038cce34ddb564c4b64eb6c2836c7771371107591fbb
580,3.432577133178711,0.6810433268547058,cf48ce501c7a7324f49766bf51b04a2b25f18346c606292a74895e292ad1fa24
581,3.498476982116699,0.6502663493156433,5be48e6bbf5c5cbe95d5d06710a88d9e61d2c877c5dccac971b8b1b5b289466f
582,3.4522545337677,0.7112827301025391,ea64a573749a025ae79f50303f8749b46b401583ccf12e78a0a77df51da14efe
583,3.600435495376587,0.6838630437850952,df2061c57662420b3585009155786e5e9dd809a64355a3df643dec51ffd146e2
584,3.499464511871338,0.6595106720924377,0781648dad38a7f8e8f85140de665b22a2df15d3b8bc0394f99515756b2d03d8
585,3.477680206298828,0.7188741564750671,b10a36d25ae52ac7903e351dcd033a87a7c0f5fbb8f298a99e6e37228b2c0693
586,3.5269227027893066,0.7119667530059814,8ad121f77971b9fb9858b92a7fee1e3103d8704e69382dcadf4f729e381b5ebb
587,3.418982982635498,0.6307597756385803,c26472dbf41ce65793ae4de014a3f188e3dfa449834c482cc195000c9f8e67b5
588,3.3928990364074707,0.6648758053779602,341db153b2e1aa2b15a4cfb43767b3d220522ff73f1ddd47bbad5f2f5246c754
589,3.4333584308624268,0.605475902557373,ae894507a823ac33739bc896cfcfd12ad4a2773df1edbd93ccbf555551d3e9cf
590,3.4281725883483887,0.7135868668556213,501be7cf5d464a84e28fe44cd05385add56aab2b9e803147db89608f170258ca
591,3.4152991771698,0.6908279657363892,af2068ccc3182801bb7a0fdcdaf51e52635ff65da028b9961f7078c52fc78985
592,3.4360532760620117,0.6085701584815979,882a0d181d63c2270ee632487129172e029587af4749a0785891db5c0432aa22
593,3.410449981689453,0.604720413684845,09b9c00bb283546bbd96511c73df68a1f73092afcd9cf6a8edd048a7df016650
594,3.5107922554016113,0.6439965963363647,4420ecff7c2e1f83e7ff207c67666d10826b8058c2ce747a176593804abd0be7
595,3.454841375350952,0.5922589898109436,81f3e6ec997f6e7e792986034c9c669212a903a811c78beb185cef242b0071bf
596,3.4515347480773926,0.6856067776679993,89983245e5e16711382729b44cead19910320eb142c534a45100934db00c580b
597,3.428500175476074,0.6649104952812195,f78e81304c748a68a9f84a61abf657a852f0145b11fd3c1e9180f619e6ad2d2c
598,3.3511791229248047,0.6043511629104614,07ca730d1d747c78b759dd166fd1b7abaadfdb9ac4ef1755ff16ae2bbcb085d3
599,3.5245208740234375,0.6510995030403137,b6c501f96a08aecc43945205a39e83b3dc003e49e785c7ae3bf04c653f470ebe
600,3.436490535736084,0.6356275081634521,57c901a30ff7f344d4dc6f98594a430a7f34e8980da3f1175eb943bd033cc056
601,3.4748497009277344,0.6436776518821716,d62c1e3b51a9d0d7f69b507be08dafa3b5617384ef6909c2cb7591bf29dc52c0
602,3.5373618602752686,0.6197616457939148,789933c108ed40532c03301eed0f6ea15e03551fbeffdf96997d5aaa3b7bb6f4
603,3.4789955615997314,0.5752731561660767,a0634cd8a6bea4c2dba8d96a505a5553ccbec0e726dc1fae273cddcd9bb82a60
604,3.4402291774749756,0.6375231742858887,a219bfbdeac6ee8579a6bae6a8efde92bbeb1a77308e50aa87f17d07ab8623ff
605,3.4051058292388916,0.6496372222900391,d94e72d40ac9b845212a47471590952357504c6a331d0897e4efdfbba9efbdad
606,3.4372408390045166,0.5644009113311768,d02f6013baca2efb33b3fd081b771301b57855c40ab9680ddcc403679155f840
607,3.3531322479248047,0.6586625576019287,7324cfc0309c96fa6e2d7f508b5d2af53bb9329127e273dcc39926dc72e26c4d
608,3.4800281524658203,0.577238917350769,8c9ed450db8714b0cb7d49dcdc44f870cfc0967e13174b2a3885bb88eb56e225
609,3.366750955581665,0.6358180046081543,5ea79f194b31e8c27af98579753143dffd6a08470c5b21a239fa6a7caf3fdef4
610,3.4042296409606934,0.6223532557487488,e0cc12840425bd5e22cb25fd374ccac915ace62c28097bce25e9e1d6a003549b
611,3.496525287628174,0.5865432620048523,8c1952887bc181dbac2d97b877b5582efab04478db18fdc2968983dabe5b5ab6
612,3.413801670074463,0.6585193872451782,6d644d51657e0f451ef0f0405f81c934efdcb5de3445a592d3e83a53ff08ab72
613,3.5607008934020996,0.6479570865631104,68060ab98d34a4cac06639f7d60a8ec555d301b130cfc864dec150e8386ac4d3
614,3.3450894355773926,0.6503385901451111,dffd10ef7e79f97aa26bea68396395d5be5b0cea479b68934f3c04956d2f5d46
615,3.3491744995117188,0.6953232288360596,be74f9338fb8e8d31b190795e2850057083bb6f939b4dcc0244e45e513e538b7
616,3.325547933578491,0.6153690218925476,0390e18d409dcd2e94ff8be79731d042d2c9448fbf70ad971aa2ef3a702b5ca9
617,3.3600566387176514,0.7170544266700745,b81fa9ddbeddbc87311e19acd6a512891c98d9991688cef70e386a9aa7186ec8
618,3.409634828567505,0.6493871808052063,85cd6a1fb4932de20959ea1eb22b031c785b1a95f71548d41cfc703faecc94ea
619,3.333688735961914,0.8385212421417236,fd2cb125c317ded0c6cf59330378de9eddad3ea1adcbb3c6ff6e3b13b5165699
620,3.363800525665283,0.5986445546150208,2de09632d054155f089d1cade1cbdd222d29bd7948f9f90e1ef9892c5c54a470
621,3.5254197120666504,0.7672744989395142,c36a05e67d1f800ffdcb7e6adcc5bd6f35e9802bbfa2d9ff9a944d546f10e7c6
622,3.5488333702087402,0.6629385948181152,b813318f1a154bede17268bb1a4324337679ccab5343b5f142e8688f5a78c979
623,3.3365087509155273,0.7599165439605713,b94ac03eb77b86b7c88ad21bc9a78bb0a9c1f09d8783d32959de37b3462a1d0a
624,3.3982555866241455,0.6621608734130859,b3100139a33a3f01b64cbae9d37d7ea8d5188603a8ed6d139317353ca2a668bf
625,3.5537753105163574,0.5778151154518127,6b731a39b98e723283b9fa1777efc1c9d43b5cc25e112f9bd00c7e3ded36dc57
626,3.529520034790039,0.6811628341674805,0cbc1cf1e2c8dc45ed7d56b35ffc99ebc0a2485d56f053403d49f22fa8393dcd
627,3.4345126152038574,0.6982661485671997,b21c8d72b2212cf657824bd704a3f2dae4b0519986d3bff01ebe2c3b1ca9c9a5
628,3.3607006072998047,0.6944462060928345,361884574c008351a6657018d73097ce8df83605599ed2785b84ece37a53d17c
629,3.349301338195801,0.6786767840385437,4fe2aaf1cbfd0e5e23a012ec3764b62e8d1de7a54bc0181a91d34c953d6092d0
630,3.326195240020752,0.8339303135871887,e8cf87af3963179fbb4df1ec1bde246ee0455c794501692d45ff2d66eee485bf
631,3.447078227996826,0.7155588269233704,a79f1e71133345673f5e00c3d497c72eb0d4425325b48db1d1769b00f91ae3bb
632,3.396833658218384,0.6911643147468567,882ec61fb4216c458e0f83ef86db0cb829bb74ddce6d752bdb49dba278b958cf
633,3.4068992137908936,0.7342274188995361,b221f5689f06df6209b8bfe40171a39fdb22c72a7a71cc6174c6e32cc1a401b7
634,3.4343230724334717,0.6671717166900635,2e4e1cd9ef04bbd30195eba04fe2ef1d605577b7e180ee3d34ab167ebbf45daf
635,3.5304365158081055,0.8511196970939636,989687418727cbced478f802a49587d1841fc27dd59492b74f853c902ba581f7
636,3.371364116668701,0.7117677927017212,d2d71674c05d018b70762bab86c9d16285e4e7fcf4730e41cdff4411f537eeda
637,3.421558380126953,0.7189531326293945,56731e0e45f82291c90089282004e130f488a1a52057ff384062adb228aa3659
638,3.420339584350586,0.7265477180480957,83b33312760fbaab03774fec444d9f3706fca3dc5f5ce2faaac95b270eea9ffe
639,3.298800230026245,0.7756925821304321,b6f1666bc95133f6c2c9275e606ff285a2db2ae148cfd5a63ddf6a327c9b3185
640,3.3117051124572754,0.7350534796714783,8ec75f7a6da42ee8637d07b598b3eb70bad1184fcb2a0676bd91ecef6cff82f1
641,3.341310501098633,0.6999732255935669,bc70198158aa2e266539376c424c3c943ee7372166126b75eb51d976259552ed
642,3.325375556945801,0.6590240597724915,90e96e0da761dcb3795cf60d963fb49b3e8c046aca562e3e79065c5a7de08533
643,3.340548276901245,0.6902483701705933,8e0ad9c2691e00700e4dd0766d95ca73548ec0f43c76ea0aec9f7fe78eef1030
644,3.3575000762939453,0.7819601893424988,c36bfe5579bcd1bef1c263e46a446bd449d875d360eeb95a42c2af7e90cb3300
645,3.3687093257904053,0.6614576578140259,6353965f4488f5818d05a64f3e867365c7912fe53ed870bb709b746d677b41d2
646,3.4541985988616943,0.8137433528900146,93227e38ce62ee30831e5d2890523eb8bf8b121876cdf5d541b931db32cef4da
647,3.3361668586730957,0.5942713022232056,038d7e5eb7ec76d1f1ddc100c758830f94d17c51789463326fd1d4703cc42ef9
648,3.457504987716675,0.7112219333648682,335ef59791856ebd47bc1bf8cd8cb83f119a457a1e9c348ceef1cff492072886
649,3.3760299682617188,0.7709538340568542,98dbd2ff63f2e3dd2f8d024f66c29d636e89ee9568b8840e9519c644ff530d59
650,3.3076539039611816,0.6378283500671387,5eb84a57682f4687434810a0940a9ef9446deace7e538c3a1930be4939394e88
651,3.490845203399658,0.7157513499259949,a2e5861ca379d42acd73a8105086655cf64bd608ef4fb021371e5d454f41acee
652,3.2914223670959473,0.6686214804649353,bdbeeabca5e0cb09f698a8c577f870dfc9f67dab62e37c08626b8e65fe360f23
653,3.3651297092437744,0.6538025140762329,de2e8fb33053cc5477ad6a85cebd8f8d6b00cfeea1238671366ae65bfddf52c5
654,3.4236135482788086,0.672695517539978,99f4c57b71515f17b04d416bfe69b827557f0f920d921417ea9e400f2aaaa898
655,3.314319372177124,0.6778414845466614,f8d8e3fc8a61d88cb9e61e8924728ff55055f8e414e75db588e5c89cec9c4872
656,3.350572109222412,0.6111432313919067,f57a30b3b7d7ea4296e0179c15ee275a6df01f4af35d01785499cbd812e06aad
657,3.442326068878174,0.6638635993003845,72ee7a0cd611bd246f8c33d330e6b612577e6ba6c42b69cf0cf1b3f9a584f5af
658,3.404573440551758,0.6552404165267944,70673322441ddc7dac32d1a9adb02d30d35010355f59d3911a6d046e3f1ab29a
659,3.475858211517334,0.765980064868927,7fcede4b20501417a8e3dc65bf54c82fe301e37536493d836cde7d3b441aec7a
660,3.349085569381714,0.6323304176330566,c7f25eb4f5349a830a7745847fb01fb396d8cf9b7061ed318a8d266167317c0c
661,3.363450050354004,0.7452731728553772,3e6be12ea05bcb55be1fda36e4361557948e59cd74e9429370091c74c916e666
662,3.375556707382202,0.6509828567504883,fd04fdbccbeed180fb6185565d0e9474a315c683f5f3caeaed7d59788f6043de
663,3.4046595096588135,0.7257493734359741,8230d1dace57a2bd9a0afcc39c94d1966bfc5d6b3aaecdd7b5848f824f2da1fc
664,3.352759599685669,0.6882715821266174,c2d05d0e131e6896450dc5cced0f6d06578667a9da11c39b29c8dad05b15e887
665,3.430572748184204,0.656740665435791,9b7b8f45bbb5cdd2c047db1ab28e01c39d1de680f3a3165f47535b043727c1eb
666,3.2808544635772705,0.6208891868591309,4adc0644560b006766ddc259609ea33f94c76966dd1628ac9e43f7009140f5c9
667,3.3314616680145264,0.7650750279426575,d593b89a5c6929afffe9a0746e7917b43d9ff341c2e42e89204f01a13c14570c
668,3.3402435779571533,0.6489038467407227,d802492f9462f495b5f0c99c5508be4205e5d4ccecc3ebceba8d60f676c71fca
669,3.313051700592041,0.6245257258415222,b3a395faee067fd07f7b644b306b84f1a67d23c2fcaaf15279adbd8f19045b56
670,3.250623941421509,0.6791053414344788,98830630128ab55dcbd098c94c4416ce8de1cab0b8cf984cfe12758c2268ee0d
671,3.442272424697876,0.7343100905418396,c3e5d925a36a56cb6fb1d4f938374af69165f294587dc0bc412f5648011450a9
672,3.3282923698425293,0.7805514931678772,a2367c797af735670cf18bceeb5a77fdec4fc1cf9f7cdced03884f7fea593671
673,3.3134827613830566,0.7371703386306763,977caf34cf95666127f24f14ae9c15c7773f2375e4eb8b42ca2325ecc537f1da
674,3.4585132598876953,0.7476271986961365,dd829121aef906f5b67042de3368c6126efc7e3dee2d4dc5099eba44e3193fbf
675,3.3097777366638184,0.8401157855987549,f611e148ca50472749325e2bdc9595aa3911e95e8fb2ae8f68394c1f0da82a32
676,3.3017191886901855,0.6904968023300171,91d360f0148f64d8c0421b45e7d8597cfab49331efefb5254b1d44b8467c9afa
677,3.3434669971466064,0.791565477848053,a130a6c8d8322ca9d02ec4b821ddd78804f086fa8d98b12ea57b46fe06bc4d1b
678,3.449333667755127,0.8293218612670898,93d76d781cd5c3fb8487c5d47428f5205551afd95bcf191b5d5c50206c2eb53d
679,3.3760294914245605,0.7942768335342407,77f4d7edcf16c135421a74492a6677dad56384c4eca1a998e07c9db4dd80de96
680,3.411766290664673,0.7965465784072876,7072845c53f100450d5d7eb325d471aebcea29c4e5c45b2c36541a254d4af479
681,3.445638656616211,0.8313292860984802,16d9d2e0b4269660a118a7c48cce60296025e64743569ec2638f83b11d34b3a2
682,3.376688241958618,0.7246965169906616,aa2c6be3b888e80fdaee0d6db373c698658fecef9ae732ad18ea0e389461809f
683,3.491814136505127,0.8204331994056702,6c53a166d2d464862e167aa82141725519d67414fdca9e0a86171cb110d6ed9f
684,3.3676934242248535,0.8136236667633057,24e7d75c4283634d03a8dff98ad8448dc82bfb0a0bdf221378a0f5f6229ad1ed
685,3.317047119140625,0.9918443560600281,7ba2f99d7aade00144223b978fa0a75e3cc13989e553d56d09f8bd5209b4ef5e
686,3.2285027503967285,0.7654755711555481,a2860a330208b7975b41c63efba14db2a847d89dc526b7545b1a3218ea6ffb45
687,3.369873046875,0.8023505806922913,56cd15311966c4a2137cab00d457d14268cf593e4ccb70e7eec11404e4accb7e
688,3.3018250465393066,0.7782155275344849,549fe756793cd9bab5bc59ade859db3a6402b7cec23715b21f17ecf8bda54d93
689,3.187685966491699,0.7252487540245056,8897daa7e05da226f3071e5f5fc05678dd72272e6e5706b83651fe5c24a84a7e
690,3.3205184936523438,0.8055116534233093,843ac5b094fde63298e437d9cd72413f62156f385899a6f28df07318f8d1dad8
691,3.3998641967773438,0.6754605770111084,08da6e6bcef95c4dcd09d5afd5787d7c9373bc935f11ce545a6591ed2966a801
692,3.312295913696289,0.805963933467865,9d53a24a9a668d9039f7476863924220cfc6f5bafe618603d7a9e9f50efaf4ca
693,3.2041096687316895,0.8346889019012451,64c31b532207abb844733415e1be7ac9f708fbc2ba4b98414193fb028f4753f1
694,3.2461841106414795,0.6382616758346558,88e66091b2b59e54be13ca7530fc48a4512cc929b7790aa9155438673450dcce
695,3.288363218307495,0.8333319425582886,05db3992a29c8c6964aa21129993f9c89196098f03b13e8e42a0b8fc497da5f7
696,3.4471945762634277,0.676476240158081,859a67f4c830c784c3ad599895cf73301ce0c4c39f4b616d7e00c88649218543
697,3.3941566944122314,0.6904419660568237,d2a0a0b057c0cc42d7d60714e6962ebaf5a717188c8782f00c003e9b92ab66e1
698,3.334458827972412,0.6708739995956421,3ece9efd425c9ad117e81034e08c923ef6014c542ddd11c5525d0029a5efd0d1
699,3.23472261428833,0.6372990012168884,08a163c17fc969c515671d0d1050ea15ef5fdbff82d2164d1ff11bb2e489c6bc
700,3.3180079460144043,0.6971598267555237,a3a6c77ed61d4dd21be7830a9a9ca6b9945bbbeb5e6b662de2b9fa4beeca6ea5
701,3.393247604370117,0.6306542158126831,27510a40b14465e38ceffda8153cc66e4252bfb9d529392af832694d07631eed
702,3.396681070327759,0.7263737320899963,cbea6885df4b7afc20e15a0e34a5e1e0841f65f028c6f8f3de37bdcdf5de327b
703,3.355559825897217,0.6553378701210022,62634853e7cc4ed7093e64d630d9cd4a9f0896449ca4bd52c1702eed05f88ce3
704,3.2856249809265137,0.6507958173751831,173c42c1397e972ab94a7f968e9823a965c5087c3574321a44d5b2b81fdeabb2
705,3.285823345184326,0.6468331813812256,03e79f8cd3cf936085df12d130bf5681a4f3491e3652e209e8de48f8a63ae760
706,3.255767822265625,0.6570247411727905,65d1ec395c20ce4c7bf9a4ddb414742909dfde8b8750840779ad5519856e43ff
707,3.366891860961914,0.6578986048698425,cf773bebde5800400267f440c918f2d109cb2b0297662a07dcfa055b0652be4d
708,3.261834144592285,0.5712788701057434,5e7c4274e633e39f7c3fc87dbe4e31c66138d0ab3c66a171fba91d20dc4d9d60
709,3.2795841693878174,0.6279656291007996,df6436d7cbc2857d19ac30ad4b86de2793ccbb41103e81bb0886561dc18203e3
710,3.243988513946533,0.6418727040290833,e8bbba1d28ec0d30fd1bafb3cb2e8d6c31b50fff6892400aa3f907750d350450
711,3.2720303535461426,0.6642371416091919,501c29863c63a21690afb8804efaba15108994fca0829fec8409ca111f27b45e
712,3.1822237968444824,0.6834288835525513,092854f8bc6ad1671efe7ea59800750985e9a6c9a95ff8d04e478536d46761c4
713,3.2304763793945312,0.615363597869873,c714522e4a15c841f0406eaef26f5bd39e9ad214ed68eb31bfbc1a2861a20023
714,3.356010675430298,0.6932693123817444,b4da0768cb05ee2ebde7117607958f6681abfaf9d3a46f293614e36f0edd11f7
715,3.3170056343078613,0.7140768766403198,a8bfa391bc2d01ea5249351d1a7f8ac4b7f9ab6a5dfc5b94f34923a67274c2c1
716,3.182448148727417,0.6729305982589722,6b6fb2f832623e80462291a3b1a0056553daccf8ce58c90e65c5583e174c9c66
717,3.328472375869751,0.6721487045288086,8fb995f4fea11a7cc047cffc4064f503952a7624c517a6bba8cd4a264ceafe8b
718,3.3303942680358887,0.6724078059196472,07b29cc7e7b64b6fb38d9b651d87e61677e748f51386f9012f36f9dc66078a43
719,3.30015230178833,0.6432061791419983,15c7b3028747f699927377ee5ee7c07b7b2f927f57e5337e86a9bb41c40c1cb3
720,3.2640140056610107,0.6761342287063599,5e331bce5238fdb2514e9d9ae238aba05e64c94cb5ba6a3836dde7330d7f938b
721,3.3855044841766357,0.7204231023788452,eb009a815348c7afa3ff2fe1e3f1519ef4ad8845a8d181076b8e520c42a7a1f2
722,3.287261962890625,0.7127600908279419,729577815430c3a905695f693fc72f3a2f1208ee81c81d2a992876e6ba4fa420
723,3.2291488647460938,0.8073567152023315,8e0c592a9473f346ad403b177cdfc8f06afcd65b1b32be715868ccbc198ddf23
724,3.2233126163482666,0.7178023457527161,4039f4eab912e62dcde230180bf752e4da16af7041e1cb5a56640ab6a0e7ae02
725,3.2569494247436523,0.7039352059364319,bb70520a7af65a0909b7d8aca63e96d55b751e0a6a5b0231c709c64e023a237b
726,3.1547367572784424,0.6517537832260132,5de1711eab513fe4b51e2283ab1a10f38422e33cd6f92663bd18391dd3579054
727,3.297659397125244,0.7666236162185669,2fb2ac7fb0131da3a834c1f71f100693f3e512391a83858080c4f811d472f30d
728,3.22025203704834,0.7109867334365845,c28065f52ac52c6b21cef6c9b6890f5a64656c68c975e94bacab5dc0d75a928e
729,3.295649766921997,0.738942563533783,12198da400ad3ae2ba18322252fd039cb9aeaf7b566e205b9151ee046d5b96b7
730,3.264864683151245,0.6732990741729736,e8d486fe135788f779c5abcd4a2b55f506a6200cfab9cab082001d8c2aa5b94b
731,3.215912103652954,0.6677928566932678,e65027f66c7f5e4794ecf487e2b99d66cc773a9fae4a30e5835a9bd318d18cfa
732,3.2323570251464844,0.6584837436676025,4acd15838f55264d6db2333451f2e162d1c9d8ab9339516603e16964327c3fc0
733,3.3703408241271973,0.7932778596878052,5a5c1b0edf5fa897137604ba8679e1b2378a2d0a14e4fed584ce4aac54b36245
734,3.2438604831695557,0.7160312533378601,29f5bf2e6ee2092da8b5825c95a4bcf42f8ef132337009172aee5e5bfb65eaee
735,3.1826794147491455,0.6926009654998779,eb652d3795ec1efdd9dd62b6a1b2cd615d899f52ecf38ed7e1dd71b1b6e66b9d
736,3.2962541580200195,0.6817135214805603,5984f0d534f5a114d26b2f1d9bf6545c530de570126bc7eebed5cdc9c0c522ef
737,3.330989122390747,0.6870321035385132,e4dbc191eb3a0f3088914ba1aca1b0dcd1abdfa6487d794dca4860deb111c839
738,3.270779609680176,0.7053031921386719,21953ce1cd80cca05ecd7928ad910d39c590d4d73bf12d9c0de5dc7155976909
739,3.2491044998168945,0.7471959590911865,64b019672b7c947b3facfe053fd96d78d0f097049494b8d78ea9a66e0551f7a2
740,3.191648483276367,0.7471922636032104,94c66c924fd152dcac29d5204fa10b67407619f02253ce527f783851629e615e
741,3.2801928520202637,0.7015684843063354,397044e493e2845f40f098e279836162c31ff3ffebb6d469e8d0d42f2b7c1c21
742,3.3118581771850586,0.7102680802345276,6f560486e1bc9601de3afd334f0770a14605c6b42ee0db6f460b599e0d8e7a47
743,3.2631783485412598,0.7282493710517883,0a82b267be9fdbbb9b0ffe8a6bb2cf4f51919b5c66cc8842f2ec51b67a8c13b5
744,3.2490880489349365,0.7030341029167175,777567bf617868c8e43aa466ec52333bc9a8a65ac984ae1ea68b81357a8476d3
745,3.184196949005127,0.6684436798095703,be5df1d20f4fe2cfc6288adc41f5a9e5b06723f374ff9fed501b680640e81359
746,3.222773551940918,0.7591197490692139,92276a9c74df2da143c24ce43f3ea23aa065a5d3099e10b26446cce18d8351a5
747,3.244255542755127,0.7168245315551758,ed7e54a0cad19b036d8f99f63ed1e553812039abbe2811d7f1850cf22db1855f
748,3.263143539428711,0.6912891268730164,31f02c5c287cc16e41d6b736f1ac4e959128816524f5aee5b6292e77c8a8a36e
749,3.1882193088531494,0.7488131523132324,7765df61549e9eef84e13e68dfcb35c9d586655bae47a32cf93a6f29af8aeedf
750,3.2428412437438965,0.704337477684021,e2281c3a35de7eda95e5e5d7be897b339b2a5eabf068315ceab5ae0c402214ea
751,3.2732954025268555,0.7170066833496094,d1b4ee632146a546459fb593a7ca36f9460fccb92db4bcd2b84ff21755d97798
752,3.253483772277832,0.8288193941116333,8bb3ecfa91325452eb0d37ce5ed40f7d8eb9d226432d1bb12d92c8b441f8fa7f
753,3.242187023162842,0.6838798522949219,b892c19d49325aeccf721839b65c9c68833a6e92677a4ddb9b5cb15fa8b97cf3
754,3.1987273693084717,0.7814083099365234,14e3a8ca7e2e53eb32765d2768b1131f0fa5b1c077d381b165c38d45e74fc505
755,3.3336915969848633,0.6635594964027405,680b37fdf4c9d8bc35a55eeb1c6b6ac48990fd7b5e5d8a2d17465cf314ee4726
756,3.218780517578125,0.7459447383880615,daa70a13f555cd0323e3732eb28cd70bb871d137d8aab33995a25d16bf25cd21
757,3.185598611831665,0.7034622430801392,6b54858fcf5388cf4b20dfe61db6c777664c8846fb83bbb6e5f057b6aebcf991
758,3.271315097808838,0.711999237537384,382388e3101327266772ce9393b663166498e40bb5eef9a6e7365d2cc899a8bc
759,3.2350804805755615,0.6730778813362122,61cc543972a9255ade0007cffb1112042c14098697313f268e137a1f255b8c2b
760,3.2089638710021973,0.6590854525566101,b2916be98f7244bd490b4adcdf378da2ef37bac169d1904cee7ce23e37ed2382
761,3.381312608718872,0.6917429566383362,a839f8d188c1cbcfe4af6e11eeb3944b70b017991f0898da46ead6e27a2238db
762,3.3395118713378906,0.7529754638671875,5bc7c340de4b24cbb26d5712e4477a797db4d89eeb36f892f72b629e6509fe69
763,3.1736087799072266,0.707791268825531,fcaba3e7e66a88e5182fee7890a253644f825fb8b851c597314bb6774fc6f9e4
764,3.1621642112731934,0.7768797278404236,403ac269dc9ca19f5b7802974ba7a449eb0bb5731f76678c1d277272c4252e92
765,3.2241783142089844,0.6653556823730469,b2bbcbe10cc79be1d55119073b07764747ce9c265d3b80a0a7d72a1923a2836e
766,3.31052303314209,0.7519022226333618,95d716feff1fca0dad8ca3729b05f9d6c54b92c6d23460d43376db129cae5edc
767,3.2986953258514404,0.763009786605835,78404ff25804e644ecb16bafbad4d6b6e7cd2e94025425ebc3aeb69ab85a5e90
768,3.1553525924682617,0.6872456073760986,7f54851553deb85ea0e1a2df6b284cef75e6ff397d54f2ac78ead6f0cb5f910d
769,3.265988349914551,0.7265509366989136,8c8cf93c102cd4ca564d0c642c0dc10a4574af790bf697f4e1d7c03effe0025b
770,3.2901408672332764,0.7748351693153381,fc3d4e48d07c00a9c43d81e1c12a814087272ba7149b56836d8d3cd649e7159f
771,3.261627197265625,0.7427563667297363,da50ecffc0d772f2684ec0416aa629edfb79795e7b6d548d0a584b1f0825c8b5
772,3.214164972305298,0.7872111201286316,daaf9fac35b92508869673c3f30f139912d686bf3a97b4edebba79f791ab50e4
773,3.2521753311157227,0.7421869039535522,6c36f0f4955c31f1ebda1d1cb7b181291ce5346edb43310be7b0ec5136825ce5
774,3.159219264984131,0.7627939581871033,2f3b4c86723480eb757b69e843e053f7f65ccc8a1bfe14fc0fdf158d86e55be8
775,3.245975971221924,0.7623704671859741,ba6ae839c4f3b366594bc4483d46ff9b0415ca6a1305ceacabb3fb9841b6095e
776,3.1800167560577393,0.7522795796394348,3eaf78130431d883021cc22ac4e8ecc55a13303f76ea1c2bb7232afed77e5ab5
777,3.3105201721191406,0.7788771390914917,f8f3cead2f3ee3d51e80aa3418e9a81b1437fec4cdf6ba97cb6fa4d18d7ff3da
778,3.2169222831726074,0.7471450567245483,2ee3073dc2057279ac6878ba74e0f8b9fafebd16efc0e57b512b67d516e79136
779,3.2890052795410156,0.7203160524368286,d490108995deb5432183cce1f9559316e6f02de1c2b7765da5059d854d030db1
780,3.353496551513672,0.7232953906059265,b955f82056d1630267db2f405caf3cd4c591be4da77b7801fc5ddfee048e00be
781,3.1876907348632812,0.7123541831970215,e9c16fc3f56764d9ce76eba64cf8c3725d5c6122c26b7d4a51436a33c748a90e
782,3.158895492553711,0.7274242639541626,96b399f3d7d51c8401bd4adaf72707f5bd9ba888c67f742f66c01746940e06a4
783,3.1749658584594727,0.724259614944458,f673266e43dc78c36c4e5e843b204ca04df886be99b28107b8f7652b16317c6e
784,3.149055004119873,0.6612911224365234,030caed327fb622b05321ebe8b8d7f8a4d84cea614c9de7ce986a7438f863a2c
785,3.1821022033691406,0.711968183517456,de8195e961f71319a4cf4557b0e0327c16885490fe3424021e6a21398fae7504
786,3.2051339149475098,0.7176885604858398,4b4ebfcf4f5e5487a7c3197794e730969285116353f60409c59d4db48639258e
787,3.226905345916748,0.6919784545898438,a3d570c60fe42be418a506d550aa457ee41fa6f4e62551a75b8376de13f24e10
788,3.3048152923583984,0.6840730309486389,5e2f1a0d0c2d779e1fd94c4b61c8b1a7a4747e4821ba2158a896fab8932b9d91
789,3.1507983207702637,0.6837581992149353,7ea27dd68e812a6ed79d9e2c62edbdb5695b24a74c96739a348a1e305ebc4830
790,3.200779676437378,0.7398992776870728,bf9e1c37e6122906e943a300b1a6b0df9e23b40b033c4a550abe29d6fd243a28
791,3.137868881225586,0.7472406625747681,8a02ae5f8099caf30957f8f3e5ce4e3c7c98c654dff838edfd1cab8fd7e0c0fc
792,3.1868207454681396,0.7902187705039978,5009d966261e78167cc07a5b30abccde2484414565f1ccd7842941cdcd53e09a
793,3.1361443996429443,0.7181941866874695,b7b0219683d1740c4390125fa9d380aacbf5e182734add47e6d883cc6fb267f8
794,3.2465858459472656,0.7618056535720825,3db257a445232fb38d7dd1cd1b8993b2245a69e39848d475e5bd0b5208e2cdd1
795,3.1699764728546143,0.7505569458007812,f940e0a56fb4bfe4db75d78d9b927f1562546228f3cbc50bfeb33c5f71ed1e98
796,3.075493335723877,0.7743958830833435,1752de0326531a8a471c06f3adc661ae2ace13cd592c9590e377abdb7599c1aa
797,3.2654242515563965,0.7526776790618896,2de0656e4d7961a65ecf061e7e5277223a9b43723f4568898fa38b11295a60aa
798,3.155174732208252,0.7425661683082581,9a13c933d748ed14d7484244afa0fb643662c3957fe4d40dd834e3c4a39ce400
799,3.2796995639801025,0.726510226726532,8ad34fa97312a462297b86f9b831c10fa873ad1d797ee133ab4260f407e59d2c
800,3.2505388259887695,0.7770719528198242,ed48c04cdff719c430477e9e295747beca1ceea24d1754a803a6a97caf7af090
801,3.177309989929199,0.7315664887428284,7c8b023b4fa7358536b6dac5653a940e4ed352c18636630843921dc0cfb4b369
802,3.221827507019043,0.7113161087036133,55d756aba06a8f4dd1970d4564f1d522fdf94275559b8e8b246fbe6d95783d0f
803,3.1864614486694336,0.7174592018127441,98fe72bcefd9617456cc7ed3f0708c1a8e8c611823da47c9260bf1c0bb1da50b
804,3.189404010772705,0.7554451823234558,8644446bca27bef7de327dc83794563df0e17bd99e5e39870ede23452afa0640
805,3.2743570804595947,0.7605900764465332,3d9a577f68a033fbe43b726e0a78070075a3c2eb0c0bc5fac34ebbf3cfaf83a9
806,3.124166250228882,0.7775817513465881,2b86dbe55fe95229424827207af3b130f51b073ce2b6877227bce63c348871d8
807,3.186065196990967,0.721066951751709,6b6b95646e8585ce6bc49f4aad74ad1797fd173b1d8c90023004b00779fc0570
808,3.1689774990081787,0.798981249332428,60e3cc5c6b6c8000be63c897f1300f30aa193d9a5aa8fdf65a1b804f4b423db8
809,3.130119800567627,0.7831414937973022,dd1a37c4419e94a2a075231a2fea6a372a6fbde93eedd0f92432d77dfc500b6c
810,3.192021369934082,0.6974650025367737,50a799252d742cb66bb4692fe3b8098ee0f26ba377ec75d90cf00474a432c703
811,3.2251639366149902,0.7687939405441284,da87363beac5d13ff6ca5c36a398a9bd44a5ada391963f031e668f3aaf7daeca
812,3.217498540878296,0.6663992404937744,cf9532ce506f68142cce09dddbb1914fd2b6af1d8e522c791f3301f562e01008
813,3.1698389053344727,0.7799903750419617,279f42f99cfeea873629abc939e5b9de5ba291f67316cedf2d6c9a062aff6374
814,3.1135213375091553,0.8401027321815491,332a84145b7d8b2bdcbbca3706ec8bfc32e042aad33f181b6420cf035e7de79d
815,3.161010503768921,0.7750858664512634,143c5b154f309246d716dcbdd4947c58f02d42491dc00f67fae63431bbfe0659
816,3.266113758087158,0.8709700107574463,136c1cc6ef84145aab5055230b48b2df6cafc445b4788e447727927aef4954df
817,3.0769739151000977,0.8321419358253479,0b1c6d709b9c70db1a5435def982786c08e89498e4ce93893d75f6a35459b77a
818,3.2099437713623047,0.7638280391693115,2a6c87c44c320ab024cb8b293bbced9e01fabfebe271c227060dcea80b1d8bc6
819,3.190969705581665,0.7413240075111389,ff221db813350143e09f8752082de55aeea16050f064a80b9c1a0436cf4f13f3
820,3.0771307945251465,0.7075603008270264,0429e2d58d5894cd10293e02528bcf2f164118e8ba6124970ef322a2ccc37540
821,3.099654197692871,0.7727493047714233,ad0df79d3ea2900078403adf881bc64f0dde4330cf19ea15b67683922fede406
822,3.1904191970825195,0.7449679970741272,9c6b5b4607ab0f5b2120f011df51bd350c143d92627ce5ba7e1118691c40c70c
823,3.3634285926818848,0.7775737643241882,de56d5168828a3b589a030e1b86a145c4dd58f923541f3179498384e4621d3a7
824,3.0130066871643066,0.8392150402069092,afcedd8b6db07b7b7ffc3ae152de27c4aba1056b8c324f882f3ba4066ae5ed6c
825,3.10833477973938,0.7355808615684509,20f25fddfb569c394d8813dc8c5a07875632df5074fc7e1844808b8857cb1f15
826,3.1110217571258545,0.6835678219795227,df5e661ef99c3225adc78302f08dda634e9bba8b73abf352181817098a5757ba
827,3.2529797554016113,0.7206310629844666,18b88f52cafbf796e3168d2370825c4c5cd5edb069fb735af13ad330b1d431b9
828,3.242358684539795,0.7360181212425232,dc8146413ff096076d5ece4a222cd5eed78111be36dd36073e550dbce353173f
829,3.094545841217041,0.7879661321640015,6a68179b1757b7853d56226dbc337cb4295a7f2b74772c1c38e7fd18167d0cc3
830,3.169759750366211,0.6818436980247498,4824ecd801cb87b090ad789e8f585726d2a43b7e4f0ef5fe8b112fde7569592c
831,3.1284122467041016,0.7908273935317993,4628224928ebf6ad53fad664924ab4797337b1cde577c4cf9d333a05c385214b
832,3.2596640586853027,0.6575844883918762,dbfc660ee5af6cea44f3a0b67f2b94c86dc0665ce07fe48cba36796608fee98f
833,3.2096951007843018,0.740108847618103,75d3d52f484432eb2d70a6b67f4f80103a8e60dfe0d0149399da8c7c9a2b5a22
834,3.0586376190185547,0.6853459477424622,2c302369e90840d7243cd97d4775b28ef4d8ab6c42fd0e243bea6e89d7e36c8c
835,3.301745653152466,0.7606471180915833,e0955d76790f7882292224f61244cf3f8cfd4bcd03433b4963cf31e91ee47e12
836,3.0439653396606445,0.818345844745636,2c6bdc85776ac44817eee30b9cc76e794e587cbbb0689a39548dfb51b33e15c2
837,3.1116504669189453,0.7885473370552063,ad435ed101012542117f8dd152a227dbe03647b031aa3eb55c0d3d6045ceb974
838,3.1797218322753906,0.7712687849998474,161a7b7c6a08b0e3f48ccee05531c74ecf751a1d6e73fe390a420411f992b3b6
839,3.1375253200531006,0.9562876224517822,7e165ae7c9d6fae0fac2a3d22f9862f15f41825741da7c04ee3fd3ac94abbdd6
840,3.0961599349975586,0.7599987983703613,dc3a7fede15ae6ffa581330e4f1c5d7390a3cf21bf5e38df5174670fb618ff8a
841,3.1084070205688477,0.8872789740562439,df23e55bf3d849e378d5785506796ca3c099dd02faf785a8d9d219d3d3ffdf87
842,3.2394537925720215,0.7826791405677795,1621aa5d35a045bedf0cd041555bf01cf0da21dfe34807b34b8e5c1c7841d31b
843,3.117594003677368,0.7641118764877319,fe45027881255a0a7d2f04043902808731c721cfaa7a22d10823ff8cf1ed8e74
844,3.2422823905944824,0.7244083881378174,c0d04d06f480fd0514391b5e2c9fe64229e21b1148133bb9d74c9286a9e57321
845,3.2559852600097656,0.675059974193573,125c8f0bea691fc81da935e348d7c72c9e3db182952b6445c77679663c499cb1
846,3.1790833473205566,0.8527279496192932,a8a07819a246ad07aeb53f30b10c4c81e4684881c874d86e0900eca7d8163ef2
847,3.15138578414917,0.6552078127861023,2e3a54981f26fada732930f02d5b2b0eed819e59beb2cf92c972f587f06c0ddd
848,3.1593728065490723,0.6976655125617981,b43f8ef4d9458824120ac349cb05fe07aa8c2f61fdcc2022533a8e16cf158cec
849,3.176975727081299,0.6562249064445496,1cb2fad9984a01f5762438aa7e8c0468e483c06502cef31e15fa3048e5e95d29
850,3.047241687774658,0.7291495203971863,cc64299e60a35b8222446d8d88040d9ac8df6a7c1185b9f71e0571109455beec
851,3.152193784713745,0.711211085319519,347716028ce4a951cab450196d00a02fafa01fc7e8c50d0d8b93802ec1af6048
852,3.1633267402648926,0.7565658092498779,22319aad818abecf5beaf25459eecd83352b17d39e768c8d4fe9e84e32691720
853,3.077815055847168,0.7057134509086609,e670975493f1202109eee015419fddd11bee01d9a128cac11c77b15bf9d75680
854,3.2004997730255127,0.7087783217430115,15cc6a7e30d2a3a34d187af3f698ccd9a06207d17708cd58f548f8dedb199cc6
855,3.1052401065826416,0.7741202116012573,510decba3e584ceeffa2c4870f4117bbf7acb0630377c685cf7d59fb19694a46
856,3.0629019737243652,0.7053808569908142,b4c143f1911f89077bb2679e891252dd94011d377f89ee5374197d4308a8a47d
857,3.253838539123535,0.7712234854698181,0069a39121f1b786548d0deb39a1881135d529118177f2352e0fe9e79d6092e0
858,3.0376768112182617,0.806853711605072,2aa4fb32b7fee86b8075affc769144232f54f199aeec537ac280dc01ced3a48e
859,3.1198060512542725,0.8181473612785339,1cc252ad10cd149da763a0f638639be6a74f341091ba94d7bc4627d90392678c
860,3.087279796600342,0.6972236037254333,e52daa030dce011aece269069b8e91e46136f7cb488f15073586984d061aa290
861,3.1854755878448486,0.7183163166046143,43260847be2fe78b2b306ca537347b73e09784eea845817228fbe60679ea2919
862,3.2747244834899902,0.7888782620429993,1d63b891253493fc16eeca678ebabeae98964719d98d849dac3ee16ccc5afd29
863,3.0349719524383545,0.7539770603179932,d449c109a509369c294d9c8fc9143492f95c5328918c5319640ef986a13c793f
864,3.155783176422119,0.6980777382850647,8a4ab8856ff5236280dacfaa75978780b4a83bb1ea2eabd7969b8a683d40c4d4
865,3.1369714736938477,0.7819197773933411,0b37b35860438c2ffc68e56f6deaa216657cc952a1223aeb400de930940a5d5d
866,2.9403810501098633,0.723096489906311,331164a66c51de32498d4f9e8dc3d6ec3e39565568157ec5372751fc14e1b388
867,3.1719391345977783,0.7207931876182556,1123978d73a755530bb1bb19129b03be4c26b1f13b57b7c9be4f6e15ab358a91
868,3.151679515838623,0.816208004951477,271446e081d39f287201c605d9b0494ac44308b98f78e22303aaa39d9ad357a8
869,3.0557332038879395,0.7021223902702332,244ae42c8212109cf143c8af200da2c9b7cd29b828c58347639aca98ee694775
870,3.1453137397766113,0.8052325248718262,84c6569684a268c55ca90eff702227d2e87f8e14d45a6b354b31670298d44481
871,3.093771457672119,0.8276098966598511,6d33de9d1a9745e90e03ea330f91a2b9a5cebc2f520d0b35e51f0d8a00109762
872,3.020681142807007,0.9852036833763123,e2a582493b7c480999490a49ea3ba50eeb8601fdddf982eabec66a3d4a82abf4
873,3.284658670425415,0.7371646761894226,6466680300a918ed9bf3330136dc610de00e080416eed32e672287ee23adcbc4
874,3.1048147678375244,0.7402148246765137,eeb2b49914780a908257ecf0ae6c537be8d8b07a584b160726d9d5424dd4a7fa
875,3.1693155765533447,0.8589928150177002,7bb4f5c49e800c49fa64a39be1a7673ab356c42cf1580e6543f29364ed43d3f6
876,3.0729823112487793,0.7813353538513184,0d40ad8e1c48169491db23bb80d0e8c9b7b4ad9586a05c315e75a0c52b58dc98
877,3.03458309173584,0.8221418261528015,a64ca721c358c787b7bcde1de5cd96d9e9888c04bfcbd734ce6feadec799d0b4
878,3.168173313140869,0.8347221612930298,98440d476aae13a9fb7aa1caa5fc99a72f95640433bc9bbfcfe806432a979d1d
879,3.137401819229126,0.7910341620445251,63f44b9735dc15ae36bb921771b6013cee627ac99212682e4687a2cdd2b6315b
880,3.1096668243408203,0.9138606786727905,8692b26d40dcc1c01659f15322fa2a6467326066e33dc50240aefb0eae330b92
881,3.096275568008423,0.7526024580001831,974c9151a094e4ee541cf6074606b1af64f92c915ee783b54f1ec025b179d104
882,3.0482048988342285,0.9592079520225525,e42160d76ae4deb79791e9e6340020d920b17f256773347a79902c0e3e45fa1d
883,3.171158790588379,0.8974453210830688,6281dd116b87aa057d7db36c4fa475618f517407fc1ce4466f762d920dfc4c9f
884,3.0589101314544678,0.9727900624275208,6f6b7881b49f4abba074bd4eb042bc0c4cc6c7485089ef42ee79193cf6049040
885,2.939903736114502,1.088498830795288,3f8f84cb0e88154c7ee8c3a0ba1f8fbb3e00e46d80abc0e8058cc7740a0b8077
886,3.260406494140625,0.8721684813499451,3c8e2c9a53b8d31599423101009a0e4f55deb5e8437aaa3c844105d4abe4ccbe
887,3.1785669326782227,1.0081347227096558,311508fe31415d212e9397d1545e0469a134191d90e9add5a254969a493cb14d
888,2.9806742668151855,0.7139930725097656,b17721bce24f639d9888e0238086d28ecaca91b04970070ba8699ee494a0aa30
889,2.922267436981201,0.9914841055870056,1751b4b9ed3af53cb14e759098165a2c8e74c669fc50bb72932334a0e65ae781
890,3.173293113708496,0.8370587229728699,b52717be1d665476aa4710f74a5c2563f6250bb4696d8a36e2c545415210e37b
891,3.064094066619873,0.8022778034210205,85be869f4b010cf09be573714bf75dfa7b23d0c58f080be8768d2a17b845a223
892,3.1694717407226562,0.8457915186882019,e6f56f61e429113446546d44f917ccc131974d3dcfbca794f55038e58d7a10da
893,3.143677234649658,0.8413787484169006,f59af6eb8505885b0fe1f6b1cd25a4fc0b150ae6d89ac81ca5986e679541846e
894,3.0746006965637207,0.8514813780784607,ef35f6e974ea2589de0db1c7462a375c83e9c103c2da1d0b5e159fab0bfec585
895,3.0520262718200684,0.8832718729972839,32f973e6102b5d7d2f34a2c4c033335eb98f8d3ba3046ebf8da0e5decb68ff3c
896,3.0970420837402344,0.6723703145980835,65113c95227aa798b16833cd9183fe955afd9e5418d455470bdd343603090388
897,3.202406644821167,0.8260288238525391,51ba26b8503da0255f0994caa1bf9e5c53beb1c594b6f88362ba99076b37562a
898,3.087618827819824,0.8079021573066711,65d24b5096afa6f5f79115eeeeed4ea90cd1725ce2fdf7b2730203f9b2854de2
899,3.145740509033203,0.6762630939483643,02b8c7862065d67ccfe32b8002c43dd1d9fec6b74dbbaffebfb0c8450f22669a
900,3.1079392433166504,0.7809773683547974,fe5f85b62c4096f91508d83479e52c3d4a4338cfd71b93d8c61317b9791c0c66
901,3.117100238800049,0.7826745510101318,059f7538c9b38634195037bbc7b855ac23bb6fcaf2f34fca94402a0cf4c7c51e
902,3.2657387256622314,0.7575024366378784,a9961b96272cc9dc76c83819b2aff45eb8b3ef1acd19dea62cd92cfc819c172c
903,3.1714553833007812,0.7472839951515198,b80a4134adcd2e9a7b5b01ef1ad6cea84b6f0543bee76203017d69bf720e245c
904,3.020419120788574,0.7599214315414429,b2efb3262884152299b85b6dc0bca174ff8b43713b9358109c24a9166e70dd6a
905,3.22457218170166,0.8156012892723083,7efafb9ed78d204d80b012fdf800045e7cf4258ce861735894ff83972f235508
906,2.9458022117614746,0.7410997152328491,bedf5e6bd7cb9354bb3b5e4fd9c9ce446a2366f3cddbd3cdcd61d4d20408daf5
907,3.148709774017334,0.7761886119842529,5fedb3bd2f8e696d855a6d7959da907bf368c2a2675a5518b807b3ff86f2fc16
908,3.136948347091675,0.7088064551353455,25b81c87a0f91183b39c31e1564901c500e528abbf71ac2bef6cd2f34d8e8d9a
909,3.164614677429199,0.8116912245750427,16d79086cb3f15beaf16759ceb59e2d90481e6849254020d90953af2e280cc0d
910,3.0494155883789062,0.7520807385444641,f2cd6f1778d3fec3d58e0f7108c7fc98a88fd625f5ca13995b04ea306d8d308f
911,3.028057813644409,0.7713306546211243,2ed22a36bef90b3ef789c47a745707226d55d72966832f562662edb06f1631ad
912,3.1326565742492676,0.8167285919189453,ff5825c865d56863770ecef91d09c5ddecb273292b13b56d113d9a3a8e37268d
913,2.977166175842285,0.8010692596435547,c94a8d640c86cf1c0b7e501003b206defe300c27b2687a3643aa4cb491710d06
914,3.061305046081543,0.754218339920044,d55a62df528ba8112362f822f6bcf098dea086accc61c5663fa8dbdcd4c283a5
915,3.000246524810791,0.7923198938369751,afe28e5c1923b869dbf7e40eec91d977330b60c6c6d2a3014fbc39365f3b91c2
916,3.08022141456604,0.7798715829849243,bf6fa42dfab3611ad45afe9d6e66803a80306784badf2f27247678d545a4d6b9
917,3.046212673187256,0.7239413261413574,a68131dbbbedadf66557f9e638e99c917ff5b006efcbf34254549019727161a0
918,3.0974841117858887,0.7669839859008789,80eb0f20f1928472af2d6ecebaaedd888057ca9a01eafb82b3847d720ed14af0
919,3.012911558151245,0.8015601634979248,0f6a6b12eea8a700dd5d4397f5f0ea869cfa20162642617589632c83c4654bcd
920,3.124627113342285,0.8181723952293396,600e933d9cc83de8be6409f8dab49aa78a1c7d884bd5e943d74dc32322797ca5
921,3.053532123565674,0.7927881479263306,b30fbe485fb0658432e33fcfa633b410bbf99a66094cc5681e55a0fe71dede17
922,3.117654800415039,0.7376969456672668,c8aa91d3854ac01ca894c8d5f91508beb66376c963a742b558f0f4050d69ad27
923,3.1272988319396973,0.7158737778663635,91b4ec48838826cd88145096c916d156d046291a07d6a69d861ce970ab996d4f
924,2.9285778999328613,0.7473813891410828,2422da97042fab935768e351e469b51f93c20ac75a54c0a8c6f95f88269f0ef0
925,3.077164649963379,0.7473833560943604,792b26848e6817ea59f390b2cf9c906996c632800e1d7499c7b56ae0def04c19
926,3.0618772506713867,0.7427374124526978,892f12bcfd8354c272f0b1d952401d878fe54992440f1643cf6da96a432a76a0
927,3.055243968963623,0.7188789248466492,4274332934ffda9245e3941b6e9075287941edbd79a86662c44342899f9439fe
928,3.145465850830078,0.780971884727478,ad7e4a09ec540ff78eb2dd7f081af2fc9bab84cd662fe779fb7f32c0c4fa236a
929,3.036803722381592,0.7292196750640869,fe21e6e83d87f8ca109d31a70393dcb490ccc929c56e9c0922181cd3c27abf58
930,3.0052316188812256,0.6976686716079712,5b71ace4857f8c775d8cbab4da8a2357fcebfcd61347adf815b93e7b112ba8dd
931,3.0401387214660645,0.75520920753479,9e077dfb3ca7a04de518eba6f0e06ff53d5894b2b698b877f644ccbba52c9493
932,3.087597608566284,0.8301474452018738,54664ce350717c98673724ac44ba20c5027530f2294af41a5596880d57653b13
933,3.0283474922180176,0.6830776929855347,22ea401228ae43528a32e3423102e90ee6547c8fd2bc2990b4bdf37cbaf57d5e
934,3.035562038421631,0.7126643061637878,45ebc41eb794085c210956898ef72a7e6cdb6d790a171127b39ba23080f92628
935,3.084104061126709,0.7938151359558105,4ff2d9255e99e9117d5581d0b5f063653e93992f69fb51b128fdac070102cdd7
936,2.992006301879883,0.7013280987739563,5ee670b86f1dcd473a7536e9eb6c5f62b09f6c28c0e10abbcca37e94713fe863
937,3.005420207977295,0.7630398869514465,7fe10bbb33504b8b64ce187306f35bc0274a9a1f690889cead6414f7d520acfd
938,3.1361660957336426,0.721919596195221,e36ad5b3679049781c3de3b89cae3a2402a354c02fc8b97720b8b7dbbc02e8c3
939,2.928251266479492,0.7774716019630432,379cd0788d5a3d7c612808112d876fd7850ca57aad8fc95ccb5e4bf71f36566f
940,3.1668388843536377,0.7543452382087708,0bf5f68754e016587a63a236ddf8c3243ab7c1db095618743a8cb3e6681ed665
941,3.116478204727173,0.7128551602363586,8deb4e71bee01af0bfeb67502f9edf7974af473cf7affc95b706ed44a6310ed1
942,3.1264524459838867,0.7181341052055359,5d848d6933c102a96b6b7f4221501395b7cb20f65ea4dea7998d514d8fce153f
943,3.137101173400879,0.7842418551445007,6866965f9a35630c788db0ce05db6c2262207519576e2df75dc6a8cf757093f6
944,2.971611738204956,0.7349691390991211,f2683339f928ef5c971459f304fdcc9f459a087ee865787430d198d0e0990c75
945,3.0092897415161133,0.6974697709083557,0a323940f243be2c0f8ff7bbe87f12656b837de66cffeceec3d1d019e38d3c3f
946,3.1091108322143555,0.7140438556671143,1aefc6279b6598925505a31e164b285177c21312fa96160fbdfe8f65d97d01da
947,3.1096065044403076,0.7534549236297607,a96596f91f7ac746b20ee0fa75855d513f9c4359052b068116e89792aaa941bf
948,3.056283950805664,0.6933133006095886,d40e597b041a8fe1c8b223b4d2e35b93e381a5565ca141cf8e3ba4caf5091b7e
949,2.9596052169799805,0.8012220859527588,6475bfe39cb0a16d2ba31aff4c0a08356017399364eaece78df0c1d44d2a4472
950,2.903573989868164,0.6946600675582886,9d737c76391d027aa84ebb9b645eb1be1f6d7ab737f70db09490d1fc7d83f84c
951,3.019376754760742,0.7443118095397949,1a20fbc3b535c0c1d8683ea1c5bd1bee3ca9d52700b237bdce466487fd7ed868
952,2.9804768562316895,0.7271877527236938,cb940ec993997963c6133b48d68404537ce8f3cde54280e4dbb795e591ecdda5
953,2.9851372241973877,0.8097507953643799,861b219c0cb7cbd9ba8bf0acbbe7b855fdbfbe3a7bef9296c96976c2034299e6
954,3.0879952907562256,0.704177737236023,022570dcaca3cd2ba88df1d622005b209c33c75332776b240495cf9714317a06
955,2.9236278533935547,0.7536097168922424,e25505aa16cadf42887a9b012a18b2a6a3d7fb5aa8f0902c5c94cd73fa43ca2a
956,2.9190425872802734,0.8740218877792358,cc91eaadcedf32ab005b22f0a849b678b6cea85c6143c1e93ad04c4f28261943
957,2.9614903926849365,0.7324614524841309,1efebf5b3ecc10ad406de8ce11ee15ef5ed00185ffe939e486098a743595cad0
958,2.978531837463379,0.8053429126739502,60de0a3cf3263ce2ffa94c4a0fa90d67568a3f5572072140831d87bc62e4ebe1
959,3.1308841705322266,0.7928856015205383,271a6c8754dfd8a93b2aab09cb9458a2d9a43391f9aa828af49140162da26a66
960,3.1206884384155273,0.8152036666870117,76ad0a0433351a401d00637e629e5a3297abd587f6dd712169c57de121037660
961,3.077943801879883,0.7844661474227905,5c8cc096e7c5e32dc8a5b3c7238acfcdcfeac5d94e3e2aafc7d8d90e0ad657dd
962,3.045673370361328,0.863877534866333,25b084beb14889dfad76ef53c7060e6d4d206274ba15747fefa62e697a099aa5
963,3.064601421356201,0.8408920764923096,504118ded9419fff4e0a140bc44d1057de77dc7ee1ddcb3f834a515e52a525ff
964,3.0293350219726562,0.7606350779533386,94f3a424b7f4510290648b1330d02ea28c91be53507bd5d16b77a0fac68d8f4b
965,3.015509843826294,0.8097228407859802,73cb1682e0e551b3d75f869a3cfb84acb8386893d87928bb2a9b39bead18f955
966,2.9260847568511963,0.7630867958068848,f6a9c918784930d11d9d9f22da75ed4549665814bb3cbc46bac6084fd3eedfe8
967,2.95522141456604,0.7172613739967346,870bc3a6323a15d09212cc440b6f6cb319f821baa49b8a5906595780283a5878
968,3.050931453704834,0.8992102742195129,4b39a7d1a6e73c43295c53446d8c018016267cd3276ea61680fa206128732300
969,2.9995663166046143,0.6835891008377075,818795c01180dd51b7875cbb04d7a8f4b00b61ec60b67bbcf61f910de441a8b8
970,3.0845866203308105,0.808715283870697,68d5b1cd6bcd65ac50d6dd6c2d914b087995bfb04ecd2b876478bf4a4a71d256
971,3.015921115875244,0.8005852103233337,a4691d3fb18ae3683b25edcc9a33f5a99ba90b533418db857178c74de20e716c
972,3.1597654819488525,0.6898909211158752,dbee9ca91d680b2642972bbbdad3711e7d05c9446b6fa2146c81d62ca84da21a
973,3.1055312156677246,0.6770696043968201,aad41eab5917b7d6bb20fd52a3a5d85c0337305b01276238547c2bb13cbf4870
974,3.075450897216797,0.7412872910499573,77513b2209e118205a19766190943c5752ccd6364eca9262bbcd505a955254b7
975,3.1368136405944824,0.686901330947876,767da506d3dc2547474c939683cf6e428489dbf578aed1bee14cd8212ca06b0d
976,2.9822235107421875,0.7189896702766418,432e7be0b14fc045c2dd26fe3422d0bd8661339220915dae56f6b245eff233b2
977,2.978180170059204,0.7588122487068176,c5f39650829e6a96b25eeed3fcaab8caecd8d9b561becbc15cad5f9cd0017b7a
978,2.9524359703063965,0.7791173458099365,5ac92380618ee128e5aed4dd92672b9b87f1ff24bf60b7aae45e8f82c7a0b1d1
979,2.9561164379119873,0.7608205676078796,8c50b7c4ffbd8a47f2176569b131261315aed9fe67a7e16a13e9115042ddc5c1
980,3.1192657947540283,0.7076542377471924,b7c55ff8d7a5ebbe4353f45e1ad86d3f8dacbf0d2c30f12962f106c878040834
981,2.963737726211548,0.9184710383415222,fa3be19772ebb3f5c5da37ee73d1c86cd4dd78bf87cd28fa18dadff7ae6ad4b2
982,3.0769500732421875,0.7229218482971191,0713959dd702c926e93b846a1ced781fa454477c73efd495a82bb1843662a4c3
983,2.99235200881958,0.7226547002792358,c102cb4323033386d76f9e6e9d65bab476e9f1d861a2949757ec855d854f0c6e
984,3.0765669345855713,0.854289710521698,e65ac16ebc970de4c0d94ff3af7451bc974135760fe32e7866c3b268565130cf
985,3.122824192047119,0.7373753190040588,eadc0356ede86f92f84490307ba5d96537b454b66bd720a393fe9feb39bd811b
986,2.9930920600891113,0.770958423614502,2cee363653fac5c1f56656371a5cdfacd7661ead0687efa77a5e5feca4d56d70
987,2.969334125518799,0.8344359993934631,24eec191de09e0efed00603ac5506ea6108ef36a916059712881df7cf531ce37
988,3.066986560821533,0.771465539932251,253929d736b4a4b9a1a72b0ac199e67b4a4f2b6dc3b7b32c69ce4eb66d117003
989,2.9916739463806152,0.7727199792861938,d11770a0dc476e9e1a1a11a3f1a86999ec6697df738a50c6e6e41d3c778048ff
990,2.9991049766540527,0.6742662787437439,8bf312d40a226afec3da5a0c3218961ff8ea166ab15488d154a86758e36b5d91
991,3.020380973815918,0.7707293033599854,4579e9b131f14994b60b87ccad575465f3ae4fc6f40e88fe00716987392d684a
992,2.8566770553588867,0.7538711428642273,71182a8cb500a9646f865747e4fb97756d6994d3934d19fce6e85fa7bb3fa49a
993,3.1523499488830566,0.7425267100334167,3b57d0cf53844043f3c3286905e6a00afec8465918f408a7f1e1f8c527c87f8f
994,2.9712491035461426,0.8269760608673096,38d345e9c590a29f2dee0f21babf6521a4af24b0d1c8a9b6826f22b2d3a9beda
995,2.8996622562408447,0.7691288590431213,1b79cdbf253b68bc04f3231abac25052172c135d3852cf296c3325b56e496636
996,3.0708813667297363,0.8692260980606079,dcc7b010f8007e90dbda3c11c99e078632cd3f13aec69f0fa09e9d22be0fc75a
997,2.9488301277160645,0.8171966075897217,db49225f4969f49b04309cf1687f095ddc40ca04cef5b97c614b0198f1c4b3a5
998,3.015622138977051,0.779354989528656,6760db8d6278978a8ff410c0ae3b9396f89e031cedd2e5b0d89676b0958be0b6
999,2.9112143516540527,0.7711268663406372,c5a24674cf2ecf7c8bc2a59ae74f75b17d26a1cf488a0a7c71c7481d6e8e7220
1000,2.9851741790771484,0.8147495985031128,f0ec4aa40b8d2758cce3d41fb37a672369830ea26b517f061a3ad6edd4a3cb7d
1001,3.033039093017578,0.6843684315681458,183fef5fb8bc47573de3ca17e9f53a90efbe6d379904c61ba60cc1e519c55fa5
