step,loss,grad_norm,batch_starts_sha256
1,8.313332557678223,2.188441276550293,4ea81a69870c7804762083b5bee933d7ec98e0e5bb0e02bbe1f81b13b65872e6
2,8.117773056030273,1.674000859260559,2ff7953078f37deafb435e9357148747959b291946d2e9d3720caf3d3dc8d7cd
3,7.940354347229004,1.2923215627670288,c3d1d5d63887abc09b5603c99a3dfe29ab36a959d6032571f34d703709e6b758
4,7.826122283935547,1.2938276529312134,1ee30b6efbe45af6d606395a1a99e69b3279670d21c4d1a252a202b94d8d4f1e
5,7.7147722244262695,1.2954933643341064,992027eb8f72f0bc7e492fc1f5b20f2e1bd3146b137d643377215e4cc607304c
6,7.583789825439453,1.3004958629608154,2a8b9b143b7886a1785a533174c8be1792f44f81759cc3cc1689612b6ae641de
7,7.474446773529053,1.2588766813278198,4abec566f71acc7bdb84627a9cfc4cfe83183292d163d833cce7546b1f850c16
8,7.350238800048828,1.2746398448944092,28d44c90e9a89fa3fb32d38736b9067b0476d65db29862e785569346dac53b08
9,7.22731351852417,1.267557978630066,5a2ed9ab5a155971920880435a3e1f1daa2113e81603549a7a5e7f0908f7a948
10,7.164710521697998,1.165658950805664,be51d1629f481ec33551edeb7b396b558b21adeefb02b9df9f325b1fffbf37cb
11,7.029547214508057,1.201164960861206,be789de2b69bf2742cae1073dd4c310905833b8246a74a251950d727b0bc2254
12,6.953305244445801,1.1680229902267456,f037c85620c454f21eb0d3cda1070688cd2fe8612061cb19a39e0d6fc39f3b35
13,6.814551830291748,1.2025355100631714,f84eda5d37d28f12f0d4f97af728fb61dac27da7b69d993a674a6156031451f8
14,6.736250877380371,1.175778865814209,ed60991f6b5c222a4e613415a9fcc1367b3799b6017cb6166931fe184ef4e861
15,6.646650791168213,1.2102084159851074,6dd815d99e748ae32d67597e06c49c53c01e0bf53bf78d90157161713118acc0
16,6.562882423400879,1.1801475286483765,3d3db35a808425f34998b7f66ba3ba27c2085f007bc8900e89e4651a8bbb13fa
17,6.649257659912109,45.74687194824219,34b8e308e581cabb6900878a6ba4cc400e836cc7327329ba4c9362c4d6dcb240
18,6.458955764770508,1.0580058097839355,e34d59fe71f171faddbb1d6d5bcbf31b10a0d6af7b75b2dbd5b1f8388e4e13fb
19,6.342372894287109,1.0832477807998657,b999478ffe1c723da7a3cd0c33ac4f83706719c0f2f98a613ae55190e5c36acf
20,6.302487373352051,1.0329151153564453,59f62307a2abbd4c0434c5e600bb8e0eb1d6af57654735fac9393ca380aad67b
21,6.226788520812988,0.9723740816116333,a0b7252aec0fb79513ef82bfcecd2c7f1eab1bc6a8575b81fed75f99c0cc48ff
22,6.221722602844238,0.9342867136001587,c6a3dfb00d4837a4b721edea36f13871910604a5aec54d5f958c116170237716
23,6.1419358253479,0.8672876954078674,641f88513435ad46501d33f48590797852836572eb440579d8e11b3776c4dae1
24,6.1499176025390625,0.7976139783859253,8cbc2fd94b88d5f9bfa5af3971004d89efcb2a34f97b4c9a9031ed3e3b555cb4
25,6.061335563659668,0.8021936416625977,5e887ad356178bbc25b0b43ddbc84984dac85818d3d8130b2ec133353944a48e
26,5.970650672912598,0.8160942792892456,27c8a257917fc4799f68fd14d42d54a82f9aae62d6ab287eccf7796acb2dace0
27,6.084624290466309,0.7348931431770325,09be2189c55ea97c3bf4e46ab122f4e4fd13bc264bf79fa6ab2604304b411dc2
28,6.071298599243164,1.0469557046890259,acdba7f52b1a055d6aa49d00333bde7f6ff8c4d9238ff6fee6ad341e0483a4df
29,5.961216926574707,0.7763677835464478,c30ccb7e58c4b6e16ce9e2d9a447b6125f9b47df436a2de6636de4ac29f1185c
30,5.957672119140625,0.7006880640983582,22191ec7bd65650a0f31a4fe8abe393c307521145b06ff4be47c501bd48697e2
31,5.896389007568359,0.7093402147293091,5df60f5dc21d222d6aa5a7dc92c6774b71b8e49c7420945754d80d24b80ae50b
32,5.855154037475586,1.0453327894210815,2289e2a06652b99c3b421d823011e4e179fe550d840757e4e30a6bf7fc72190a
33,5.831418037414551,0.7699034810066223,4daf8d0b4d4eab40678b19dbca88b3b50950a80f182e6a7ccb7ecf8049e17bbd
34,5.807837963104248,0.7804369926452637,d506d227af269cc061eb3cf3b0195c93780e4fcdf52e465190687ba649437846
35,5.795987606048584,0.6465972661972046,2a5ebb7626f5d35de13ba696fe2613d1e49299dd2843cab7d10d11ab8cdd3c62
36,5.700740814208984,1.1790099143981934,a9e49825408990a585f62a12fcfb032e671fc9b5a28816a4cec69281c4513fbd
37,5.694840431213379,0.7376332879066467,7cbfa932ee26b47f4812591ac7cf2dc9570eb604201a0a827d54912b8e575e88
38,5.689914226531982,0.6673521399497986,93b8b83ba0fb46f2dec8b22dd655ad80f655efd290bb3cd2cc2698bb2ebe0a8d
39,5.669709205627441,0.7154371738433838,48fda48160e24ddeae2ab9ee76c96d93fbef803d87365b92404e7ea99d611d66
40,5.694144248962402,0.9461461901664734,921dba8eaf060b07190f57b23e3a7e60e166ee50c4b95406ba8cfa7a6cdbd06b
41,5.6615753173828125,0.6353880167007446,cc75d1542c05de9b3e64ec274a24356d042326a7094d16f505df7489892a4244
42,5.613536834716797,0.736392617225647,ee9611becfff60488ed77373d6bc14ac20a4b8179567bb5721b7bd85327e4f86
43,5.577035903930664,0.7134631276130676,3cacf8f009c1b491a619b2516fa17153a19d88352fc621d9698a3c2e9b2d9edb
44,5.498791694641113,0.5774065852165222,47577e8600f58b83c2b562ff1a3759aef6fdfff46b24d9dce5fe31394604d21f
45,5.46861457824707,0.5851386785507202,af097281a409c2c14bed5c671a0a3e46999982d1265e064900cdcc175d4c1918
46,5.583053112030029,0.6228583455085754,50434dd7f31dc216e764846f6b55f3c3a9ed378915b106e6de9516c66dc6e807
47,5.470946311950684,0.5795242190361023,387caed6155229d4dca5371f3fcc5189e9a6fa5f0379b713c6b6ab975a2b5823
48,5.418983459472656,0.5374162793159485,0a40e74977c19b450e9da4285d014fa250d0c92dc167003fa9d9b6841fae26ce
49,5.386163711547852,0.6677383780479431,43b4d1ca3ec35a6e80751f9e9ab28a51651d46fe725aaa4677483d1e118d7bef
50,5.450466156005859,0.5638530850410461,2b672a8cb40f21fcbf00da7793eccc6c64c1783cc3c5225e81f6d8c88f5fcfa9
51,5.364543914794922,0.9391152262687683,b22973f76abbbd16d3d3777bc2d1c55edcbb3191f5c3455277d854f7c95b25b9
52,5.284515380859375,0.5384489893913269,14b878bffbbef71e0e2436b9845d113d1d3237d8c5cd1d33ec8be73f7a795fb1
53,5.375613212585449,0.9288091659545898,61ec0a5b7061a22456db53acdf657c9c51b7ded60b3ad0200a922db5bb483fd0
54,5.331851005554199,0.5211619734764099,dc4853039ba8be3a276b33f40e6c97f6ee562330c438372069b4fca206bf275b
55,5.255062580108643,0.8760063052177429,dc0e59168570f17089d70ef14b7de57b9d18bb7bf2ec44ca9465592e7a646577
56,5.245016098022461,0.6883094310760498,e3d86b4fe195ab45d13f41ecb597762a9d6cde2582e9f0c19a540188a56282df
57,5.277495384216309,0.5994067192077637,2e0664e99fb875b6450fe555887e804abd63df58a18a2cbf1bb6e351a8010b3c
58,5.189913749694824,0.9458022713661194,dbd7bce4d5cbf4c58394ca8b44e481765a872a349c9d399dae2acee473d3ecf4
59,5.168001651763916,0.5864001512527466,a9a01ef6f9c005cafaa42e439af9fb2c4d203afe026db22b5a83cba02ac657c8
60,5.18320894241333,0.6805824637413025,22c8ff1c00861d6357b924a8c7304c032295acbdec812992510ff8199c7fed7a
61,5.127964496612549,0.7120282649993896,98df9057dfc564c20357c186c001b8b01675aed47ebd75bc73f516a6531d07d8
62,5.107110023498535,0.6029217839241028,e3d4dfc787e73a96cca3be022686bce8cb0139c0d768bfe87ce89ca9045b86e9
63,5.108233451843262,0.5689784288406372,050d3c4c7ff815f484e6f7a8a2192a74b0b2ae741cc7b7210a70ac4f938308ae
64,5.060497760772705,0.6458786129951477,087caf9865d2576fcf38cae15467ff49b1493d88c85229a0d927d2a9a4ac7977
65,4.999316215515137,0.62986159324646,988ccc26958b9de24b0b83e34f5afd9ce734e9730ad96dbbe57cb4c9bdd835d6
66,5.02236270904541,0.6432662606239319,d85c8fa1f900148762e811333a5bf36459d3e5e66a4bcc366fbf150e3ff7a11e
67,5.003882884979248,1.018093228340149,a87f46f4e9550d0608e29f306d7d5f59146c679debb0ca85b4628cbcba543d5b
68,5.029928684234619,0.6789014935493469,6bc9833bb04c3ee89082e04c3c502ed541b93ceff18599bc0e4ec27da6d35cdb
69,4.876047611236572,0.5974688529968262,f927c7c010567ff5b0a58fb2dfc070150fb43b07cbfb336c39fafa4593931bf7
70,4.97955322265625,0.733305811882019,7b083f37c5f8a8cd9804dc5d8e8d4aad1ae6490c717bc0c4c07e331b7b406d70
71,4.916021347045898,0.6568335294723511,c7e711524d0a1cb02a0b25119536c0aea2a6e6d5a28ad364e0912f0c1afac329
72,4.8684797286987305,0.5903618931770325,19ea9a0f21305802288658316e0c6a395ad5a297f32449c88c2da9b366432469
73,4.8879289627075195,0.6609266996383667,54ca85dbc2d65ef6e6d6e2ecbbaa3f15bb955dc8a895e51e9dca4ab9c588a4e1
74,4.789758205413818,0.7340654134750366,8c34e0b125192547aff0968a02bbb482efc1b607a4c9fe3cf029bc51838c347f
75,4.859564781188965,0.7908393740653992,03658ea755ffab79a2dc70f0e68d9a2256d9d90c270b9b44c0ec1882573d8b00
76,4.864457130432129,1.2811262607574463,880907f27a9d5a5b7091707319ad5a6ef4044fbbbf3581826f308cdc6e888846
77,4.827559471130371,0.6608960628509521,77de2d36dc6eca98bbbb31a143c58f35b1cfc034f448d89c08b04d2b24a069d8
78,4.723392009735107,0.6009214520454407,7e8531347609bad4e60ba2d44d154782b320305a99db0fef73168ea91db21c3e
79,4.856138706207275,0.49420732259750366,51a461ebc333dd6b53beb2ef35824f804058b025ad5689475517ab6fdf7013ec
80,4.824299335479736,0.8262310028076172,25c929b587365118a5bdb386963d9083a1b07232d2a04028bbbd72795503e3d9
81,4.861791610717773,0.9515958428382874,1d5e5e52c9a8f4c994e6c0e0c61d7715ca78c865ebe540d2762a444e3fc04e1c
82,4.793887138366699,0.4279027581214905,a57649149fb85fb516f5c314c20f669d89c14175fdd7d9e2a6107716493d1c16
83,4.730108261108398,0.9519098401069641,fc04662324d5338819104e38bfa60af3d9837596395e33023e9c946c5931b082
84,4.752676010131836,0.5973210334777832,911b4d6cb40370771ea661b0c5354f25d96ef045496c143ae0a822c2f9ecdc55
85,4.793663024902344,0.7701418399810791,892550591686a08e483afcfc2ff8eeb4f561be823a2380096e5fe6348e4371c2
86,4.68379020690918,0.8470824360847473,5b59c3c11bda7ab191c9f20608e3dbab4d457b688f7610cf232e35f4055f1766
87,4.579474449157715,0.622298002243042,81571cdb277b10a2e6c988502e53afd294af765ff5f40048beb69f9d2fb1500d
88,4.634945869445801,0.9682520627975464,0e62a5ab9ae7af078fec7d43ab06d447232f8d0cceb87cbdfd10d484d1ba981a
89,4.665732383728027,0.7086705565452576,2f5a2dca960be768f3c62aaf61ff18e7fa40b0bcb7968fcea08ddc5f2d34caed
90,4.712205410003662,0.841866672039032,a5dacd0cf02a64b1c08092c66401bad739fb0d864089eeee606913f064a2fc3e
91,4.720829963684082,0.6986685991287231,cd3796ea939edf20429673bf2492dad4fb1403fcd4d160b345d84ac48d4ac07b
92,4.679858207702637,0.7013841867446899,f23f075a37a96e15ce1b586e82afc17fab67d33507b54a9c177564be4776fc0e
93,4.628379821777344,0.6541889905929565,d6218148ccaff593d1e907be64f3ce280c474f06c08bfe53c99d0787bed8c3aa
94,4.6290178298950195,0.6708109974861145,4de7bbd7d1c7c7437495d0c742ce09881fe260ec49878f03ecb0b51a14a3bc74
95,4.562981605529785,0.6428722143173218,d21d5e2682567ef2a87ce4d9c4f04710de312dcc86b55ef7f8ee06497595ef91
96,4.573416709899902,0.5757474899291992,780c01c46ee306c439b06f873d07e563930d5bd1fbfdc1203712da655af79b3c
97,4.553190231323242,0.6241498589515686,424222d342d380e1c7fa7d060edfe5ba568f787e71adfaf473ec42f05a590b1e
98,4.531101226806641,0.45110955834388733,7f47739cf3efa88a857805c170dbe7a9435f4b860b06d03583c728f067740875
99,4.572821140289307,0.49142611026763916,a51670f76f647154b4730abe91a35f90ddef58fadeb20fd7c8f9b7746f2f1bec
100,4.671777725219727,0.4976092278957367,0dc0e205faaeb87b796a21a0f887e1927f9f95b091088813b11831ba196e3a8f
101,4.5496320724487305,0.5136106014251709,f1e69c5410d305e01544b16931b24d39b82e1bc793eb4e867d1192f14e583bca
102,4.522005081176758,0.5991477966308594,095fe8c6a74af716c45e61482e6a19cc2a7f110a26bb41a2793d43ed3d37d418
103,4.585022926330566,0.45536428689956665,772704f56702930488c78ce493a6e24a0d2a5776b1c0481bfde2716ba19817b1
104,4.500105857849121,0.4185580611228943,7121253f3667c1d963f840778fbaf38851be9a5fb4520fd042c8bcdfc0ae4b00
105,4.457291603088379,0.5044699907302856,ced7063617187d2be0cd2406f6e225ba5a61117fd77461e08470d5d0a6560461
106,4.456657886505127,0.4154183268547058,150aaf3b270046d1276260d0770e6f7ac56a9a9734883a7bcf8491930e65d3f0
107,4.551382064819336,0.504737377166748,81c6d0c3682ef2e56414c6ae597e173a175688787582c5423237e108d385d099
108,4.493021488189697,0.48581352829933167,2c3f2917394021403d670dcd81ba18a58eb008376ad70718db33dd32d2557649
109,4.5182037353515625,0.513143002986908,35b90ce3a2f1f10a954ba66b34779beeb97dd54e63f534e0eb2164e2ffba1f1a
110,4.5036492347717285,0.4400167167186737,f040148b3abf6a199a1b7d5340e243b7ce68e0a1325bc6388a68b89cf3c47104
111,4.4406867027282715,0.44459110498428345,84b3b4dfd28483f1f4c7daf5aeb2bd111652a18dcb9eb81f55680f6345c4feb7
112,4.457740783691406,0.3986274003982544,80221001e1e05f5101aa0967a5166cebd3f7a19d2157d80ed6fa95ebc0ca026b
113,4.45771598815918,0.5058661103248596,86c69074d2d90d80345348186acc5b3d1425dbc853c62a724df81da8964af3aa
114,4.420130729675293,0.5286642909049988,86a9a6e3b2da4862a7f951d91798fc389ecc46a8d258b3b3e5ca5dd7eb5abde6
115,4.491364002227783,0.4346438944339752,149284493b1702a797c7c64282b9979e28b75f0fa5d832b48f76744f32df4d0a
116,4.520456790924072,0.5192540884017944,dc949048a50bc5d85aa458fb4c971a68cc00e7c341bdad423c1de055be49d4ea
117,4.406601905822754,0.6681178212165833,e46d7126c3a77fa5e6e60c41a6d55138721c1c2cca3ae9257a7062acc1602435
118,4.384339332580566,0.4937933087348938,f7463b0ed04d16509fdaad62cd6784e86bb06d8627970a8d8b8086c293795a21
119,4.4200520515441895,0.49545612931251526,54d8838603ea45e7a7799d97dd605b7cc49e2931a31400b802aa36699c1fc659
120,4.364082336425781,0.565252423286438,aa13ea6825cec993f560b13f0344f1775442e7a99587a76d3cda8e256eb96a58
121,4.431006908416748,0.550377607345581,bde1d6438f4c5e745b3bd741e9db2faea33618cd1d65947803d44c0d98e87bc6
122,4.446328163146973,0.601856529712677,eb52edcf0aede3d733373e8f5165f57ce19a99cb8d29e73d504b9c79e99688d7
123,4.458656311035156,0.4997292757034302,b4f054fcdea62dc6f990e02bbb7ce7d939a92e62bae217eae5b6ae198dbe7b2c
124,4.3938093185424805,0.7496048808097839,3146a6fa0790e7dbe70e3ee677a72a57a71166a17a2373706b3a6250a56850ef
125,4.419208526611328,0.4572899043560028,5f6142b9adac090323b3339ce0dfe9ec7db92409ee1c82262edd3e75986ea359
126,4.467914581298828,0.716116189956665,f65a7e572799f97a10b241124a4c7cc81576e88adc30dd36d33989a14aa434ab
127,4.368558406829834,0.6256892681121826,b35000b03ad0186cf292fd5bbca3e6616ee74a2ac2f5a7399c88ade45b87dae4
128,4.349152565002441,0.7333078384399414,d4e2a9f95a770d6a6922399643c9b1c47ae309c4d002a83e90da91e8545d81e8
129,4.328608512878418,0.5580543279647827,bf41c4172205773a7605b8dd4853c31e1607f328d00942392418831100712e32
130,4.331601142883301,0.5807980298995972,7c6f0a6ba18a4932504fbda0bcaf3c47dad2e184aab5e6df7be3fd8a98cf77af
131,4.46781587600708,0.5256348848342896,1b2ad578671b0e25c7ac6b1ac004d946ac4a5df8477b57e86d3aa3115cfbb448
132,4.336096286773682,0.4469725787639618,19f5f75f41af11955039e2c9da60111e3f6c46da422eb4d1a3d4f669479de922
133,4.411245822906494,0.4844430387020111,2e1aad12c09faa7b73f8f5fddbcf7c62cc27a4d9fee817df65f92f475b0333a5
134,4.418957710266113,0.500307559967041,84126983f92e112d1566203b0fd5c235a985bce01bbc063cf3cb77108d1f2c3b
135,4.385788440704346,0.6828036308288574,965a4d07985ff0c956f9494228fb865ccb9507752e1d759dad1b35661e528d89
136,4.382453918457031,0.5069626569747925,9a3b685a8f83ba3d46b392510a2f28f6cd862dca7d3a86b426ff1e66f8d25533
137,4.37738037109375,0.506575882434845,b003e84a98b9abc6015778e8159beec0002799328ffa54bcb22a722797dab3a3
138,4.283084869384766,0.6566751003265381,4d497866fc5973597c4b188475d5ed2a25a7bc86e7d5c54b92dfe62597efe795
139,4.2572712898254395,0.5946617722511292,65a76f4a00de7bdd42f805d952f3d64130c67a08199a17198adffb9111f31218
140,4.297708511352539,0.6111520528793335,b6831d02372402f7a9f2887f356dcaf50d94cd2eeb0a87d15f1307ed915dd661
141,4.277654647827148,0.5586662888526917,b066d02dd3d6298c38cb6d75eea632aa076043523df7eb0560d792085f33bb61
142,4.3109283447265625,0.4992758631706238,4f78e1b692a4d95bdf3c7b6fe4eaecac49f66e4de3d8320dcd95de91db879cf6
143,4.286353588104248,0.7092934250831604,8bfd5efd054432fd56b624283643fc3e590c5b782eb56cc7c9d420bc559d61bd
144,4.351622581481934,0.5089516043663025,646e403bb0e6d6eca485ed736e0b87667e53c6e1ed5196c4167075c691030530
145,4.2202606201171875,0.49233612418174744,6101a5e8a047f9dfa2fc8e954267542a0efe600e97eaf65c86fc0e460b936c0b
146,4.308224678039551,0.48846232891082764,8e8e7717de127b86b567f62459f257d18096b17bf54acd86177b1bd08ba09614
147,4.273167133331299,0.54717618227005,9b137b349ea1ef7378258037cc83a29921cdecd2e9f341296b8e537d7d9bfc93
148,4.298283576965332,0.4426306188106537,3b085ea2d2a401a61d8d774f235324de7afb34efef8268e3dde8797ac828de8c
149,4.289211273193359,0.48205360770225525,52a9279962ebb22a0726f99ae6452fa979a23ae642bc4df0b208e4a0d5b0a328
150,4.357602119445801,0.5059263110160828,d1dda8f47fcb726e9d30f6cd8b520a3f737492db82d6e506f9d68aac31730e02
151,4.2229838371276855,0.49738532304763794,59bbd177a658bc75f50716f7eb821298aac840f687f7c4ae9a3e0dc6c2b55075
152,4.209521293640137,0.5906275510787964,9febdf5b5dec0e6b99022f2501bdcf2fa63bbdaa46cfef42d2ad40630ffe6c84
153,4.275700569152832,0.6008293032646179,ad12b36e638fb8407a373ca53453bf60454943bdd3a16f5b55c2518d153699f7
154,4.285794258117676,0.5711573362350464,4bedafea9bd306c3e70945022635c5b9084444149e93c7fe9554a2d7cdd01e54
155,4.287397384643555,0.6217077374458313,d14cad596f120e49af1a20fe16bf20da7205db1de53eba32719109500950e8f4
156,4.19935417175293,0.612123429775238,7f72da6dfcdc697f1795a6bb5e7fb15436360a45e4b3197cc0bb935a2a26efbe
157,4.206788539886475,0.5848106741905212,36ed46f5361353f1f313c85ad668be0c9a89a142951631c0315a023d9ab80427
158,4.325814723968506,0.7213457822799683,8e3c4c9ade61ba4d240a1d1b55381f6053d91907a3e7b5f0286fac052b3f452f
159,4.273743152618408,0.36588776111602783,e2f9592c516291b55a1967f85c33f3334fa4667417d1805db02480cac4cee87a
160,4.204578876495361,0.7299116253852844,1e3a78bdef101c99098590b75eea58e24c58875f256db3a50750b81d887124fa
161,4.365111351013184,0.5150597095489502,42efa6dcaaf370bbcf76419cff5182bb163ea946ab6dc6cb2168866a3627e6af
162,4.2891082763671875,0.6434128284454346,cf9037a205af7980f96e94f7b9713bcc296c2688f1905b5d3a89ed113e11f095
163,4.231191158294678,0.4876813590526581,d080b896cd4570f1d30d0a63949d8c1e640cd75dff6ee4548e5f4cac9b84630d
164,4.260898590087891,0.5399127006530762,01cbd93e2aa00c24f991542a58dd37a3c7f7ced96af8ddb971f4bd290cc71bca
165,4.203405380249023,0.4542708396911621,c1083a0734253e1b5b6c850d72b569714c56ab31daa941dd203b14158a9e84fd
166,4.2723164558410645,0.5347180366516113,62ae969387589f891c1bbe868f41ebc515d53ed5852b940c0f220aee963ca7a0
167,4.195322513580322,0.4937993586063385,423296b54211e6b01af8db788bd90f32304a0e16ce5078fe42ed7f1a6636de5c
168,4.243913173675537,0.4927113950252533,b7400414ac7cd078822c7e235df43b1e39c6159da28c3c78f909b8613499881e
169,4.140816688537598,0.44599705934524536,b6aa68d5827ea249582e44d08f25c4b678a22ccfab44f18de41e0e698682666b
170,4.17907190322876,0.5013666152954102,95281db940ccabd819d8cbcbcc5bc7afb62e8d81c2b8f2d0827ca7c9b9aa7fdb
171,4.207025051116943,0.461908757686615,e2c2a8a5b224a1cb9d895b2c7f4adbd59814e75dea5134b7c180e73f2fd4e437
172,4.193352699279785,0.5137536525726318,e32535a46afc0ce70094924d91132e1790b4bb51a5f4b06f0721280052379228
173,4.273466110229492,0.5104436278343201,ebe87c21cfd488660eda0f7d261898662bce465844700a057648b353a68644f5
174,4.304472923278809,0.49369797110557556,b43a2380fb38cebf77717466cce1bf8fbaad8447c5fbe36d7bf521706fdda51c
175,4.201650142669678,0.4428775906562805,0e502467367ebcc7ccff5831850e44cada9370414fcd43f30eff8307db602a09
176,4.205014228820801,0.49055013060569763,f658e10eaf40422cbb26e174cd92b5e6c877bb6089de172c6ee9243f8583a2d4
177,4.193805694580078,0.4486907422542572,6b257b47d903e444ac15c69c71e731b6cc9bb2081c3dc44f50a2b42902835e18
178,4.187707901000977,0.5011311769485474,f58fcfb6e7b89c95d3e77643fa6ebfc94a881ff19946c7debf93b0e64a961303
179,4.229626655578613,0.509093701839447,0a2ed8321fe3c72458bc8050fed117d518aaf1608d0bc0ad3063b2e7cdd8d019
180,4.207977294921875,0.4819139242172241,77ee7db82f63c0e2a3dfdde24fde9be3df2623fdef4189764aa1f62707bc136b
181,4.178524494171143,0.5377125144004822,13c7c39450c7e3408099f268837cc60f63a6db663a9980b329c6a36fdd83b819
182,4.282959938049316,0.5490865111351013,2212c5e52fb11be7fbc318a1412c49dc1e4cd8d9264f80c8dd6532ef4047a612
183,4.2246294021606445,0.5737470388412476,eb48279dd95c6e5951dca42240edca4a5801b30aad12a83397ddb320bfeecd2a
184,4.213100433349609,0.6191714406013489,b183a704666f32e5e833ab58e6b64d38bf92c3a612a4ebcaff2c503023dfe641
185,4.212218761444092,0.54658442735672,a4752b2560f90a8bc1f67e5d88f484ba8dc4725d0b8afd34fa2eb8485c6bde16
186,4.268604278564453,0.4863341152667999,d4d6d39722d707d2c5627c028d3b164994dcc30e8f9ea8dff2a2aeee4358c9b8
187,4.216944694519043,0.6269108057022095,c680b693e3290b881b79b139761ad6fb436b08b237be67bd50c4b57425f51e28
188,4.174622058868408,0.5197364091873169,cc111e3338c621e387c60a1a71fe9bcd2a110a03d94a965e99994a983e19f06b
189,4.153594970703125,0.5883313417434692,7a9e479e83628e06a6d24bfc945a46ec63b1bfa6899d647a0a66e8053cc5d080
190,4.1380510330200195,0.577714741230011,06cfb19cfea8db3123f0240615121afe0326f631d01435cf11f1ec9588914988
191,4.1025071144104,0.5651967525482178,caf40af544f12e1663c604b6c5f54d79ee5178c04b5d211c3cd76fa5b20572e7
192,4.147892951965332,0.5513258576393127,24342be36883acf5e06ec183f79fefba0f86c6fc6fc68a9da2a7b2af0b8922bc
193,4.252908229827881,0.5410333275794983,e8a42f65867e79308a7864a5f1be654dfb4a5429c36e9a661182d94803725f30
194,4.192042350769043,0.6357099413871765,1588c2e884f7bb1e04910e33e953f4956e950a761f852c461606f8da7cce2d70
195,4.114491939544678,0.5691977739334106,2fba89966dcdc77cd7797bbb539d669168916003aa6b8e6df18e0cbb6a359a66
196,4.0709381103515625,0.5198484659194946,1916872dc21b75e60312fe404da4d07a01325eec9555021d20b05f1f6b19732c
197,4.238197326660156,0.5035989880561829,437a35a7aa455e6a1399f905b87eddbfb9a7c650b3d00e016b8ebf060759f8ec
198,4.198598861694336,0.609347403049469,3b8f789af1e13a5679f8ea0527bf76032c62ee0ccecd7f9bd658e4bf4a21890e
199,4.188714027404785,0.5207050442695618,88ada4ea63a7094d3d84bc7b5f2bb80ba9792ac7a501a67e5143026e39383dab
200,4.080268383026123,0.5248864889144897,cb458a5fd69040c41a8bf184c88683cb7a87448b8965e00b39a42ac582afc073
201,4.105408668518066,0.47407954931259155,00f7834c8a63dccfedcb01bc9b08c61abd518cf82bb7bbfae0f430b9d5a508b9
202,4.061526298522949,0.4821229577064514,8588dc4381ba1a70211ead246cc9ea184451ca3653e7191d4de30fa45bbd8bd2
203,4.131141662597656,0.5128509402275085,aed4e332cc8c0c02b8b423087f65925f2c61d9154a791db13da4e94cfbecfe0b
204,4.287721633911133,0.4751068949699402,e7300ca4e01139beca0565c51bb9bc3c87616d05dea76267eaa8972c66f1d601
205,4.258606433868408,0.48232799768447876,d273ea0d6bdcd198dfc2cb7ff84d2c6eefee75c22d094633ccc36f248eb9a750
206,4.298008918762207,0.5183448791503906,57a7e92a53b2902f8cb2f6c051b0847cd164d0027cd716617b14f791f039e2a5
207,4.067115783691406,0.5316123962402344,1c4ba85adc806f6baca2fb52775200ccc868c1ebd40212855e8cfd5534e79936
208,4.081907272338867,0.49331173300743103,3ba721caf079e5ef0752ed7cee6999c8abb2bc7b6aa990ddb50dcfa83382ad87
209,4.092472076416016,0.457381010055542,9e244dc83202706ef7de0b081ce4ad8cdd952b4499630dfa331712e723d8dc54
210,4.089898109436035,0.4957899749279022,42a41a59e25ead9a0b304bd4b07320043c976a6d5b3ab609cba3dca893b6d9a3
211,4.077166557312012,0.5423717498779297,0850c1a18d1afb93802bffeb276f33b12d9e4c00d0fc1a35d892f5109b539adc
212,4.159071922302246,0.5127888321876526,a733aba205349570a26e9537cafa0589680cac55e839bff526b62bbcd4fb6b09
213,4.136512279510498,0.5009473562240601,754aa4326568b053d0ebc4058a0fe18ce835d0c6f6429afb1edfc777d1fae411
214,4.109084129333496,0.5189450979232788,b6e7b22cf0678913c7412bea07a566754a388bfe5cef92015c84ada9d7466b12
215,4.091595649719238,0.453662633895874,e8df0939c908ac8847aa705709dc87b84ecb58b817f2b036c1fa25e27e6c515c
216,4.143055438995361,0.510995090007782,bf8fd1b38d5287659d1b8a3c62958f16300c5c4f679f245e5fe36517b06a25af
217,4.091159820556641,0.6154220104217529,31d4150d44873abc74b694f324c59e03d88a97ed21df6f7a29a9bb6151143347
218,4.132242202758789,0.5346731543540955,44c31fc59d6930ca7b9bea8c1075c748dc2f4cf3f93e682d111cb1158a4f903c
219,4.056219577789307,0.4825149178504944,cf97698f004a0c3b4c73ad7b8b78b9c41a8570e332f8076c0a083b61057577a5
220,4.10963249206543,0.5071128606796265,f5c5569150f62f882941fa20599b12acb7f9b5e07c748b226cd0e8cd865bd59f
221,4.089803218841553,0.430995911359787,98e19ea534769a3047272847be91156d3231c87153a0f3a433c83eb00d903739
222,4.217144966125488,0.48262959718704224,7bc4dfd933d4ae5f6e55d70cee6025d3ab68e35b35513730a51f3217d292cb2c
223,4.1505560874938965,0.44025543332099915,4b09d99cabebcf356c25150153d0f9a35a21881ea3ecadb29a51f5ded9a2ccd4
224,4.1833391189575195,0.4789280891418457,8dcb014797d27b8c74088d57c00b23299e726835330486d6d75bdb93cd7971eb
225,4.154908180236816,0.4993850886821747,da8c8721d3bbfabd9113fd40f502eca42095822ec0fdb11f8577ab335d3ba61b
226,4.037808895111084,0.5181121230125427,4a75e0f9d23a0cc5cacbb0541660ad30b56f3f62cff431292b7c62f35ef0e764
227,4.127549171447754,0.5664390921592712,c7a4ae3f7d30450c40bef99220ccc459c1b43978a6dc220b719eecb0f27b4ed3
228,4.0192670822143555,0.4825945198535919,4b7af1e50c7a821a583b0694a2c2f70650ed5da22443ca6bd1198d730dfca2d9
229,4.031702041625977,0.5192382335662842,315cc678174067373fd5dab3d2faf2452a54cd435d27e26cafb335a0ac55cb52
230,4.061573505401611,0.5844119191169739,883cc883d3f3e8b081f893e5dc11d0ea0890afc740920f7806eae8930246269a
231,4.0503129959106445,0.5169661045074463,ddb706439760d517d9c0c828b499ea7f09244ce7af77e2c710329f7cba7a3ef8
232,4.095453262329102,0.514249861240387,f7ba2caef1cbf94d98c2f3920fee3135737757a060cbb8e690d01c1d7fd2b660
233,4.085587501525879,0.5876352190971375,b946f3b7f51d1b017340cdd5a1d34e64747b028e6ad9573dc94328cba4ccda71
234,4.059858798980713,0.5177295207977295,422b109b9715ffc60d782649516b35e36fc82003d3f74ec7c2b4c814fc70def8
235,4.017601490020752,0.4669579863548279,3b645240fdba9cd246711a2d3bff30c4c587bcabb714758546c93123d3082787
236,4.072394847869873,0.4862077534198761,89c30f1760fbff894696a8f66bb43801ff67eba81fbe1f5302d1c2b507076b7e
237,4.1118364334106445,0.5095058679580688,7459f7df8dbb3d584a4347ee4cba17d38d1240a4cef5e33b198544df2bc20d22
238,4.129020690917969,0.4915117621421814,2300d84e602f92d0a59aa94df3bd7e63070926929222c04756fd1f9bc1770e11
239,4.063036918640137,0.5614281892776489,3e8dad858705bae4c847104019f3ca86ab89150913bdf2240850dee710947302
240,4.082304954528809,0.6851500868797302,f03500b8290302132adb0e64b2bf15705595654c1ec0ee7f54dec6334abfb9f9
241,4.103459358215332,0.48679855465888977,a54dfad573eac8cbe39e76d7e50991961c6417de6cded130fc391b79988ceb5b
242,4.030979156494141,0.5399063229560852,49be97e290ef5ac4e07a29214496fe8c14f9e383184b5001993bc0f0d9f9033e
243,4.025943756103516,0.4933052957057953,d366d9f0bce570a9ca86ba67b3153a08b699b0b6ccb43e0ccb49546ba55c0ef7
244,4.104391098022461,0.5626200437545776,857a81e70c4c0da52fa4d546410bef5513d787c96bdd5caf7dc4867dc95f3701
245,3.9974682331085205,0.5404195785522461,3aa9cb0073a6c0521fc8cd73c96d4ce5a03fb189fa5f4b0f8c171c3111b29a8e
246,4.196928024291992,0.5154148936271667,264da1912180389a886344b1c7980ed69d0a43b3c73583726049dc3056ab7cee
247,4.020627021789551,0.5060370564460754,8cf40c1cdbe04574030f82c1a656625ca0b0399c97df4e1f533b9a0de163ad9d
248,4.037797927856445,0.5709253549575806,122a33830b0f8d477d77f3aa8dd1ec5b64bdb9fa198c56c81e4ea54f49a17b06
249,4.022343635559082,0.48451855778694153,48da61cbff85495a4e7578a902d9d798416fb3c95b04cb9d07a4c37d376c0407
250,4.048720836639404,0.512708306312561,c01bcee364cf43b50c97a36b47b04790f90ca47e63a1f1dcf6cb28e5ecff3da7
251,3.972341537475586,0.44982632994651794,360d46d1a0037c8fd3ffb9aeeb14edb8611cbca6257f90d28f86690637b0e7e5
252,3.987687587738037,0.629119873046875,b9a10fca57675039154241345831afb982bdc6b0bc2f71ed1cd83ee4ca61b742
253,4.054648399353027,0.5247635841369629,51beb7aa5de28f6b02d94fdca0606eca11339fcd49e703b529823cad33e0a12b
254,4.071849346160889,0.5196636915206909,d5ad58ac7c70611a3fa3147ef09ad3e43ddd22ed8086049a40a2d650f0c9e8cf
255,4.065948486328125,0.4912635385990143,667cba45d8181527a4ae1fa33de28597f304b92001c6424e67ba446c67f38e41
256,4.170425891876221,0.5123835206031799,5492c82aeaa01c4ef71eaf7a95a48b11103a1c62b15f4a24f8ab54477808fcfd
257,4.061211109161377,0.5703876614570618,574dda442606e1510149fe87fe358df2fe53471d483b2a1b2b96a5c0b6860a0d
258,4.044763565063477,0.5243802666664124,7ee88bdba90496b78d66acfb17ce37245b3f12c69b8984979728fdfce6271430
259,3.9464149475097656,0.6176298260688782,63b44cc34156a6acb77b063d2f3c933b1ebb7bbb604a68b602155030a187176e
260,4.055697441101074,0.4955499768257141,242c71d06f336576ee94a104374ebbdb0702773656a8bba78fc3e032964faf26
261,4.061432838439941,0.4645995497703552,3761e7943367487ca5818e959c8c2226eeba8263862c6b4282c994c4084ca494
262,4.00624942779541,0.47743257880210876,495bdb993b57a2f746fd74b6dc71901a94ac729e479165e89537e1fe13a2a519
263,4.035018444061279,0.5634678602218628,ef67bf6e76a38ad73e27c0ae6c87461b367c1e6e1aae455dda4511173c6bfc8d
264,4.02948522567749,0.4552716314792633,008d80c9591d88c99809a64c3edc8f7556bf90fda42e19a816ac88c5e9ff4dae
265,4.017731189727783,0.5334275364875793,9a568789f0f1fc9e438c634bf7c398c6a912df86f70f3c15fb6d1af768433085
266,4.115015983581543,0.5707663297653198,395905afebd27b6e82056fd2ed66fb64f5cedb9ff66a42ac8ad2ce6a3eb21e73
267,4.031667232513428,0.5856493711471558,bfd20500c7977f6c12a76339c17dd3b18e79ea494ebd567c8ea043c0cf86748d
268,4.028393745422363,0.5008097290992737,8082c070d26d7dd43335633864ec2d123e9b0a234fd035eccdd62385109fb5ef
269,4.013576984405518,0.5234590172767639,f3339f97d68b9707c4854cf0631956eaf5db448f1580fa214c25456d0ee7eb20
270,4.106725692749023,0.48726269602775574,c6cecffc6bd41e17945b67bdc99b77b5c4d30405b9e4c4d583b0a621939f3e1f
271,4.063284873962402,0.6001743674278259,7eea4746e193d77a9108f46d71fe6f4e94dc2d5a776eb05219fcba20b8114bbb
272,3.987624168395996,0.5446406602859497,9560fc71bc71f2c3a4118fddbfc31bf3cc7734f91db2c24ea21d7263fb8f65d3
273,4.062804698944092,0.4755247235298157,9cb3c5e8d44ab3221dda3e5f785a6c7f9fc30f453fc4d67d5011a74810c653a9
274,4.038134574890137,0.5087603330612183,34257addcadce86b23d885503488d49ffe3716445fe44838a468a10e23018092
275,4.025331974029541,0.5535390377044678,8b0fbe32dafbccb6a73f29c9743a076431bbcba40a19b7daab5ab84548a5e6cc
276,3.968616485595703,0.46395450830459595,76cdd694f299e0846ca752aa1e4977a56bbf11ff297d5712936baa58e0cdfb2d
277,3.959005355834961,0.5771272778511047,63d0c72abe7620f2ee40752476e29a7868be41606acb7e02021eb2d033ef3ac3
278,4.078836441040039,0.5065043568611145,799549b2446459e08439156daa5f9f0cb056343678bd473397c68bf446df4286
279,4.034533500671387,0.47941407561302185,03022620eaabac2d09609587fed8379143f31722e0bb3403c0a49c4f01918ac2
280,3.8955512046813965,0.5744820833206177,5d1f30e21d38c5975e69a1f57377eddefc2c8e461289117d2246fa34e251f8a8
281,3.9691851139068604,0.5813865661621094,35004ec43e62c038fb22e7cb5ebcaba4e76a540c39a4cd69b65b1c44ca39b3a2
282,4.087337970733643,0.520348072052002,1c20c77b58b2a1ff1640ab8e35f8347c4260e87bc0cf3c4220452249a80b826c
283,4.021846294403076,0.4856374263763428,bc49558b9872e134a7d8ec946e0da4217338a6e5a6bef05f1982a52806f7fbb3
284,3.9945156574249268,0.5056455731391907,905d591ee0726c711ca8205424a843a8998671c80a04a0ed9fa73af3ab405a6b
285,3.924104690551758,0.6181958317756653,ab12dc55f5320691fa4da463f9bcf262f9db0b940f0393fb5fc2314da29ea02c
286,4.040668487548828,0.4510824680328369,e317c20dec551392179f2654f15890fee2144f1dbb4cf24670c4205bce3784e4
287,4.046473503112793,0.5936285853385925,3acbbbece55111f0baf28caa6432d99743cd332752b4f484fcf39283b8bb891b
288,4.0010600090026855,0.6239096522331238,07795236af92de127cf3c582a5d0edbef21f51304a69764b57d28be95ae1c1de
289,4.041713237762451,0.5149737596511841,19c10b8e4c9cd87ba8944c4e24454a1b3b591d89d7eb8298ddde930638eeea31
290,3.9627432823181152,0.6577409505844116,9237b0bbbe10a8b316b46cdf5ebdc0ef03a979635ca921cf66c807f86c229c6b
291,4.01854133605957,0.4881477653980255,a9e389ea1c1bd1a04cc9a155f1fc1e9e0c4977899fe1e49ffcc5ce84b3d4e4cc
292,3.9127140045166016,0.639277994632721,50b66fc629f5eb33a360a0a967e6e6c1325d3bfa666328d5c30c0f5c6ff99515
293,3.974205255508423,0.5083831548690796,d7bfd66e529dbbfdecbb09d464b8beca5203bd9a42588df759fef6eec07f23df
294,3.915550470352173,0.5564054846763611,1a2d8e9e5de420a1356a5c60553bb87a5b2d19123d619e9cc24cb6191b4f0b3e
295,3.977656841278076,0.5931046009063721,a92f8a65dfec498b3af4ee83cb8779329394621a1667173c6ce844f170e73f93
296,3.9352641105651855,0.4529992341995239,f1ed945a762045969a5b3b89f10d50d30d7d9576bed76b803b3ba8384006a75a
297,3.9816932678222656,0.5539913177490234,b3b6ff81e64ee324e690aa88365680919c5957f75f8c49c58dcd40bafa7ea5c5
298,3.995119571685791,0.5096685290336609,145853168413ac9cfeb614034f2a43ce3215206e46f69ad6204deeb513364c9f
299,3.9530956745147705,0.634211003780365,4a82a3c5359c3ff1fedd0361209abf898c81aedf74fe28fec756da8de7e98751
300,3.9628689289093018,0.4827699363231659,0f4e09195bea793770528e18ae4462eae582bb937ebbd6feca987c9e149e1476
301,4.0024614334106445,0.47372549772262573,dbb228c7524a72217a4c656e64a9b54df4421a0122175706db2dda20a504b256
302,3.990663766860962,0.5426529049873352,26e82622ffcff7f89579c173c4820df4152784e2a2625920c53420169b941c9b
303,3.9557554721832275,0.5048784017562866,5f825a2450bf5d104413594df0637a2532644bac04eb495f2d0487db4af2ff89
304,3.8527116775512695,0.6759626269340515,25d5109b44cfc4edfb79aa5e36ad5af0897d7873a5b8c6da26ba3e937756b62c
305,3.9986679553985596,0.5751616358757019,7974c6c03885ec829f97e5843c3052e1d5397e13de017604d82d487ed5664a7c
306,4.0502119064331055,0.568780779838562,283b7835a3e6281330a1a22f2b41b8aaa635607419b31042289b6a781e095375
307,3.8720037937164307,0.5616248846054077,e701bd55477db405b71bb181c8b0d4e727cf3c128174c8662d80293da259e205
308,3.9884955883026123,0.5705214142799377,5c3f43e35aef4c10d7c69019b4c1b0b9ec8ef0ac131d68e38d4b51ec1bac9abc
309,3.903374671936035,0.5614621043205261,6e6a05cfe1c0d103f81f567467342d2ef3cf42d8d20d1bf0ae7a0eab15b8b5a1
310,3.91489577293396,0.5073850750923157,f90a14dd7dcc69dacd95d325265750afa2ab4da99bc08caf555531005789826a
311,3.9312102794647217,0.5477856397628784,748bf5352ce2756727269fc377b7481af6bf6eb7e9a6e5427484aa715545b265
312,3.892517566680908,0.5946448445320129,e18f478055a3ceb3f1640174cfbf5346f0307298e7af0c7a1847c96bb4a58f85
313,3.9632492065429688,0.5271510481834412,859bbea1e6bddc90124c4e9d323ccf47c27888b6ef1b170d837bf1f6617eb454
314,4.0941057205200195,0.49691659212112427,e4cf1683a63bac2fb08e3525841e65ff1646d74a577f543bf074d9b169a6a451
315,4.015600204467773,0.5419973134994507,36b6e2651ee8d046b51a04e4e164ca36dbbb2397c63bfa025ed543a641988d8e
316,3.9053874015808105,0.6892854571342468,3a85b0e3b99f9cc7c0c9bb6b7ab4298c39723765ebbfa38eb7ddf415558d5fc2
317,3.960387706756592,0.5384274125099182,1192081e2cc94fe796936fad4ea8a176ccdead373e33d5ac5d43bbc04fbdc744
318,3.936911106109619,0.5811024904251099,cf7ba1b17a02f05372f86f65e87cf8ea978e45e60b612f4801783d1d225c54b7
319,3.883600950241089,0.6148781180381775,a7bf0318d65e83f1c39948168592bc98b634e8f6dccd3af822ddfbe14db383ab
320,3.9557595252990723,0.5638399124145508,d3c5fc72a17d77c8f384be6c89a36c285ced434d5bbc4e1ac5db4ecea3ef6163
321,3.9565911293029785,0.5779930353164673,3f00685629bf36f88fc5517d11be805d973a168026e48188287cedbbcf97bc9a
322,3.923999309539795,0.6259337067604065,2f0ac4783762e44032f11386c73caf56a4f23f57fb7823050ea6b6d6157a9532
323,3.9011049270629883,0.6051738858222961,8e76b417cd1b586e997686a60d140b810e808eb94655a384de589d688e46a635
324,4.030896186828613,0.6157245635986328,867d5cc95913b36dbcabfddd7a586d8e0f8a7e3bb4daf2cdb760d60af7d26a4d
325,3.7913403511047363,0.6918747425079346,9b9e50ef86bd3ca2371134b616b53fcd1ab5f9398799712a5fa891ff2b805e52
326,3.963127613067627,0.6005839705467224,0344f40e384f8008d4eac616add1baae22c56dfe1c7e783194a37d546f9bf296
327,3.8728299140930176,0.67778480052948,f06f5674d7459df48218f16ec9ae1ad677e6b86ef3dea273fa533bbd7fec78a1
328,3.9516918659210205,0.4617742896080017,b62c0d99a0c7107393181b74ea72d8debf1ea3435644f4afd88e39e72a8476dd
329,4.016373634338379,0.5503763556480408,87555e3805a6a29847c7b2161d8c469a921aa8d4ee0889527f599fe6d3d54526
330,3.8289434909820557,0.5094900727272034,fd759457a5ac6b3a93b3323e0830b6d3ae99de601fa25283a25bd784fdd51654
331,3.7602851390838623,0.53606778383255,96737c891e2677b7a587e26e3b3dcfb0c21f855ade61df6445b82360b20d358a
332,3.933994770050049,0.6141055226325989,17150ec19c81f0702c869daf9c9bb77e51a9fe24d9dedefa0a083b2aa6439785
333,3.9136152267456055,0.5495397448539734,602a54040a765e80b6499b9e77eca63985d88a3a9f48e4cd117051f93e2a23bf
334,3.9234490394592285,0.675974428653717,50af9a63492341ace8363f3f6597333c0da3155b851528b6f6317388ceac41b7
335,3.907200813293457,0.534991443157196,d7f8333285d6a74b7e3a0a2b4fcd4125af2153088b7f7291ab04571f0a80c844
336,3.8718416690826416,0.5230051279067993,9abc57245d90e2954f16c53ad239acfd4a78e4dfba1637b98fe5ab1b68d9d462
337,3.9328598976135254,0.6041499972343445,baf2f24be126aefa8c4b7f8266b81eab63ad7dbfdbbf9272436accc843096921
338,4.030282020568848,0.637170672416687,ebc273f54d21ab7dbd3186aafca0e87064431dc9133abef54a73f725bc29771b
339,3.9337732791900635,0.6692119836807251,0b2c85ba565d18d0955afdb3a94e517722973e7de6b91f07e3b537a3e0f84720
340,3.848571300506592,0.5928935408592224,0eb17028e3ff076762d325b143863b4b7afb884cc97025bd6ecf3787afcb192e
341,3.9278078079223633,0.627356231212616,4e979c8cfe0138546996115d3d584e1d3999e0fd6281c5702e2cb27e745c8102
342,3.9096944332122803,0.6257702708244324,0687e991e1c21f1c0c67313d3321b5e02f83d7dc12e327acd3e92b21e15a8a55
343,3.9168412685394287,0.5934574007987976,42172c58dc1f54127bfc13b2ba3a87cffdd00eca0f36b903a64df418d17e12aa
344,3.8705806732177734,0.590279757976532,227e6fd7cbadb6fb17ab45b31c3e60d53afebc2130ce938f23cff584f4014966
345,3.899940013885498,0.531343936920166,4689b50c4c695c3124a4c755def3588876c358f51b2d0042377a8f6d19b914ed
346,3.9449048042297363,0.6036227941513062,17e570f5f64b00c2e1f8d0677ec7b58b31f07220bb99fd90fa31f3c9e7a0266c
347,3.8634002208709717,0.5428489446640015,4d7721808794435b78a8e68aed26c5278b200f909aaf25bdf8e1d9cb6dc57d32
348,3.9942193031311035,0.5684304237365723,894c915effd97ba925b93bc6f7fe1aca8d2977554a571ef894e161c3de1d8f0b
349,3.84452223777771,0.5179977416992188,2905b26e0bb2f532c5b3d1b35d1c89c981818db64ccfec2c09934affc6fc57b7
350,3.9319097995758057,0.6194978356361389,bdfa4f3c2b6df07d0a726e88aa9d1135a0a497c78ab9f3dbb61ca554765f5844
351,4.018991470336914,0.6351616382598877,e8859ecfcad4a097e464cb49317ffb1165f21b6cd4c10eb1b420231ddcbef9c1
352,3.887967109680176,0.5709633231163025,12cf992e75bc0be99c73ee7f009f5998e805bbc8f339f76a5c45e3a8792d2de4
353,3.9153189659118652,0.632638156414032,dda124176f689606b96a1b1cbaf2c0b2c0163a5555a5c2f0c2e40421124f329f
354,3.905043601989746,0.5651317238807678,5de4e2f3f9ea829b7dfa92544f4f25e5cf5e1f2ce98673a8fd447be1a19e7959
355,3.8957667350769043,0.4957382082939148,d47c616d9f8178c2754e3f35a455e4ba7309b96e3b6441a580036fd139cda4c2
356,3.760131359100342,0.6300677061080933,c17c673f318acb0e078f99e7b779fb0043e62c3730359cd93d0b40015fee419e
357,3.819383144378662,0.5166812539100647,526dc94b614764161e12f0a854192cc9bdd78d91dd309767dfd273e0400617cf
358,3.7969369888305664,0.5927530527114868,21a57c634c603194deafbf6563caa32363d4e27f8dff0018db41d6d3f7ebee5b
359,3.769774913787842,0.5440672636032104,62f44a06ec9d1717d7bfcd298e1ea1b5ea0764bad2112a09f888d9969b339711
360,3.905911445617676,0.6307480931282043,522bd1841094b8cb1f11da9ea53ab2c039bf9c1764a617d2068e7610664d1787
361,3.8227744102478027,0.4783523678779602,05cb23655225a52ec1a78aaf4a48c998a800e5b77195ddce52015ffd6c549299
362,3.937811851501465,0.6251498460769653,84addf1d687dffa4b115170383ff946ee515b105127838c7aa326d63967a94a7
363,3.7725181579589844,0.5973448157310486,02b0d91934d1052053c4af7e792b0ef5af7ffe360ca7deb1c7dd30879ab58166
364,3.8230576515197754,0.6293231248855591,e39971db0e2f4d92101516966a7c033cafa39b2da9262e812cb64684fdb387a8
365,3.8820009231567383,0.5259403586387634,9623b407e252184cda1672a229dcfff8a62bab66f9c9bfe507f8437846756a5b
366,3.763563632965088,0.5493858456611633,82bacbedbb3a544abd356adda9f357a8ff0f67f9a809021c53cf791fb773d9b5
367,3.860795021057129,0.5030801892280579,9bb3c20a9a43c79cc3d7bf81f6fb71e397602e799138fc5de0765654b255c77e
368,3.8530712127685547,0.505862832069397,d73b151e4baa7b415b758f146ea72cfb93227e9629162f79f21b5cded4f68fca
369,3.807147979736328,0.5378425717353821,5f6f3583040a1e68dd8f277d1217900a267594c3b994cf2c52fb0d06233d34e9
370,3.7721853256225586,0.5028688907623291,b821e1840c55fa26fbce0f85205ed794f752b2ad5631185f7b697b7eeb068148
371,3.885988235473633,0.5297466516494751,ec9f66a8f45d9dda978b3eb92853e9efe95ab507dd3fbcc562fb15f7c7dd0296
372,3.7802791595458984,0.5651586651802063,16c71ece7c6c23f249c009c4379ea5ba6e7f9ab516f70caf69478ce8c8dc88f8
373,3.9213476181030273,0.5495792031288147,1c52fd5a5958e242aa12387cc26a62fc251b9471065e59ab2ad9cdc73cd68860
374,3.8879497051239014,0.5756760239601135,07d386b45ebae441f7c861acbb326100792480042bc47c352a9b9ddbb862330d
375,3.8059253692626953,0.5348820686340332,a94ffc20281251de44e7eee1a3d2249f1079fbde8185cba0c0ce01e26e729172
376,3.8388864994049072,0.5579705238342285,1f2367b31a84ee3dbbdb00fcabb8503671054639418b3f01d5d37e1e1c318f39
377,3.723912000656128,0.6053605675697327,125cf5ea4ff195ba0cedfe85abea6988f7097af9728f37272d34e7e5472b840d
378,3.825321912765503,0.6167041659355164,1847ac655586aa70784b6f866c06df32d9068287e1014673bd11e857b7071625
379,3.840062379837036,0.5086785554885864,f3489001c51085c6655669156adaf0ec734f3cf8e6f3b35a9c159c45d097115d
380,3.754072904586792,0.645354688167572,fe89edd5a7d8de63e01ef97b1e47b8598d8249d9d31ea284376f0de7bb92d472
381,3.7607626914978027,0.6069409251213074,c13e621132b6a9904a00d508f9478c3481a8bf3979b69f1debb28ee231f3c112
382,3.8478968143463135,0.6276518106460571,1034ab2527767efa52d4dd6521e6c9ddf590942556475375547ca325a63ed054
383,3.9524621963500977,0.5188682079315186,79dfb23123da616200d38bad0c59346e3416eb53962be87ef2116ec9e4ca22a6
384,3.8030104637145996,0.6114927530288696,f43f1063a3eccf6429fd5a86b4f2619678350c00eee06e60fa6e15645d15c43e
385,3.7022998332977295,0.588292121887207,c0a47f27994a4bbee264a3abda9cd81d6da79df1628c6ad1b895901947875d93
386,3.8330399990081787,0.5735864639282227,128f085a3e70acc8e6b42d90458ae2c8d15908a985a013fcc7e4b4dd4d0c96c8
387,3.8248744010925293,0.5408728718757629,b50bb17646c397775b39570e5da99225c2d1ebe30374dd13edc4e438d4703733
388,3.7413761615753174,0.5863866209983826,56cee5c476647ff7a156d7fbd2f15ac8cfac66d9e460ae20ddee63fdc757ed83
389,3.7033209800720215,0.5778811573982239,51d2186deea1e462262332db58d93b3e60f61c88140ef997911f0f6f8e0981dc
390,3.8079423904418945,0.6185171604156494,94ce635f98db34bb0b2e44389e05ae2fe248b2390b222c6639aedff0d1bae1b9
391,3.795686960220337,0.5868552327156067,a934d5fb42a9689b45f3af49204a9f6893bff3786432c816676d255265e31b43
392,3.753377914428711,0.582984209060669,1d25229854da088e268785be77be00dd85c44a4588b2f365354452cf2e53584d
393,3.8070483207702637,0.538551926612854,d868b2bb9fbc5408beead08820f07bb9e4e1c9c3a15f1d3fc329fafe3e5fd73d
394,3.7829668521881104,0.6403313279151917,9f6d5366ef3686879782a6494dc691253cbfa1bb770121edee7e25397295c010
395,3.831645965576172,0.5256876945495605,aa9aaa152a87012b99c2aa38e84df8b402603b6d6d3a0fcb306c2b8f69868b91
396,3.822835922241211,0.5979313850402832,f63c9572c9570df5982837e7f8a313cb8a61aeb07e8f130d70161dd15571d6f6
397,3.837682008743286,0.589773416519165,217e675fc90e1d171d4b9aa2b01070d3d884cf24874300644c78be64351aa2b0
398,3.788487672805786,0.5332101583480835,d1943a1481e9e9fd5584033a91a56d248057499b66c756357413908743194dad
399,3.7870514392852783,0.5940456986427307,899c4fb06fcba8b88070ffc7ca918f698b6f8f22612f892679953ca42916967d
400,3.8230035305023193,0.5796163082122803,74e4b8afb40825c0a3a65892f7a53fcdaa7b641a29b0080a17fa37f3aa587417
401,3.7514591217041016,0.616200864315033,27d075eccb712159fcca7269b36bafc4c29b53a57d3392eacdebfcfedf03c5eb
402,3.7773756980895996,0.6500142216682434,d165575c952a9a87721f4e552901ec3da14428cd366153be27d2e62a75e9abcd
403,3.696564197540283,0.6871700882911682,d72a3ea3e7df91629740b54c539586fe0dd9dd434e58fcc2230941f8bdadc3e3
404,3.8116135597229004,0.5756489038467407,d2732f59a717893fad3c27726aa6fbb6f51fa44b3cc36f6f5a84e7f1fed2a156
405,3.7003567218780518,0.645683228969574,cc3c8965a74ebfc13097cf0bdff0978b1d7808e7101e208381502b6fb993a4da
406,3.7680294513702393,0.6022380590438843,1a7cd2b956f5f35fc5504c0d7761fc3f9ff65611d54d642ed1bc4c07b0af8cc9
407,3.680330753326416,0.6527248620986938,689b6d010d8ca60620bd5b991975dac14f712dec753f165958e273daccb01695
408,3.8492367267608643,0.6645998358726501,bbb9824aaa28238894198bef04ea670debea2f3d100c8105ca72ee28499a70cc
409,3.6745572090148926,0.6590545773506165,12ac01f0a398135647a5fb53602277182894053c57c403142fa511a99337319b
410,3.85452938079834,0.664075493812561,7f3aa1e388253204a6736fac6a55e4aeeaa767480e0b615b9b74e2a3e341d0fd
411,3.78240704536438,0.6090503931045532,cb03e54111eff57496b8675cbb9d7e23918533197db9c8f151968800f27087e3
412,3.911022901535034,0.6720723509788513,2415760fa7012567231d9cc9f438b39a93086a0bcd1192cb473f9293d4ec435a
413,3.8328497409820557,0.5922026038169861,64ea77558126a9aa233e719957a702bb9ce924f104b07f5b81c1788c465fa2d8
414,3.677267074584961,0.5630313158035278,480a49e80b97cd2d6a3d1a097e372962021427458b77e65dc761bffe705131bd
415,3.6767444610595703,0.5651343464851379,bf41bbdbd612ee6ed789cd5fc52fa02a2a1c226dbed95006e6416851d969c95f
416,3.783529758453369,0.6610954403877258,13511210497cef3559dd4d04f0d5dd23b2cd44eef91908aece82db931d3b7cec
417,3.7711360454559326,0.5437642335891724,831c90f9615ee7a13a0cc44318d6055ef71195f8a9a195384d5c63ff79b58ba1
418,3.755385398864746,0.6111806631088257,f4cadc8ec9e97ca25679684ca3356c30e5a786ef36a50a47b5174dcc912b91a4
419,3.720762252807617,0.48050087690353394,49018abd4f0a7d47befcffb04583ae8ce69a5879750cf28ae3e526574fd677dc
420,3.8410208225250244,0.5796062350273132,8769bafc01e0b81f6d242b0a5da1de0fd0d271f421f77b2bc81609eaef49b50a
421,3.74166202545166,0.5793119668960571,e204f6ec86b8184569f0f022be2feb81a3608670dbc223750aafa06a2594dc28
422,3.599933624267578,0.5136715769767761,585eb677ae1e95bb84f25bb9d1a26eb5837f398781a186c7cbbadaea89f71195
423,3.7863383293151855,0.5301011800765991,1d1ec4ccf5210cd01b6db7b724afc7b4fd114d33c6e6addc784f2d6a09719dfc
424,3.81018328666687,0.5525025725364685,7c17ec6164f36ddc99e5e5f61103acbf3c7fb4ffcb37707d3cc73a38230077f9
425,3.745014190673828,0.6169272065162659,4ffccc2aee7fcd362f5fb3558f894780995e79ffbbd0d23d02bc5dbe7d7f397f
426,3.6623778343200684,0.528473436832428,baf83fea0fb246d9adbf4a3032bd6017d2f176368c67df05f4ecbae1c24282ed
427,3.6752638816833496,0.620330810546875,9bc6bdf5d79124daab776adeccb7ef26cae37d297693c07d87cc2c1f750ccd70
428,3.7681825160980225,0.5441756248474121,9396abfad47f4bf4ca9aa18cbc0b7dac1138eb1e938aaf3e5104e66fbc2c111f
429,3.9122424125671387,0.6341161727905273,b51b7c7748f76a2357a95ebf908b45d763fa4b26732ca9c534c5e1fe7846658c
430,3.84340238571167,0.5877503156661987,0a2177e75555752e878f3848765dcd258acaa2e2aa717d94886dd4a3db0af8c5
431,3.667468309402466,0.6422886252403259,2d9b9b89341585d9a2e0ed4b244174173807c7b5888786a589c50d4cf5cb1b33
432,3.637749433517456,0.6285275220870972,e6193367c07f8836fa3fdcb8fd705cf69880d0de905cb33b81a18bb25b01c740
433,3.664005994796753,0.6101623177528381,38edd648de03312357e02db3bd4be2466518a2555ee84f0b499fa2d84bd3e12e
434,3.808454990386963,0.6743561625480652,76248e32b45af57b8d9ab78318462772996e95c02c96af91bf5278fbd0520428
435,3.6776955127716064,0.7460068464279175,29c528a0027e2060d7076776bb6732f53f8aa0803a19133db9a8ab3ffbe0d95c
436,3.7663540840148926,0.5935416221618652,8552e6aa427c669358baaba7d7cfd1effd4638505dde5f6f094b5ffceb7eb93a
437,3.688002109527588,0.6571198105812073,ede038befd0757a05e8f6c777241ffad5dd3ed3951b82528cf5e5f903c91a577
438,3.715359687805176,0.5554802417755127,0b64bcffaa282be1ed7ea9d59465ad27ef9260b53e33016e691b71ebe4a5d127
439,3.6971540451049805,0.5875789523124695,1940e9989d1df752e9e59ebf5658d3d609428d7b9881c31424ab5f653882330e
440,3.7522006034851074,0.5842316150665283,121bf6a8efe7b2c0770c0a025627aff798e2f3b633bc36bed563514b84e643be
441,3.734297275543213,0.6024282574653625,784ab67cd576972f96748a9b21087625eb076ba52e96a7d123e0c4622f87d2f8
442,3.678236722946167,0.6836021542549133,97dd9380668a75a1d1f84a74d61d3d3c04ca28c5764eb10fced415eb50e8660c
443,3.733311414718628,0.6695366501808167,5084c6d3c5b97b9f0c7bfb8a486ac45d193099e730780d579ca156b2f9ff810a
444,3.785759925842285,0.5677095651626587,86dc08aa531d0a6ac588df1d65ff65226bb810f38d1ab632e81b8b4230f08722
445,3.810933828353882,0.5687803030014038,df293c5f44c4d837c6e05412261247fe529ffd69cedfae11b3cd1d666ea029e5
446,3.734710216522217,0.729001522064209,3bab8817c7b771b4f9a5f4576e126075d02e429bdc2b6e142609883abd697c88
447,3.85162615776062,0.618736207485199,e82bdacf00dfa7e58eb0035120a2257bd5bbfd038848c731c9d611458c013d5b
448,3.697197914123535,0.6116464138031006,3a439e5bc67bd6e0248b3a3f8c3d79d780b781e549f1256f73058e8a7401c189
449,3.7032079696655273,0.5221762657165527,650d2c371ac05c2f88ca179337953806dc4aef645632565b876bc838ee51e67c
450,3.6761255264282227,0.6284875273704529,42311ac37fa4a3f868fa888578fcc5933d08cadf897be74e6ef3cb10012b3901
451,3.7273507118225098,0.5646950006484985,9578d73c3829eab5113867cb1e92af2d5645f33393dd98ee6b267daf085a8a30
452,3.6589303016662598,0.5437967777252197,1cc4cca30f570c5a87b32a3a162cfeffe28552767b43ad8c812e49d59ef697f2
453,3.7541415691375732,0.6151372194290161,7c2d0c51b03b126862543e2d413194983548dc922e760f34b596307b6f8280a0
454,3.6717677116394043,0.5409282445907593,b2704672cb05a955219e3cb3664d4c0c61ff01d40260742437fe71132a6c3ad9
455,3.538764238357544,0.6104351282119751,9d78f2bced8e39a9302e5d7af75c50497808f895d2ec65170f384e7a9ef3e77d
456,3.6584200859069824,0.5344653725624084,5608e1c066dff3d772d415acca9d04286b1fefbf281fa53c2f536d61765229d6
457,3.7284107208251953,0.6632030606269836,d3c813c069e5a0a3d134ab82703432f9caf097021e5fb6a3dfb421cd646a51fa
458,3.6037278175354004,0.6106868982315063,20a3bc8aace53a10dab78f7374c5ae2d2f4b004e8be7970f421c5b16a311702f
459,3.7725934982299805,0.6945586800575256,6282c3dceba4fbd873ffcc272971a8d5323004bfcbf8f73cf16fd3f3723e7dfa
460,3.641972541809082,0.5923256278038025,4b610a3fa52cd7c990dfd96b2fb6bfecc3c4fcab899019c92c394b631708136a
461,3.722444534301758,1.1100064516067505,f7196924e831b68996ce1415f71c53aa14fb6bc7aa2c2edfe7cba85628716371
462,3.6383864879608154,0.6505550146102905,166247a570202b9d064d6fcbd0858a98e8534a4b2bc02c4251c03c10fa4a23ff
463,3.7098448276519775,0.6352347731590271,95cdc72c238c96fb2010ceb762ca01760eba7c620521f88f1d95f95e087d6b55
464,3.670922040939331,0.7122547030448914,659fa9470940b73484ba40808b739f15a91449d53210249fe7e05eae237c3827
465,3.677927255630493,0.6738994121551514,b969c6131e13dceb3fecd1356ecf0db9c2516faf31c4f952b45a351b77e066a9
466,3.723618745803833,0.5825908184051514,7d40e0dc7c723dcd0b90e788b34ce9dd9e68be1ff44cb2d3ffe9e4874cca6c92
467,3.623692035675049,0.7145676612854004,93fba5e6e6982b8d40ffde97c623b530de33bd9390d4e95e0d866f61fca006f5
468,3.702021598815918,0.718284010887146,cdf2365093944badb869aea1d04e4d4d80975bd689e405c1ad53bda35bf09774
469,3.7673115730285645,0.6675333380699158,2a37af2edf809b85522b97c9f390777f56a844c0b5a5667421d8ea17d03a7795
470,3.578254222869873,0.642408549785614,7829d56c3a56a64680b7627f1c8619515e6689d504863a44143c530a26270428
471,3.656890392303467,0.608967661857605,6e3aa0a4c212a1a140cecbc72bd4457e3305196c77e18ecfe62748125f3ffd52
472,3.5964457988739014,0.6012143492698669,81283ea8a1aed752dd81a5a1de93b54dc5f2088d0b203d86b5bc2e5ec3f99ac8
473,3.509239673614502,0.6235129833221436,8b0f7adf62ff3a3255b20653342892ddf2e3ad0d1906ca68dd7adfa7b8ae9147
474,3.520125389099121,0.6572993993759155,30b328c2887fc665a3ad8a75cc29314d06a0648df147fa1ce5a17cd767b02a55
475,3.620307445526123,0.6288725137710571,4707a373c709dae0e85b8d291ae51a8a9ea34c8774553a4d4073b0f055bbb4c3
476,3.6655325889587402,0.747656524181366,53a69e411b830916fd478f8aa5cca515c2446c2b4edf64a6fd1c262011f82e7d
477,3.63661527633667,0.6165143847465515,a42f4a67673c79d16c3a9a16f981bbfd2f695017b6d2a430033dfaa97cbde22c
478,3.7411110401153564,0.7083382606506348,687fe3a0fd03bc589b1d1b08aa6360721de4530ea5d02a1a85ac42cadf6b047c
479,3.692708969116211,0.5750357508659363,97f1b7a825b48213df0a98bcb6b7b026e185229a3b14ad1103fa3c3cb1583329
480,3.643711805343628,0.6044284701347351,1b1248082de940d8dc0dff89366e9d3ebaf658eb7ba2b2460f926fa92cec24ca
481,3.646548271179199,0.6322958469390869,8a35d57b5f0742ac01c572469ea815bdde494509fd0c61eced2556815c1aeb71
482,3.690260410308838,0.6226750016212463,e9389c77a1a1805e4825067c58f5af5b586736e5cb9093d0269e3218bec2f2ff
483,3.8065991401672363,0.5805349349975586,24bdfb7383fe8cb2dcf1548f9c9f6654a93fcbd6a2de7fc2a5c133b9d24b633d
484,3.6417903900146484,0.5980621576309204,58a19054fd7a133587566707970b0b10d72904768a6c4ab25b04eb5e8fac750d
485,3.5972042083740234,0.5171087980270386,456de3e0874c4bf2b3248186d8c46ec8e3fbc2456db91da203819e0098ef4180
486,3.6442413330078125,0.5791759490966797,7f45631c5df92a9bdf048bfb33cb4866f23796b3c63b6d128fcbe833e4a1d6c7
487,3.5968658924102783,0.647960901260376,b1ffe47a4dc1a47d117c17960817276faba6198f98a3a4de610d98f8713e9eba
488,3.600039005279541,0.5620645880699158,00b08f4af28da122f51901bfa90b10826d092e60e0099e34cbcde27731e63af9
489,3.580578327178955,0.6456363797187805,5f93453a63caa82ffe0134f1e9b2479e31ac7b4e0e2f83a6b476dcdd6be7bc7e
490,3.5712695121765137,0.538394570350647,c6177f9c71a289259549eb066b4193f01b907561cbfb6a696ae972a6c1506cac
491,3.6433398723602295,0.6848553419113159,2a472f4005876bf0f0c8f7105b3b99553817a839f4924ef1d9226f294dd01ffb
492,3.6670148372650146,0.574218213558197,4b6d3b914ba073dd2753d7d1831f7280b4d51e478f3eb7ddd41023cee62f562c
493,3.5122101306915283,0.7933486104011536,7b342777a1a4381558a669bcc8189adfdb95032680e9915fdfffcc70596e36be
494,3.804727792739868,0.8465840220451355,f34d166d9775fe011c806e4d159970269dcdcf608e5f1d3dd3fd568c0991ecb1
495,3.5417652130126953,0.6541277766227722,d7152585b95a619535ab55de321a1cd8cfedc761379cea38fd7f70b23876e433
496,3.6305971145629883,0.6241797208786011,429802037340c141062b57b276d4d0e36b57d321130d66ffa3cf44d1b664edaa
497,3.6038742065429688,0.6828400492668152,f8dd90f18c6dad5da00fa8db4150e68271f081d7c63c60965c603debb3338cae
498,3.643977642059326,0.6197658777236938,7db04ee9d02980b034666a65cf715c9076a39a0e5a6386bd33aac4252cd26a49
499,3.6002931594848633,0.6127973198890686,525365c70f94e3fc35a30942924c02e9868b87050e5e2877276c89d5b1927484
500,3.6987557411193848,0.6942719221115112,1799d14788092ef2d5e38292c00de1e03b99270fc043f5774ee9449d27c90be6
501,3.6149368286132812,0.6137869954109192,cbf218cffcd88a45b18ef67980adf7d94abb4e5fdde9b56e5c33d939e75b0e64
502,3.502110004425049,0.5953259468078613,4077e136baa9e75f2ce408a95f88a571d6a1af2907fa4aff82529f0c53cbd728
503,3.6710519790649414,0.5697579383850098,654d87332ea085bc1406ac729596dff74e0d53294456d9b8f008fd96b04c0e4b
504,3.6038267612457275,0.5826813578605652,c8c590c0d95426ead14aa8a49e68fb4c7eb740a22efda619860c0ece97b60028
505,3.448652744293213,0.6221099495887756,fed8caf2051289243cb536f48ca19a5df32f035568993688ae4509fa67d39c11
506,3.58158540725708,0.5545954704284668,d4c9e879134d058af8e44b0a3415d4d1c623b60e4983d8f50cd25c35e178cc35
507,3.7127346992492676,0.6771076321601868,897654b504e67925cc97f254ba2878533cb0e455188821959a1ac7f22ee204b8
508,3.5960099697113037,0.6220335364341736,2e1663e0b4302704c60987dee00f231404f178832b352c2a320f79699f03a38d
509,3.594857931137085,0.6808779835700989,46465256a5f77f805f855064419f65e1bb307f8a9fa1e4702cb4ef770b24bc67
510,3.5844216346740723,0.6270955204963684,67dc8ab863b81fc42238b788d2d57a8e810775d9cc7fec4a959b73f1d0bbe091
511,3.5617918968200684,0.5035578608512878,80ed74abbaa061b357353a0f5c592f8edfdf7278bae0e2185ebeeff82f15e1b5
512,3.6519978046417236,0.6375802159309387,eb1250674687448cb7f164ca5e141b155508d9b8b758b2086e5ab1a8c4e5142b
513,3.5467700958251953,0.5590481758117676,88ccbbf5d513b9cf001dfb0461f037c58f16e9181db300cf3baa7577f2e2f81b
514,3.5913782119750977,0.6854203343391418,9eb8c30f190e31cd2cae8863c425f9cc4d8509b3173f60199055f618dbd71d85
515,3.4879441261291504,0.5744876265525818,9c948f1c2e6dcb321de216daa8fd4e54624804ef40f8bfc705e5af8f74b1824f
516,3.6372268199920654,0.5925539135932922,4f85115f625c299e64c459c2aa3e36114fec51c9cead4c45836bc9fc17f0396a
517,3.5360355377197266,0.6708014607429504,b2057a40fe556fe9bade4a558c2a342213942b7428a9d2add5a0755b4c658017
518,3.568854331970215,0.6469372510910034,10cf14114de2737a566b110f06b94fe69c2f94fa820ac1b2241be765dbd22a03
519,3.6812949180603027,0.6533645391464233,29d3c4d12a3b443d12a885315d203bdec660de22bbafd0175d96b21cec2b2faa
520,3.6240696907043457,0.5693122744560242,f0a670de0e7bfbe5b36518e0bb063beb05adaa27d6c6e59c927a25617edb077b
521,3.475740909576416,0.6862621307373047,aa70787aa900bb3193368cddc974e19801350ab951de2f9946959141000b59d2
522,3.4966542720794678,0.5847269296646118,18614b8d2e73476d7cf0eecb6fe28ebac3273a487bd8b1d450fe8e3eabc40845
523,3.587435245513916,0.7322214245796204,a40d455c1c3fdf3050d63f787105c4f54329bcab8951a4d9ba224047916ce8bf
524,3.613859176635742,0.6003475785255432,4230ea64a0ad9fe91872feaeaee901ed0c5658f5fa6c5bf3d715fc277992dd67
525,3.6597020626068115,0.6862927675247192,dd9f06dffbcaf845a04b43d760222c8c4895e12ada7cbdc577b6b7a9e240b94f
526,3.581674575805664,0.6297937631607056,98f5ed92e514d6ac1223d739912b4fe5e18d105d682e3e50276320c79397c85e
527,3.6833596229553223,0.6305323243141174,4915f84b31e3194d5d3359cf3b3276b9f62889188cbbef9695256f92beb227a6
528,3.5501580238342285,0.6330631375312805,feefb8a5e2135d1f176fb2b8274bc1cc1856bad3ae82f34312f63498a06bbef3
529,3.556277275085449,0.6797694563865662,47121f3a41cc01d42c03fc2f8eec9055b9592f07182ae85fc9c81d0a21a50836
530,3.5382065773010254,0.6587027907371521,78517070248edbf9d1694b98df5fbf34ded1f37ad1c2de5392afec572a236fbb
531,3.4333484172821045,0.644851565361023,ead294d59f8ae1340e50cb1a63c2e7150553ef855af5af7592a3675e666b1694
532,3.468461036682129,0.5908574461936951,d196077aec9f9c6e525696ca86ceafbdf569e44f4acd5d4f9dbc29cfee42b1f7
533,3.6630353927612305,0.6419887542724609,baefe5633b5a7027ebf04dafdfe12814146cc42048973e83b05a92f75bad2f89
534,3.4956741333007812,0.6641396880149841,5eb78edbd91bfb3079f725368b0a0d3b93ae35dab95d634514cbfdc79cdd2b4a
535,3.641089916229248,0.5991812944412231,e1c0e26c141789a38d5eb8ebf7a7b6d54f4b03a1b29d01c7e9c61a2c0d909d24
536,3.6340904235839844,0.6645057201385498,e95759a5b1a7fc41d2e8c146bcf0e5723cb7bd905c29ae299a5df16adbab4fe4
537,3.524354934692383,0.5936052203178406,167ca60a55298ac33cef1fa335cf77438961e05068eaefd60c069d0bbeb6eb7f
538,3.4848461151123047,0.746371328830719,44b782acb9ce13c3e0823d6d7cf775c4d311e2c11b4370c350b212acf5ca2314
539,3.4925527572631836,0.5863064527511597,313a4f8a4063182b87fdcdfd413661b5ec7e6227d07a8086d2c0187e51b9cbb8
540,3.5255768299102783,0.6185232996940613,53c8e07efca66c2843a14d6803f004e6591069fb97c3f1d13393e9fca9b65079
541,3.6423237323760986,0.6976832747459412,850da9587e52c2d4cbe28fc415588ac915e3450a235003bd70fe08ad2b30ab68
542,3.594792366027832,0.6582439541816711,8cbf0c7924d8b4134c2d3bd250edc0b4098e9105ca36bc69a8db154b6e3e0928
543,3.5607142448425293,0.7184386849403381,00e6508cb90ac7d1cbd970daa9a2026755df913bccac7f59df88fc9aa20b84cc
544,3.520488739013672,0.5177892446517944,6b29ad5f7384731a61c2ea93fd69684d3c3aba1d0830aee9f390e3fc3a0880c2
545,3.587799072265625,0.718070924282074,e9839177bd32c7d7b3c3730da426e322662d64ebfcb060cade12256c676c7325
546,3.5619866847991943,0.6796098351478577,2b76da90993ea513874dfaeee5d5e710a4c7a442e6ae5ebcabb8a10335415e56
547,3.62129807472229,0.6112578511238098,154c81078ec1c545fc9135b257165a5180d7d2a56c797da6f1b0969667fb5260
548,3.524143695831299,0.6911323070526123,6030ef2db51018d6543ee0a029ea05ee6db0ade7d6979f74770b959ec6693e3c
549,3.5313668251037598,0.6101750731468201,52ef98f67db0e18ff9b5bb1f3d408f75e8e4420dec510d8b1913f2d8cf7667ad
550,3.5150768756866455,0.6236349940299988,bedf477a7cde88a0c0a6aef701ce4dd957386b9f2ce3b8bf2f960ed4f566f653
551,3.5553393363952637,0.6667260527610779,6a13298fffb2a0179a365d14f5943c64730e0974ecac2af651cfe58cb3772e0f
552,3.4307570457458496,0.6528117656707764,9efa9d4e9aae259309213d14a272cb67affd7277a76cc6bec3d4ffee879f691d
553,3.430271625518799,0.6205415725708008,9d654611528b3a2f756fee99608dfeb14ea9dbbc25bd6d8272f4d1622d3273a0
554,3.5333874225616455,0.6305680871009827,58ac396bbd907bd1eff61bb762ae394ee061e63e0411a78b25cefe60e59c620c
555,3.6639351844787598,0.7870229482650757,b63be589cdc000389f65205ca4a009c613084f61525f3a373e96fb223b682cc1
556,3.492767095565796,0.7523117065429688,ed18d4520ef631d8bbb1322c17875e92ca43be6c8c5e53cc1fc9072e31b95c19
557,3.410008668899536,0.8511000871658325,f55dc6e44d25d5c42c65505240c3b5294b66e3af7e54925da08727fc7c535333
558,3.539942741394043,0.5986036658287048,d41b0bf9d33ef95e484fffebac13bbef3eaac83ff827cbba924c39546e7731fd
559,3.555438756942749,0.7052632570266724,c2640b44ddddbb975bc8d1f66ceb30a38c9ae3add7339a201a2625294de2a38b
560,3.5754666328430176,0.6303514242172241,87f0556f93cd9777cb3e2a7a23093ec99d5b5c098a84978c6324f538af9c044a
561,3.5640010833740234,0.5842378735542297,1bb5d8b7d200f18cc80c7c3cbdd979a3604562d8235f238a7d8e1a9a9de8f694
562,3.446685314178467,0.6082364320755005,e7e273fe715cd9abfbed5e5162d718d7bb0a3485930994e7e44b0f5bd8923fb8
563,3.588833808898926,0.6367963552474976,992575285655c6c03e03958cb3265fc565c0b5adb6b37ec974d789fb488db8a7
564,3.4986517429351807,0.6078611016273499,49e014cf48635e050cf98acaad3ad5476ddc3cc5724f08454dbe6ffb0ccee617
565,3.530496835708618,0.5887203812599182,02d4b749a8ca6c02e4c0fc51c7523189b8291b559c550d7424607ecb2868f50f
566,3.4848594665527344,0.630859375,f164f5d9f2c9bda77d7cfca787dcf63186c9e4b35fac1b441dc5348a9d28d2e6
567,3.5582096576690674,0.5940144062042236,dd4d7bcf8459f8d5c20b69411461e119157ae1e518cf757774988c3e4eb82c52
568,3.5586721897125244,0.6650770902633667,d5f892269f8012a53286b6514e0c7e30a6acfb259c73d0e562b09d1d66565302
569,3.5781970024108887,0.6453410387039185,8b0bc41aec4b6621b5f4f162f345f2689b4ad8f024f01151410444a9f4a18761
570,3.4938714504241943,0.5535074472427368,3b104ec6280210e510ff4fdfc5cd72457ac256e11a5bd3d10500884a46fa1208
571,3.53456974029541,0.5948041677474976,3eab9fb24fc28b4d38d84f8b877ed8d43ff3cb748f59003658a8f67a15db3cc9
572,3.4749088287353516,0.65341717004776,4cf433b43118d8567b1f35ccc98ef79e32d488fe0c6b7f7ec922a3b7a4576df1
573,3.388934373855591,0.6384861469268799,eb4882feaa70e5704a6dea8794580b0a57f8aa599cc0205f9faaf1a31d7df68a
574,3.452545642852783,0.617436408996582,e081e9d40c976a6387013c80f855ce5d22501ce342f3611178b39bb52bb069d1
575,3.5593156814575195,0.601548433303833,52b7bb9987cd094d191162ea723116b65ac34bd306880b3d6640a019aca2fcef
576,3.6127452850341797,0.5759257674217224,fe7b76c64bd9108896188d611ca167c7148ba7e4708fd3cef924d5adf280a4b4
577,3.4971923828125,0.6560356616973877,f1c1bce3cd74c48ba4413455c0a22724b4c54633954f342886267f2be57a5326
578,3.417907238006592,0.6648060083389282,84e48d05fa85b47bce61db366a2ed5a84d378a9a090f74c592813b2000d96b15
579,3.4956936836242676,0.5956091284751892,88b961f7b43b3bdfc13d038cce34ddb564c4b64eb6c2836c7771371107591fbb
580,3.4334893226623535,0.6730015873908997,cf48ce501c7a7324f49766bf51b04a2b25f18346c606292a74895e292ad1fa24
581,3.5000438690185547,0.6577721834182739,5be48e6bbf5c5cbe95d5d06710a88d9e61d2c877c5dccac971b8b1b5b289466f
582,3.4509358406066895,0.7009593844413757,ea64a573749a025ae79f50303f8749b46b401583ccf12e78a0a77df51da14efe
583,3.5991106033325195,0.6814979314804077,df2061c57662420b3585009155786e5e9dd809a64355a3df643dec51ffd146e2
584,3.4997026920318604,0.6476081013679504,0781648dad38a7f8e8f85140de665b22a2df15d3b8bc0394f99515756b2d03d8
585,3.4772562980651855,0.7256734371185303,b10a36d25ae52ac7903e351dcd033a87a7c0f5fbb8f298a99e6e37228b2c0693
586,3.525815486907959,0.7150167226791382,8ad121f77971b9fb9858b92a7fee1e3103d8704e69382dcadf4f729e381b5ebb
587,3.419174909591675,0.6344059705734253,c26472dbf41ce65793ae4de014a3f188e3dfa449834c482cc195000c9f8e67b5
588,3.394124984741211,0.6889931559562683,341db153b2e1aa2b15a4cfb43767b3d220522ff73f1ddd47bbad5f2f5246c754
589,3.4317312240600586,0.5872200131416321,ae894507a823ac33739bc896cfcfd12ad4a2773df1edbd93ccbf555551d3e9cf
590,3.4286317825317383,0.7360953688621521,501be7cf5d464a84e28fe44cd05385add56aab2b9e803147db89608f170258ca
591,3.4159674644470215,0.7037479877471924,af2068ccc3182801bb7a0fdcdaf51e52635ff65da028b9961f7078c52fc78985
592,3.435485363006592,0.604709267616272,882a0d181d63c2270ee632487129172e029587af4749a0785891db5c0432aa22
593,3.4099502563476562,0.6109861135482788,09b9c00bb283546bbd96511c73df68a1f73092afcd9cf6a8edd048a7df016650
594,3.509037971496582,0.6411109566688538,4420ecff7c2e1f83e7ff207c67666d10826b8058c2ce747a176593804abd0be7
595,3.455146312713623,0.5987135767936707,81f3e6ec997f6e7e792986034c9c669212a903a811c78beb185cef242b0071bf
596,3.4520411491394043,0.7041741609573364,89983245e5e16711382729b44cead19910320eb142c534a45100934db00c580b
597,3.429328441619873,0.691744863986969,f78e81304c748a68a9f84a61abf657a852f0145b11fd3c1e9180f619e6ad2d2c
598,3.3514838218688965,0.6127469539642334,07ca730d1d747c78b759dd166fd1b7abaadfdb9ac4ef1755ff16ae2bbcb085d3
599,3.523859739303589,0.6471439599990845,b6c501f96a08aecc43945205a39e83b3dc003e49e785c7ae3bf04c653f470ebe
600,3.435856819152832,0.641322135925293,57c901a30ff7f344d4dc6f98594a430a7f34e8980da3f1175eb943bd033cc056
601,3.474587917327881,0.6471008658409119,d62c1e3b51a9d0d7f69b507be08dafa3b5617384ef6909c2cb7591bf29dc52c0
602,3.5376296043395996,0.6355533599853516,789933c108ed40532c03301eed0f6ea15e03551fbeffdf96997d5aaa3b7bb6f4
603,3.4784817695617676,0.5656261444091797,a0634cd8a6bea4c2dba8d96a505a5553ccbec0e726dc1fae273cddcd9bb82a60
604,3.441944122314453,0.6516510248184204,a219bfbdeac6ee8579a6bae6a8efde92bbeb1a77308e50aa87f17d07ab8623ff
605,3.4033098220825195,0.6109588146209717,d94e72d40ac9b845212a47471590952357504c6a331d0897e4efdfbba9efbdad
606,3.4370312690734863,0.5729665756225586,d02f6013baca2efb33b3fd081b771301b57855c40ab9680ddcc403679155f840
607,3.3508753776550293,0.6450932621955872,7324cfc0309c96fa6e2d7f508b5d2af53bb9329127e273dcc39926dc72e26c4d
608,3.480039119720459,0.5875139236450195,8c9ed450db8714b0cb7d49dcdc44f870cfc0967e13174b2a3885bb88eb56e225
609,3.3642001152038574,0.6166110634803772,5ea79f194b31e8c27af98579753143dffd6a08470c5b21a239fa6a7caf3fdef4
610,3.4042751789093018,0.6305999755859375,e0cc12840425bd5e22cb25fd374ccac915ace62c28097bce25e9e1d6a003549b
611,3.4978463649749756,0.6064262390136719,8c1952887bc181dbac2d97b877b5582efab04478db18fdc2968983dabe5b5ab6
612,3.413686752319336,0.6573879718780518,6d644d51657e0f451ef0f0405f81c934efdcb5de3445a592d3e83a53ff08ab72
613,3.560466766357422,0.6694073677062988,68060ab98d34a4cac06639f7d60a8ec555d301b130cfc864dec150e8386ac4d3
614,3.3448948860168457,0.6399161219596863,dffd10ef7e79f97aa26bea68396395d5be5b0cea479b68934f3c04956d2f5d46
615,3.3498311042785645,0.6959619522094727,be74f9338fb8e8d31b190795e2850057083bb6f939b4dcc0244e45e513e538b7
616,3.3244998455047607,0.6094040274620056,0390e18d409dcd2e94ff8be79731d042d2c9448fbf70ad971aa2ef3a702b5ca9
617,3.3608245849609375,0.7380972504615784,b81fa9ddbeddbc87311e19acd6a512891c98d9991688cef70e386a9aa7186ec8
618,3.4097890853881836,0.6554400324821472,85cd6a1fb4932de20959ea1eb22b031c785b1a95f71548d41cfc703faecc94ea
619,3.334300994873047,0.8454276323318481,fd2cb125c317ded0c6cf59330378de9eddad3ea1adcbb3c6ff6e3b13b5165699
620,3.363406181335449,0.6131584644317627,2de09632d054155f089d1cade1cbdd222d29bd7948f9f90e1ef9892c5c54a470
621,3.524289131164551,0.7440459728240967,c36a05e67d1f800ffdcb7e6adcc5bd6f35e9802bbfa2d9ff9a944d546f10e7c6
622,3.551851987838745,0.6945387721061707,b813318f1a154bede17268bb1a4324337679ccab5343b5f142e8688f5a78c979
623,3.337733268737793,0.7761118412017822,b94ac03eb77b86b7c88ad21bc9a78bb0a9c1f09d8783d32959de37b3462a1d0a
624,3.3987603187561035,0.6624569296836853,b3100139a33a3f01b64cbae9d37d7ea8d5188603a8ed6d139317353ca2a668bf
625,3.555445909500122,0.5967741012573242,6b731a39b98e723283b9fa1777efc1c9d43b5cc25e112f9bd00c7e3ded36dc57
626,3.5289814472198486,0.6635338068008423,0cbc1cf1e2c8dc45ed7d56b35ffc99ebc0a2485d56f053403d49f22fa8393dcd
627,3.4345293045043945,0.6945284008979797,b21c8d72b2212cf657824bd704a3f2dae4b0519986d3bff01ebe2c3b1ca9c9a5
628,3.3615002632141113,0.7017759084701538,361884574c008351a6657018d73097ce8df83605599ed2785b84ece37a53d17c
629,3.349165916442871,0.6761255860328674,4fe2aaf1cbfd0e5e23a012ec3764b62e8d1de7a54bc0181a91d34c953d6092d0
630,3.3248467445373535,0.8089234828948975,e8cf87af3963179fbb4df1ec1bde246ee0455c794501692d45ff2d66eee485bf
631,3.4475181102752686,0.7255911231040955,a79f1e71133345673f5e00c3d497c72eb0d4425325b48db1d1769b00f91ae3bb
632,3.3963358402252197,0.691011905670166,882ec61fb4216c458e0f83ef86db0cb829bb74ddce6d752bdb49dba278b958cf
633,3.4066286087036133,0.7350149154663086,b221f5689f06df6209b8bfe40171a39fdb22c72a7a71cc6174c6e32cc1a401b7
634,3.43356990814209,0.6560248732566833,2e4e1cd9ef04bbd30195eba04fe2ef1d605577b7e180ee3d34ab167ebbf45daf
635,3.529588222503662,0.8467515110969543,989687418727cbced478f802a49587d1841fc27dd59492b74f853c902ba581f7
636,3.372011184692383,0.7304236888885498,d2d71674c05d018b70762bab86c9d16285e4e7fcf4730e41cdff4411f537eeda
637,3.421086311340332,0.7017267942428589,56731e0e45f82291c90089282004e130f488a1a52057ff384062adb228aa3659
638,3.4188666343688965,0.7040435075759888,83b33312760fbaab03774fec444d9f3706fca3dc5f5ce2faaac95b270eea9ffe
639,3.298262596130371,0.8014251589775085,b6f1666bc95133f6c2c9275e606ff285a2db2ae148cfd5a63ddf6a327c9b3185
640,3.3104825019836426,0.7188608050346375,8ec75f7a6da42ee8637d07b598b3eb70bad1184fcb2a0676bd91ecef6cff82f1
641,3.3424301147460938,0.7083889245986938,bc70198158aa2e266539376c424c3c943ee7372166126b75eb51d976259552ed
642,3.3271000385284424,0.6700113415718079,90e96e0da761dcb3795cf60d963fb49b3e8c046aca562e3e79065c5a7de08533
643,3.3417468070983887,0.6943430304527283,8e0ad9c2691e00700e4dd0766d95ca73548ec0f43c76ea0aec9f7fe78eef1030
644,3.356776714324951,0.7846879959106445,c36bfe5579bcd1bef1c263e46a446bd449d875d360eeb95a42c2af7e90cb3300
645,3.368093490600586,0.6590411067008972,6353965f4488f5818d05a64f3e867365c7912fe53ed870bb709b746d677b41d2
646,3.454312801361084,0.8152264356613159,93227e38ce62ee30831e5d2890523eb8bf8b121876cdf5d541b931db32cef4da
647,3.338378667831421,0.6055602431297302,038d7e5eb7ec76d1f1ddc100c758830f94d17c51789463326fd1d4703cc42ef9
648,3.4588277339935303,0.7229284048080444,335ef59791856ebd47bc1bf8cd8cb83f119a457a1e9c348ceef1cff492072886
649,3.376152992248535,0.7551056146621704,98dbd2ff63f2e3dd2f8d024f66c29d636e89ee9568b8840e9519c644ff530d59
650,3.3074095249176025,0.6294639110565186,5eb84a57682f4687434810a0940a9ef9446deace7e538c3a1930be4939394e88
651,3.4908149242401123,0.7133134007453918,a2e5861ca379d42acd73a8105086655cf64bd608ef4fb021371e5d454f41acee
652,3.2900829315185547,0.653104305267334,bdbeeabca5e0cb09f698a8c577f870dfc9f67dab62e37c08626b8e65fe360f23
653,3.3646225929260254,0.6496200561523438,de2e8fb33053cc5477ad6a85cebd8f8d6b00cfeea1238671366ae65bfddf52c5
654,3.4232354164123535,0.6615490913391113,99f4c57b71515f17b04d416bfe69b827557f0f920d921417ea9e400f2aaaa898
655,3.3143579959869385,0.6762843132019043,f8d8e3fc8a61d88cb9e61e8924728ff55055f8e414e75db588e5c89cec9c4872
656,3.3501996994018555,0.6150063276290894,f57a30b3b7d7ea4296e0179c15ee275a6df01f4af35d01785499cbd812e06aad
657,3.440524101257324,0.6481714248657227,72ee7a0cd611bd246f8c33d330e6b612577e6ba6c42b69cf0cf1b3f9a584f5af
658,3.404298782348633,0.6566739082336426,70673322441ddc7dac32d1a9adb02d30d35010355f59d3911a6d046e3f1ab29a
659,3.4725570678710938,0.7442024350166321,7fcede4b20501417a8e3dc65bf54c82fe301e37536493d836cde7d3b441aec7a
660,3.347471237182617,0.6261346936225891,c7f25eb4f5349a830a7745847fb01fb396d8cf9b7061ed318a8d266167317c0c
661,3.3629488945007324,0.7381941080093384,3e6be12ea05bcb55be1fda36e4361557948e59cd74e9429370091c74c916e666
662,3.3752713203430176,0.6460385918617249,fd04fdbccbeed180fb6185565d0e9474a315c683f5f3caeaed7d59788f6043de
663,3.4036202430725098,0.706161618232727,8230d1dace57a2bd9a0afcc39c94d1966bfc5d6b3aaecdd7b5848f824f2da1fc
664,3.352431297302246,0.6991835236549377,c2d05d0e131e6896450dc5cced0f6d06578667a9da11c39b29c8dad05b15e887
665,3.4293694496154785,0.6585676670074463,9b7b8f45bbb5cdd2c047db1ab28e01c39d1de680f3a3165f47535b043727c1eb
666,3.278553009033203,0.6120908856391907,4adc0644560b006766ddc259609ea33f94c76966dd1628ac9e43f7009140f5c9
667,3.3294548988342285,0.7507709860801697,d593b89a5c6929afffe9a0746e7917b43d9ff341c2e42e89204f01a13c14570c
668,3.33880877494812,0.6542538404464722,d802492f9462f495b5f0c99c5508be4205e5d4ccecc3ebceba8d60f676c71fca
669,3.31137752532959,0.6303293704986572,b3a395faee067fd07f7b644b306b84f1a67d23c2fcaaf15279adbd8f19045b56
670,3.2515034675598145,0.6963289380073547,98830630128ab55dcbd098c94c4416ce8de1cab0b8cf984cfe12758c2268ee0d
671,3.4407737255096436,0.7129130959510803,c3e5d925a36a56cb6fb1d4f938374af69165f294587dc0bc412f5648011450a9
672,3.3288917541503906,0.8015769720077515,a2367c797af735670cf18bceeb5a77fdec4fc1cf9f7cdced03884f7fea593671
673,3.313448429107666,0.7376232147216797,977caf34cf95666127f24f14ae9c15c7773f2375e4eb8b42ca2325ecc537f1da
674,3.459813117980957,0.7853611707687378,dd829121aef906f5b67042de3368c6126efc7e3dee2d4dc5099eba44e3193fbf
675,3.3108091354370117,0.8687852621078491,f611e148ca50472749325e2bdc9595aa3911e95e8fb2ae8f68394c1f0da82a32
676,3.3010387420654297,0.6887848377227783,91d360f0148f64d8c0421b45e7d8597cfab49331efefb5254b1d44b8467c9afa
677,3.345863103866577,0.8238880634307861,a130a6c8d8322ca9d02ec4b821ddd78804f086fa8d98b12ea57b46fe06bc4d1b
678,3.448796272277832,0.8310099840164185,93d76d781cd5c3fb8487c5d47428f5205551afd95bcf191b5d5c50206c2eb53d
679,3.3755850791931152,0.7908788919448853,77f4d7edcf16c135421a74492a6677dad56384c4eca1a998e07c9db4dd80de96
680,3.4124577045440674,0.819167971611023,7072845c53f100450d5d7eb325d471aebcea29c4e5c45b2c36541a254d4af479
681,3.445472240447998,0.8217602372169495,16d9d2e0b4269660a118a7c48cce60296025e64743569ec2638f83b11d34b3a2
682,3.3765599727630615,0.7272791266441345,aa2c6be3b888e80fdaee0d6db373c698658fecef9ae732ad18ea0e389461809f
683,3.490443229675293,0.8171090483665466,6c53a166d2d464862e167aa82141725519d67414fdca9e0a86171cb110d6ed9f
684,3.36761736869812,0.8060155510902405,24e7d75c4283634d03a8dff98ad8448dc82bfb0a0bdf221378a0f5f6229ad1ed
685,3.3163623809814453,1.0018709897994995,7ba2f99d7aade00144223b978fa0a75e3cc13989e553d56d09f8bd5209b4ef5e
686,3.227306365966797,0.7395146489143372,a2860a330208b7975b41c63efba14db2a847d89dc526b7545b1a3218ea6ffb45
687,3.368717670440674,0.787895143032074,56cd15311966c4a2137cab00d457d14268cf593e4ccb70e7eec11404e4accb7e
688,3.3017008304595947,0.774168848991394,549fe756793cd9bab5bc59ade859db3a6402b7cec23715b21f17ecf8bda54d93
689,3.187753677368164,0.711993396282196,8897daa7e05da226f3071e5f5fc05678dd72272e6e5706b83651fe5c24a84a7e
690,3.3195383548736572,0.8045781850814819,843ac5b094fde63298e437d9cd72413f62156f385899a6f28df07318f8d1dad8
691,3.3985605239868164,0.6719784736633301,08da6e6bcef95c4dcd09d5afd5787d7c9373bc935f11ce545a6591ed2966a801
692,3.310774803161621,0.8118469715118408,9d53a24a9a668d9039f7476863924220cfc6f5bafe618603d7a9e9f50efaf4ca
693,3.2037715911865234,0.8250210881233215,64c31b532207abb844733415e1be7ac9f708fbc2ba4b98414193fb028f4753f1
694,3.2458033561706543,0.6437332034111023,88e66091b2b59e54be13ca7530fc48a4512cc929b7790aa9155438673450dcce
695,3.2883639335632324,0.8380939960479736,05db3992a29c8c6964aa21129993f9c89196098f03b13e8e42a0b8fc497da5f7
696,3.4462404251098633,0.6693807244300842,859a67f4c830c784c3ad599895cf73301ce0c4c39f4b616d7e00c88649218543
697,3.3934872150421143,0.6840537190437317,d2a0a0b057c0cc42d7d60714e6962ebaf5a717188c8782f00c003e9b92ab66e1
698,3.3344428539276123,0.6705686450004578,3ece9efd425c9ad117e81034e08c923ef6014c542ddd11c5525d0029a5efd0d1
699,3.23378586769104,0.6286457180976868,08a163c17fc969c515671d0d1050ea15ef5fdbff82d2164d1ff11bb2e489c6bc
700,3.318431854248047,0.7056302428245544,a3a6c77ed61d4dd21be7830a9a9ca6b9945bbbeb5e6b662de2b9fa4beeca6ea5
701,3.392390251159668,0.6393212080001831,27510a40b14465e38ceffda8153cc66e4252bfb9d529392af832694d07631eed
702,3.396162509918213,0.7298592925071716,cbea6885df4b7afc20e15a0e34a5e1e0841f65f028c6f8f3de37bdcdf5de327b
703,3.356058120727539,0.6627600789070129,62634853e7cc4ed7093e64d630d9cd4a9f0896449ca4bd52c1702eed05f88ce3
704,3.2852635383605957,0.6514833569526672,173c42c1397e972ab94a7f968e9823a965c5087c3574321a44d5b2b81fdeabb2
705,3.284059524536133,0.6384600400924683,03e79f8cd3cf936085df12d130bf5681a4f3491e3652e209e8de48f8a63ae760
706,3.2549428939819336,0.660013735294342,65d1ec395c20ce4c7bf9a4ddb414742909dfde8b8750840779ad5519856e43ff
707,3.3668179512023926,0.6626074910163879,cf773bebde5800400267f440c918f2d109cb2b0297662a07dcfa055b0652be4d
708,3.2618775367736816,0.5819142460823059,5e7c4274e633e39f7c3fc87dbe4e31c66138d0ab3c66a171fba91d20dc4d9d60
709,3.277869701385498,0.633431077003479,df6436d7cbc2857d19ac30ad4b86de2793ccbb41103e81bb0886561dc18203e3
710,3.24318265914917,0.6404691934585571,e8bbba1d28ec0d30fd1bafb3cb2e8d6c31b50fff6892400aa3f907750d350450
711,3.271214485168457,0.6627374291419983,501c29863c63a21690afb8804efaba15108994fca0829fec8409ca111f27b45e
712,3.1820664405822754,0.6957616806030273,092854f8bc6ad1671efe7ea59800750985e9a6c9a95ff8d04e478536d46761c4
713,3.2301008701324463,0.6088888645172119,c714522e4a15c841f0406eaef26f5bd39e9ad214ed68eb31bfbc1a2861a20023
714,3.3558554649353027,0.7032127976417542,b4da0768cb05ee2ebde7117607958f6681abfaf9d3a46f293614e36f0edd11f7
715,3.316765785217285,0.7046768069267273,a8bfa391bc2d01ea5249351d1a7f8ac4b7f9ab6a5dfc5b94f34923a67274c2c1
716,3.1840691566467285,0.6889333128929138,6b6fb2f832623e80462291a3b1a0056553daccf8ce58c90e65c5583e174c9c66
717,3.329352855682373,0.677028238773346,8fb995f4fea11a7cc047cffc4064f503952a7624c517a6bba8cd4a264ceafe8b
718,3.329566240310669,0.6694300174713135,07b29cc7e7b64b6fb38d9b651d87e61677e748f51386f9012f36f9dc66078a43
719,3.300426959991455,0.6530356407165527,15c7b3028747f699927377ee5ee7c07b7b2f927f57e5337e86a9bb41c40c1cb3
720,3.2645654678344727,0.6806663870811462,5e331bce5238fdb2514e9d9ae238aba05e64c94cb5ba6a3836dde7330d7f938b
721,3.3855457305908203,0.7082880735397339,eb009a815348c7afa3ff2fe1e3f1519ef4ad8845a8d181076b8e520c42a7a1f2
722,3.2873780727386475,0.714746356010437,729577815430c3a905695f693fc72f3a2f1208ee81c81d2a992876e6ba4fa420
723,3.230389356613159,0.810824453830719,8e0c592a9473f346ad403b177cdfc8f06afcd65b1b32be715868ccbc198ddf23
724,3.2227072715759277,0.6981256604194641,4039f4eab912e62dcde230180bf752e4da16af7041e1cb5a56640ab6a0e7ae02
725,3.2564620971679688,0.7011839151382446,bb70520a7af65a0909b7d8aca63e96d55b751e0a6a5b0231c709c64e023a237b
726,3.154794931411743,0.6545350551605225,5de1711eab513fe4b51e2283ab1a10f38422e33cd6f92663bd18391dd3579054
727,3.2986340522766113,0.7701235413551331,2fb2ac7fb0131da3a834c1f71f100693f3e512391a83858080c4f811d472f30d
728,3.2181918621063232,0.6971827745437622,c28065f52ac52c6b21cef6c9b6890f5a64656c68c975e94bacab5dc0d75a928e
729,3.2942638397216797,0.7165566682815552,12198da400ad3ae2ba18322252fd039cb9aeaf7b566e205b9151ee046d5b96b7
730,3.2636003494262695,0.6644814610481262,e8d486fe135788f779c5abcd4a2b55f506a6200cfab9cab082001d8c2aa5b94b
731,3.215589761734009,0.662817656993866,e65027f66c7f5e4794ecf487e2b99d66cc773a9fae4a30e5835a9bd318d18cfa
732,3.231412649154663,0.658050000667572,4acd15838f55264d6db2333451f2e162d1c9d8ab9339516603e16964327c3fc0
733,3.3685226440429688,0.77949458360672,5a5c1b0edf5fa897137604ba8679e1b2378a2d0a14e4fed584ce4aac54b36245
734,3.2422189712524414,0.7071762681007385,29f5bf2e6ee2092da8b5825c95a4bcf42f8ef132337009172aee5e5bfb65eaee
735,3.183181047439575,0.711259663105011,eb652d3795ec1efdd9dd62b6a1b2cd615d899f52ecf38ed7e1dd71b1b6e66b9d
736,3.2950212955474854,0.6798408627510071,5984f0d534f5a114d26b2f1d9bf6545c530de570126bc7eebed5cdc9c0c522ef
737,3.329913854598999,0.6863689422607422,e4dbc191eb3a0f3088914ba1aca1b0dcd1abdfa6487d794dca4860deb111c839
738,3.2710256576538086,0.7165187001228333,21953ce1cd80cca05ecd7928ad910d39c590d4d73bf12d9c0de5dc7155976909
739,3.2486114501953125,0.7466052770614624,64b019672b7c947b3facfe053fd96d78d0f097049494b8d78ea9a66e0551f7a2
740,3.1899938583374023,0.7396748661994934,94c66c924fd152dcac29d5204fa10b67407619f02253ce527f783851629e615e
741,3.2805490493774414,0.6999977827072144,397044e493e2845f40f098e279836162c31ff3ffebb6d469e8d0d42f2b7c1c21
742,3.312213659286499,0.7150025367736816,6f560486e1bc9601de3afd334f0770a14605c6b42ee0db6f460b599e0d8e7a47
743,3.263486623764038,0.7277560234069824,0a82b267be9fdbbb9b0ffe8a6bb2cf4f51919b5c66cc8842f2ec51b67a8c13b5
744,3.2487192153930664,0.7051411867141724,777567bf617868c8e43aa466ec52333bc9a8a65ac984ae1ea68b81357a8476d3
745,3.1825098991394043,0.6611864566802979,be5df1d20f4fe2cfc6288adc41f5a9e5b06723f374ff9fed501b680640e81359
746,3.2222204208374023,0.7480913400650024,92276a9c74df2da143c24ce43f3ea23aa065a5d3099e10b26446cce18d8351a5
747,3.2440810203552246,0.7215203642845154,ed7e54a0cad19b036d8f99f63ed1e553812039abbe2811d7f1850cf22db1855f
748,3.263822078704834,0.6867145895957947,31f02c5c287cc16e41d6b736f1ac4e959128816524f5aee5b6292e77c8a8a36e
749,3.187896966934204,0.7474839091300964,7765df61549e9eef84e13e68dfcb35c9d586655bae47a32cf93a6f29af8aeedf
750,3.240382671356201,0.6882543563842773,e2281c3a35de7eda95e5e5d7be897b339b2a5eabf068315ceab5ae0c402214ea
751,3.2724061012268066,0.7257323861122131,d1b4ee632146a546459fb593a7ca36f9460fccb92db4bcd2b84ff21755d97798
752,3.2521495819091797,0.8069013953208923,8bb3ecfa91325452eb0d37ce5ed40f7d8eb9d226432d1bb12d92c8b441f8fa7f
753,3.24180269241333,0.6706148982048035,b892c19d49325aeccf721839b65c9c68833a6e92677a4ddb9b5cb15fa8b97cf3
754,3.1989924907684326,0.8015123009681702,14e3a8ca7e2e53eb32765d2768b1131f0fa5b1c077d381b165c38d45e74fc505
755,3.3321290016174316,0.657693088054657,680b37fdf4c9d8bc35a55eeb1c6b6ac48990fd7b5e5d8a2d17465cf314ee4726
756,3.216932773590088,0.7412183880805969,daa70a13f555cd0323e3732eb28cd70bb871d137d8aab33995a25d16bf25cd21
757,3.1830153465270996,0.6887578368186951,6b54858fcf5388cf4b20dfe61db6c777664c8846fb83bbb6e5f057b6aebcf991
758,3.2714738845825195,0.7221230864524841,382388e3101327266772ce9393b663166498e40bb5eef9a6e7365d2cc899a8bc
759,3.2338616847991943,0.6643349528312683,61cc543972a9255ade0007cffb1112042c14098697313f268e137a1f255b8c2b
760,3.2073450088500977,0.6499606966972351,b2916be98f7244bd490b4adcdf378da2ef37bac169d1904cee7ce23e37ed2382
761,3.381568670272827,0.7024745345115662,a839f8d188c1cbcfe4af6e11eeb3944b70b017991f0898da46ead6e27a2238db
762,3.3386588096618652,0.7442195415496826,5bc7c340de4b24cbb26d5712e4477a797db4d89eeb36f892f72b629e6509fe69
763,3.170563220977783,0.6849969625473022,fcaba3e7e66a88e5182fee7890a253644f825fb8b851c597314bb6774fc6f9e4
764,3.1626901626586914,0.7745652794837952,403ac269dc9ca19f5b7802974ba7a449eb0bb5731f76678c1d277272c4252e92
765,3.225457191467285,0.680142879486084,b2bbcbe10cc79be1d55119073b07764747ce9c265d3b80a0a7d72a1923a2836e
766,3.3089280128479004,0.7356818914413452,95d716feff1fca0dad8ca3729b05f9d6c54b92c6d23460d43376db129cae5edc
767,3.298884868621826,0.7910820245742798,78404ff25804e644ecb16bafbad4d6b6e7cd2e94025425ebc3aeb69ab85a5e90
768,3.155238151550293,0.6964404582977295,7f54851553deb85ea0e1a2df6b284cef75e6ff397d54f2ac78ead6f0cb5f910d
769,3.266671657562256,0.7407623529434204,8c8cf93c102cd4ca564d0c642c0dc10a4574af790bf697f4e1d7c03effe0025b
770,3.2910239696502686,0.7789553999900818,fc3d4e48d07c00a9c43d81e1c12a814087272ba7149b56836d8d3cd649e7159f
771,3.263187885284424,0.7443698048591614,da50ecffc0d772f2684ec0416aa629edfb79795e7b6d548d0a584b1f0825c8b5
772,3.2144646644592285,0.7915253043174744,daaf9fac35b92508869673c3f30f139912d686bf3a97b4edebba79f791ab50e4
773,3.252897262573242,0.751989483833313,6c36f0f4955c31f1ebda1d1cb7b181291ce5346edb43310be7b0ec5136825ce5
774,3.16042423248291,0.7712904214859009,2f3b4c86723480eb757b69e843e053f7f65ccc8a1bfe14fc0fdf158d86e55be8
775,3.2460920810699463,0.7501754760742188,ba6ae839c4f3b366594bc4483d46ff9b0415ca6a1305ceacabb3fb9841b6095e
776,3.180858850479126,0.7555204033851624,3eaf78130431d883021cc22ac4e8ecc55a13303f76ea1c2bb7232afed77e5ab5
777,3.3110408782958984,0.7812893390655518,f8f3cead2f3ee3d51e80aa3418e9a81b1437fec4cdf6ba97cb6fa4d18d7ff3da
778,3.216837167739868,0.744454026222229,2ee3073dc2057279ac6878ba74e0f8b9fafebd16efc0e57b512b67d516e79136
779,3.2898788452148438,0.7194327116012573,d490108995deb5432183cce1f9559316e6f02de1c2b7765da5059d854d030db1
780,3.353733539581299,0.7255382537841797,b955f82056d1630267db2f405caf3cd4c591be4da77b7801fc5ddfee048e00be
781,3.1890625953674316,0.7164947390556335,e9c16fc3f56764d9ce76eba64cf8c3725d5c6122c26b7d4a51436a33c748a90e
782,3.1592750549316406,0.7282953262329102,96b399f3d7d51c8401bd4adaf72707f5bd9ba888c67f742f66c01746940e06a4
783,3.1756956577301025,0.7175642848014832,f673266e43dc78c36c4e5e843b204ca04df886be99b28107b8f7652b16317c6e
784,3.1488282680511475,0.6507619023323059,030caed327fb622b05321ebe8b8d7f8a4d84cea614c9de7ce986a7438f863a2c
785,3.183377265930176,0.7120299935340881,de8195e961f71319a4cf4557b0e0327c16885490fe3424021e6a21398fae7504
786,3.205538749694824,0.7035544514656067,4b4ebfcf4f5e5487a7c3197794e730969285116353f60409c59d4db48639258e
787,3.2268731594085693,0.6852495670318604,a3d570c60fe42be418a506d550aa457ee41fa6f4e62551a75b8376de13f24e10
788,3.3041656017303467,0.6818603873252869,5e2f1a0d0c2d779e1fd94c4b61c8b1a7a4747e4821ba2158a896fab8932b9d91
789,3.1506552696228027,0.683326005935669,7ea27dd68e812a6ed79d9e2c62edbdb5695b24a74c96739a348a1e305ebc4830
790,3.2012767791748047,0.7286670804023743,bf9e1c37e6122906e943a300b1a6b0df9e23b40b033c4a550abe29d6fd243a28
791,3.137813091278076,0.752304196357727,8a02ae5f8099caf30957f8f3e5ce4e3c7c98c654dff838edfd1cab8fd7e0c0fc
792,3.1858158111572266,0.7746689915657043,5009d966261e78167cc07a5b30abccde2484414565f1ccd7842941cdcd53e09a
793,3.1354942321777344,0.7196363210678101,b7b0219683d1740c4390125fa9d380aacbf5e182734add47e6d883cc6fb267f8
794,3.2468132972717285,0.7558383345603943,3db257a445232fb38d7dd1cd1b8993b2245a69e39848d475e5bd0b5208e2cdd1
795,3.169365167617798,0.7446079254150391,f940e0a56fb4bfe4db75d78d9b927f1562546228f3cbc50bfeb33c5f71ed1e98
796,3.0751986503601074,0.7710068225860596,1752de0326531a8a471c06f3adc661ae2ace13cd592c9590e377abdb7599c1aa
797,3.264404296875,0.7480901479721069,2de0656e4d7961a65ecf061e7e5277223a9b43723f4568898fa38b11295a60aa
798,3.155683994293213,0.7455962896347046,9a13c933d748ed14d7484244afa0fb643662c3957fe4d40dd834e3c4a39ce400
799,3.279338836669922,0.7270128130912781,8ad34fa97312a462297b86f9b831c10fa873ad1d797ee133ab4260f407e59d2c
800,3.2507829666137695,0.7829911708831787,ed48c04cdff719c430477e9e295747beca1ceea24d1754a803a6a97caf7af090
801,3.1775565147399902,0.738554060459137,7c8b023b4fa7358536b6dac5653a940e4ed352c18636630843921dc0cfb4b369
802,3.2222189903259277,0.7150530815124512,55d756aba06a8f4dd1970d4564f1d522fdf94275559b8e8b246fbe6d95783d0f
803,3.1877379417419434,0.7305320501327515,98fe72bcefd9617456cc7ed3f0708c1a8e8c611823da47c9260bf1c0bb1da50b
804,3.189345359802246,0.7537100911140442,8644446bca27bef7de327dc83794563df0e17bd99e5e39870ede23452afa0640
805,3.2737951278686523,0.7714773416519165,3d9a577f68a033fbe43b726e0a78070075a3c2eb0c0bc5fac34ebbf3cfaf83a9
806,3.1248388290405273,0.7940949201583862,2b86dbe55fe95229424827207af3b130f51b073ce2b6877227bce63c348871d8
807,3.187256336212158,0.7253578305244446,6b6b95646e8585ce6bc49f4aad74ad1797fd173b1d8c90023004b00779fc0570
808,3.1694087982177734,0.8164647817611694,60e3cc5c6b6c8000be63c897f1300f30aa193d9a5aa8fdf65a1b804f4b423db8
809,3.1295359134674072,0.7905293703079224,dd1a37c4419e94a2a075231a2fea6a372a6fbde93eedd0f92432d77dfc500b6c
810,3.1936140060424805,0.7091355323791504,50a799252d742cb66bb4692fe3b8098ee0f26ba377ec75d90cf00474a432c703
811,3.2258458137512207,0.7691311240196228,da87363beac5d13ff6ca5c36a398a9bd44a5ada391963f031e668f3aaf7daeca
812,3.2179408073425293,0.6836153864860535,cf9532ce506f68142cce09dddbb1914fd2b6af1d8e522c791f3301f562e01008
813,3.168384552001953,0.760706901550293,279f42f99cfeea873629abc939e5b9de5ba291f67316cedf2d6c9a062aff6374
814,3.1151301860809326,0.8679893612861633,332a84145b7d8b2bdcbbca3706ec8bfc32e042aad33f181b6420cf035e7de79d
815,3.1595025062561035,0.7520649433135986,143c5b154f309246d716dcbdd4947c58f02d42491dc00f67fae63431bbfe0659
816,3.2663373947143555,0.8704352974891663,136c1cc6ef84145aab5055230b48b2df6cafc445b4788e447727927aef4954df
817,3.0755810737609863,0.8072325587272644,0b1c6d709b9c70db1a5435def982786c08e89498e4ce93893d75f6a35459b77a
818,3.2084174156188965,0.7503243088722229,2a6c87c44c320ab024cb8b293bbced9e01fabfebe271c227060dcea80b1d8bc6
819,3.1903042793273926,0.7462033629417419,ff221db813350143e09f8752082de55aeea16050f064a80b9c1a0436cf4f13f3
820,3.0764236450195312,0.6968268752098083,0429e2d58d5894cd10293e02528bcf2f164118e8ba6124970ef322a2ccc37540
821,3.101348876953125,0.7935140132904053,ad0df79d3ea2900078403adf881bc64f0dde4330cf19ea15b67683922fede406
822,3.1900548934936523,0.7420172691345215,9c6b5b4607ab0f5b2120f011df51bd350c143d92627ce5ba7e1118691c40c70c
823,3.3641295433044434,0.7932210564613342,de56d5168828a3b589a030e1b86a145c4dd58f923541f3179498384e4621d3a7
824,3.0147781372070312,0.8504389524459839,afcedd8b6db07b7b7ffc3ae152de27c4aba1056b8c324f882f3ba4066ae5ed6c
825,3.1083052158355713,0.7347911596298218,20f25fddfb569c394d8813dc8c5a07875632df5074fc7e1844808b8857cb1f15
826,3.1100778579711914,0.6813300848007202,df5e661ef99c3225adc78302f08dda634e9bba8b73abf352181817098a5757ba
827,3.2532567977905273,0.7234053611755371,18b88f52cafbf796e3168d2370825c4c5cd5edb069fb735af13ad330b1d431b9
828,3.2433042526245117,0.7383108139038086,dc8146413ff096076d5ece4a222cd5eed78111be36dd36073e550dbce353173f
829,3.0936269760131836,0.7897080183029175,6a68179b1757b7853d56226dbc337cb4295a7f2b74772c1c38e7fd18167d0cc3
830,3.1709136962890625,0.684753954410553,4824ecd801cb87b090ad789e8f585726d2a43b7e4f0ef5fe8b112fde7569592c
831,3.129380464553833,0.7967697381973267,4628224928ebf6ad53fad664924ab4797337b1cde577c4cf9d333a05c385214b
832,3.2610080242156982,0.6648666858673096,dbfc660ee5af6cea44f3a0b67f2b94c86dc0665ce07fe48cba36796608fee98f
833,3.2097702026367188,0.7315050959587097,75d3d52f484432eb2d70a6b67f4f80103a8e60dfe0d0149399da8c7c9a2b5a22
834,3.0590033531188965,0.6930450797080994,2c302369e90840d7243cd97d4775b28ef4d8ab6c42fd0e243bea6e89d7e36c8c
835,3.3023457527160645,0.7617076635360718,e0955d76790f7882292224f61244cf3f8cfd4bcd03433b4963cf31e91ee47e12
836,3.0442938804626465,0.8277308344841003,2c6bdc85776ac44817eee30b9cc76e794e587cbbb0689a39548dfb51b33e15c2
837,3.1113154888153076,0.7767138481140137,ad435ed101012542117f8dd152a227dbe03647b031aa3eb55c0d3d6045ceb974
838,3.180291175842285,0.7837487459182739,161a7b7c6a08b0e3f48ccee05531c74ecf751a1d6e73fe390a420411f992b3b6
839,3.138029098510742,0.9475466012954712,7e165ae7c9d6fae0fac2a3d22f9862f15f41825741da7c04ee3fd3ac94abbdd6
840,3.0961761474609375,0.764442503452301,dc3a7fede15ae6ffa581330e4f1c5d7390a3cf21bf5e38df5174670fb618ff8a
841,3.109553337097168,0.9048583507537842,df23e55bf3d849e378d5785506796ca3c099dd02faf785a8d9d219d3d3ffdf87
842,3.2386765480041504,0.7893356084823608,1621aa5d35a045bedf0cd041555bf01cf0da21dfe34807b34b8e5c1c7841d31b
843,3.1167454719543457,0.759326696395874,fe45027881255a0a7d2f04043902808731c721cfaa7a22d10823ff8cf1ed8e74
844,3.2424144744873047,0.7275729179382324,c0d04d06f480fd0514391b5e2c9fe64229e21b1148133bb9d74c9286a9e57321
845,3.256216049194336,0.6860852837562561,125c8f0bea691fc81da935e348d7c72c9e3db182952b6445c77679663c499cb1
846,3.1782736778259277,0.8423648476600647,a8a07819a246ad07aeb53f30b10c4c81e4684881c874d86e0900eca7d8163ef2
847,3.152515172958374,0.6660895347595215,2e3a54981f26fada732930f02d5b2b0eed819e59beb2cf92c972f587f06c0ddd
848,3.1598386764526367,0.6984864473342896,b43f8ef4d9458824120ac349cb05fe07aa8c2f61fdcc2022533a8e16cf158cec
849,3.177361249923706,0.6572765111923218,1cb2fad9984a01f5762438aa7e8c0468e483c06502cef31e15fa3048e5e95d29
850,3.0471439361572266,0.720767080783844,cc64299e60a35b8222446d8d88040d9ac8df6a7c1185b9f71e0571109455beec
851,3.1531174182891846,0.7172588109970093,347716028ce4a951cab450196d00a02fafa01fc7e8c50d0d8b93802ec1af6048
852,3.1633410453796387,0.7493256330490112,22319aad818abecf5beaf25459eecd83352b17d39e768c8d4fe9e84e32691720
853,3.077751874923706,0.7011915445327759,e670975493f1202109eee015419fddd11bee01d9a128cac11c77b15bf9d75680
854,3.201427936553955,0.7060904502868652,15cc6a7e30d2a3a34d187af3f698ccd9a06207d17708cd58f548f8dedb199cc6
855,3.1056039333343506,0.770922839641571,510decba3e584ceeffa2c4870f4117bbf7acb0630377c685cf7d59fb19694a46
856,3.0647764205932617,0.722244381904602,b4c143f1911f89077bb2679e891252dd94011d377f89ee5374197d4308a8a47d
857,3.253622531890869,0.7669442892074585,0069a39121f1b786548d0deb39a1881135d529118177f2352e0fe9e79d6092e0
858,3.0384817123413086,0.8045364618301392,2aa4fb32b7fee86b8075affc769144232f54f199aeec537ac280dc01ced3a48e
859,3.1200461387634277,0.8149751424789429,1cc252ad10cd149da763a0f638639be6a74f341091ba94d7bc4627d90392678c
860,3.087129592895508,0.6972549557685852,e52daa030dce011aece269069b8e91e46136f7cb488f15073586984d061aa290
861,3.1865363121032715,0.7224589586257935,43260847be2fe78b2b306ca537347b73e09784eea845817228fbe60679ea2919
862,3.2743985652923584,0.781833827495575,1d63b891253493fc16eeca678ebabeae98964719d98d849dac3ee16ccc5afd29
863,3.0356080532073975,0.757619321346283,d449c109a509369c294d9c8fc9143492f95c5328918c5319640ef986a13c793f
864,3.154970407485962,0.6862992644309998,8a4ab8856ff5236280dacfaa75978780b4a83bb1ea2eabd7969b8a683d40c4d4
865,3.137317180633545,0.7799897789955139,0b37b35860438c2ffc68e56f6deaa216657cc952a1223aeb400de930940a5d5d
866,2.9407172203063965,0.7344720363616943,331164a66c51de32498d4f9e8dc3d6ec3e39565568157ec5372751fc14e1b388
867,3.1723623275756836,0.7219138145446777,1123978d73a755530bb1bb19129b03be4c26b1f13b57b7c9be4f6e15ab358a91
868,3.1523008346557617,0.8109884262084961,271446e081d39f287201c605d9b0494ac44308b98f78e22303aaa39d9ad357a8
869,3.0560054779052734,0.6997469663619995,244ae42c8212109cf143c8af200da2c9b7cd29b828c58347639aca98ee694775
870,3.146120548248291,0.8047049641609192,84c6569684a268c55ca90eff702227d2e87f8e14d45a6b354b31670298d44481
871,3.0927798748016357,0.8030385375022888,6d33de9d1a9745e90e03ea330f91a2b9a5cebc2f520d0b35e51f0d8a00109762
872,3.0197033882141113,0.9719547033309937,e2a582493b7c480999490a49ea3ba50eeb8601fdddf982eabec66a3d4a82abf4
873,3.285651445388794,0.7537916302680969,6466680300a918ed9bf3330136dc610de00e080416eed32e672287ee23adcbc4
874,3.1041462421417236,0.7339596748352051,eeb2b49914780a908257ecf0ae6c537be8d8b07a584b160726d9d5424dd4a7fa
875,3.1689555644989014,0.8606864213943481,7bb4f5c49e800c49fa64a39be1a7673ab356c42cf1580e6543f29364ed43d3f6
876,3.0718703269958496,0.7702096700668335,0d40ad8e1c48169491db23bb80d0e8c9b7b4ad9586a05c315e75a0c52b58dc98
877,3.033989429473877,0.8111636638641357,a64ca721c358c787b7bcde1de5cd96d9e9888c04bfcbd734ce6feadec799d0b4
878,3.1688973903656006,0.8419395089149475,98440d476aae13a9fb7aa1caa5fc99a72f95640433bc9bbfcfe806432a979d1d
879,3.1381616592407227,0.7981758117675781,63f44b9735dc15ae36bb921771b6013cee627ac99212682e4687a2cdd2b6315b
880,3.1090798377990723,0.9005582332611084,8692b26d40dcc1c01659f15322fa2a6467326066e33dc50240aefb0eae330b92
881,3.0970797538757324,0.7468988299369812,974c9151a094e4ee541cf6074606b1af64f92c915ee783b54f1ec025b179d104
882,3.0461747646331787,0.9299684762954712,e42160d76ae4deb79791e9e6340020d920b17f256773347a79902c0e3e45fa1d
883,3.1716933250427246,0.9040966629981995,6281dd116b87aa057d7db36c4fa475618f517407fc1ce4466f762d920dfc4c9f
884,3.0584356784820557,0.9515582323074341,6f6b7881b49f4abba074bd4eb042bc0c4cc6c7485089ef42ee79193cf6049040
885,2.9398739337921143,1.096855878829956,3f8f84cb0e88154c7ee8c3a0ba1f8fbb3e00e46d80abc0e8058cc7740a0b8077
886,3.2586874961853027,0.8483584523200989,3c8e2c9a53b8d31599423101009a0e4f55deb5e8437aaa3c844105d4abe4ccbe
887,3.1775577068328857,0.9961336851119995,311508fe31415d212e9397d1545e0469a134191d90e9add5a254969a493cb14d
888,2.9787752628326416,0.6984882950782776,b17721bce24f639d9888e0238086d28ecaca91b04970070ba8699ee494a0aa30
889,2.919050931930542,0.9659550189971924,1751b4b9ed3af53cb14e759098165a2c8e74c669fc50bb72932334a0e65ae781
890,3.1725962162017822,0.8247618675231934,b52717be1d665476aa4710f74a5c2563f6250bb4696d8a36e2c545415210e37b
891,3.063718795776367,0.8031035661697388,85be869f4b010cf09be573714bf75dfa7b23d0c58f080be8768d2a17b845a223
892,3.1676828861236572,0.829002857208252,e6f56f61e429113446546d44f917ccc131974d3dcfbca794f55038e58d7a10da
893,3.141913890838623,0.8191542625427246,f59af6eb8505885b0fe1f6b1cd25a4fc0b150ae6d89ac81ca5986e679541846e
894,3.073150634765625,0.8394330739974976,ef35f6e974ea2589de0db1c7462a375c83e9c103c2da1d0b5e159fab0bfec585
895,3.0503032207489014,0.8713247179985046,32f973e6102b5d7d2f34a2c4c033335eb98f8d3ba3046ebf8da0e5decb68ff3c
896,3.0954580307006836,0.6664361953735352,65113c95227aa798b16833cd9183fe955afd9e5418d455470bdd343603090388
897,3.201601505279541,0.8261617422103882,51ba26b8503da0255f0994caa1bf9e5c53beb1c594b6f88362ba99076b37562a
898,3.087165594100952,0.8083237409591675,65d24b5096afa6f5f79115eeeeed4ea90cd1725ce2fdf7b2730203f9b2854de2
899,3.1452133655548096,0.6840546727180481,02b8c7862065d67ccfe32b8002c43dd1d9fec6b74dbbaffebfb0c8450f22669a
900,3.1047725677490234,0.7693702578544617,fe5f85b62c4096f91508d83479e52c3d4a4338cfd71b93d8c61317b9791c0c66
901,3.115055561065674,0.7718085050582886,059f7538c9b38634195037bbc7b855ac23bb6fcaf2f34fca94402a0cf4c7c51e
902,3.266226291656494,0.7688590288162231,a9961b96272cc9dc76c83819b2aff45eb8b3ef1acd19dea62cd92cfc819c172c
903,3.1705703735351562,0.7414295673370361,b80a4134adcd2e9a7b5b01ef1ad6cea84b6f0543bee76203017d69bf720e245c
904,3.019526481628418,0.7667695879936218,b2efb3262884152299b85b6dc0bca174ff8b43713b9358109c24a9166e70dd6a
905,3.224524974822998,0.8164888620376587,7efafb9ed78d204d80b012fdf800045e7cf4258ce861735894ff83972f235508
906,2.9446163177490234,0.7343627214431763,bedf5e6bd7cb9354bb3b5e4fd9c9ce446a2366f3cddbd3cdcd61d4d20408daf5
907,3.1467835903167725,0.7656914591789246,5fedb3bd2f8e696d855a6d7959da907bf368c2a2675a5518b807b3ff86f2fc16
908,3.1368961334228516,0.7112448215484619,25b81c87a0f91183b39c31e1564901c500e528abbf71ac2bef6cd2f34d8e8d9a
909,3.163145065307617,0.8043485879898071,16d79086cb3f15beaf16759ceb59e2d90481e6849254020d90953af2e280cc0d
910,3.047783374786377,0.7452740669250488,f2cd6f1778d3fec3d58e0f7108c7fc98a88fd625f5ca13995b04ea306d8d308f
911,3.0271682739257812,0.7682986855506897,2ed22a36bef90b3ef789c47a745707226d55d72966832f562662edb06f1631ad
912,3.1318445205688477,0.8118601441383362,ff5825c865d56863770ecef91d09c5ddecb273292b13b56d113d9a3a8e37268d
913,2.9760241508483887,0.7884597182273865,c94a8d640c86cf1c0b7e501003b206defe300c27b2687a3643aa4cb491710d06
914,3.0619962215423584,0.7680466175079346,d55a62df528ba8112362f822f6bcf098dea086accc61c5663fa8dbdcd4c283a5
915,2.999422550201416,0.7795723080635071,afe28e5c1923b869dbf7e40eec91d977330b60c6c6d2a3014fbc39365f3b91c2
916,3.079333782196045,0.7804375290870667,bf6fa42dfab3611ad45afe9d6e66803a80306784badf2f27247678d545a4d6b9
917,3.0463154315948486,0.7338876128196716,a68131dbbbedadf66557f9e638e99c917ff5b006efcbf34254549019727161a0
918,3.0989484786987305,0.7706474661827087,80eb0f20f1928472af2d6ecebaaedd888057ca9a01eafb82b3847d720ed14af0
919,3.0118141174316406,0.8035063147544861,0f6a6b12eea8a700dd5d4397f5f0ea869cfa20162642617589632c83c4654bcd
920,3.1241679191589355,0.8142591118812561,600e933d9cc83de8be6409f8dab49aa78a1c7d884bd5e943d74dc32322797ca5
921,3.053589105606079,0.7886819243431091,b30fbe485fb0658432e33fcfa633b410bbf99a66094cc5681e55a0fe71dede17
922,3.1176724433898926,0.7274942994117737,c8aa91d3854ac01ca894c8d5f91508beb66376c963a742b558f0f4050d69ad27
923,3.1268837451934814,0.7071910500526428,91b4ec48838826cd88145096c916d156d046291a07d6a69d861ce970ab996d4f
924,2.927502155303955,0.7213178277015686,2422da97042fab935768e351e469b51f93c20ac75a54c0a8c6f95f88269f0ef0
925,3.077014684677124,0.7546170949935913,792b26848e6817ea59f390b2cf9c906996c632800e1d7499c7b56ae0def04c19
926,3.061918258666992,0.7436714768409729,892f12bcfd8354c272f0b1d952401d878fe54992440f1643cf6da96a432a76a0
927,3.053090810775757,0.7015302777290344,4274332934ffda9245e3941b6e9075287941edbd79a86662c44342899f9439fe
928,3.1468112468719482,0.7955917716026306,ad7e4a09ec540ff78eb2dd7f081af2fc9bab84cd662fe779fb7f32c0c4fa236a
929,3.037745475769043,0.7307277321815491,fe21e6e83d87f8ca109d31a70393dcb490ccc929c56e9c0922181cd3c27abf58
930,3.005375623703003,0.7020931243896484,5b71ace4857f8c775d8cbab4da8a2357fcebfcd61347adf815b93e7b112ba8dd
931,3.0407443046569824,0.76297926902771,9e077dfb3ca7a04de518eba6f0e06ff53d5894b2b698b877f644ccbba52c9493
932,3.089756965637207,0.8622720837593079,54664ce350717c98673724ac44ba20c5027530f2294af41a5596880d57653b13
933,3.028477191925049,0.6857171654701233,22ea401228ae43528a32e3423102e90ee6547c8fd2bc2990b4bdf37cbaf57d5e
934,3.0356318950653076,0.7168201804161072,45ebc41eb794085c210956898ef72a7e6cdb6d790a171127b39ba23080f92628
935,3.086495876312256,0.8230578899383545,4ff2d9255e99e9117d5581d0b5f063653e93992f69fb51b128fdac070102cdd7
936,2.991929769515991,0.7011744379997253,5ee670b86f1dcd473a7536e9eb6c5f62b09f6c28c0e10abbcca37e94713fe863
937,3.0073254108428955,0.7800436019897461,7fe10bbb33504b8b64ce187306f35bc0274a9a1f690889cead6414f7d520acfd
938,3.136683464050293,0.7297304272651672,e36ad5b3679049781c3de3b89cae3a2402a354c02fc8b97720b8b7dbbc02e8c3
939,2.928283929824829,0.7823683023452759,379cd0788d5a3d7c612808112d876fd7850ca57aad8fc95ccb5e4bf71f36566f
940,3.169304370880127,0.7815002799034119,0bf5f68754e016587a63a236ddf8c3243ab7c1db095618743a8cb3e6681ed665
941,3.1169815063476562,0.7078724503517151,8deb4e71bee01af0bfeb67502f9edf7974af473cf7affc95b706ed44a6310ed1
942,3.126429557800293,0.7238150835037231,5d848d6933c102a96b6b7f4221501395b7cb20f65ea4dea7998d514d8fce153f
943,3.1382570266723633,0.7974167466163635,6866965f9a35630c788db0ce05db6c2262207519576e2df75dc6a8cf757093f6
944,2.972963333129883,0.7382652759552002,f2683339f928ef5c971459f304fdcc9f459a087ee865787430d198d0e0990c75
945,3.010240077972412,0.7097764015197754,0a323940f243be2c0f8ff7bbe87f12656b837de66cffeceec3d1d019e38d3c3f
946,3.108659505844116,0.7090772390365601,1aefc6279b6598925505a31e164b285177c21312fa96160fbdfe8f65d97d01da
947,3.1105308532714844,0.768929123878479,a96596f91f7ac746b20ee0fa75855d513f9c4359052b068116e89792aaa941bf
948,3.0578722953796387,0.6977308988571167,d40e597b041a8fe1c8b223b4d2e35b93e381a5565ca141cf8e3ba4caf5091b7e
949,2.960897445678711,0.8200346827507019,6475bfe39cb0a16d2ba31aff4c0a08356017399364eaece78df0c1d44d2a4472
950,2.9023170471191406,0.6872150301933289,9d737c76391d027aa84ebb9b645eb1be1f6d7ab737f70db09490d1fc7d83f84c
951,3.0197951793670654,0.7433791756629944,1a20fbc3b535c0c1d8683ea1c5bd1bee3ca9d52700b237bdce466487fd7ed868
952,2.9822182655334473,0.7411960363388062,cb940ec993997963c6133b48d68404537ce8f3cde54280e4dbb795e591ecdda5
953,2.985189437866211,0.8086374402046204,861b219c0cb7cbd9ba8bf0acbbe7b855fdbfbe3a7bef9296c96976c2034299e6
954,3.0894315242767334,0.7117827534675598,022570dcaca3cd2ba88df1d622005b209c33c75332776b240495cf9714317a06
955,2.924299478530884,0.7581003904342651,e25505aa16cadf42887a9b012a18b2a6a3d7fb5aa8f0902c5c94cd73fa43ca2a
956,2.920442819595337,0.8793553113937378,cc91eaadcedf32ab005b22f0a849b678b6cea85c6143c1e93ad04c4f28261943
957,2.961225986480713,0.7287154197692871,1efebf5b3ecc10ad406de8ce11ee15ef5ed00185ffe939e486098a743595cad0
958,2.979302406311035,0.8003280758857727,60de0a3cf3263ce2ffa94c4a0fa90d67568a3f5572072140831d87bc62e4ebe1
959,3.1308786869049072,0.7921831607818604,271a6c8754dfd8a93b2aab09cb9458a2d9a43391f9aa828af49140162da26a66
960,3.1224095821380615,0.8261606097221375,76ad0a0433351a401d00637e629e5a3297abd587f6dd712169c57de121037660
961,3.078911304473877,0.778562605381012,5c8cc096e7c5e32dc8a5b3c7238acfcdcfeac5d94e3e2aafc7d8d90e0ad657dd
962,3.0449295043945312,0.8440379500389099,25b084beb14889dfad76ef53c7060e6d4d206274ba15747fefa62e697a099aa5
963,3.0654284954071045,0.8404515385627747,504118ded9419fff4e0a140bc44d1057de77dc7ee1ddcb3f834a515e52a525ff
964,3.028526782989502,0.7494486570358276,94f3a424b7f4510290648b1330d02ea28c91be53507bd5d16b77a0fac68d8f4b
965,3.015824794769287,0.7992477416992188,73cb1682e0e551b3d75f869a3cfb84acb8386893d87928bb2a9b39bead18f955
966,2.9264485836029053,0.7547523379325867,f6a9c918784930d11d9d9f22da75ed4549665814bb3cbc46bac6084fd3eedfe8
967,2.9559340476989746,0.7139865756034851,870bc3a6323a15d09212cc440b6f6cb319f821baa49b8a5906595780283a5878
968,3.0499391555786133,0.8852062225341797,4b39a7d1a6e73c43295c53446d8c018016267cd3276ea61680fa206128732300
969,3.0000171661376953,0.694534957408905,818795c01180dd51b7875cbb04d7a8f4b00b61ec60b67bbcf61f910de441a8b8
970,3.084115743637085,0.7978305220603943,68d5b1cd6bcd65ac50d6dd6c2d914b087995bfb04ecd2b876478bf4a4a71d256
971,3.016357660293579,0.8064045310020447,a4691d3fb18ae3683b25edcc9a33f5a99ba90b533418db857178c74de20e716c
972,3.159740686416626,0.6919571161270142,dbee9ca91d680b2642972bbbdad3711e7d05c9446b6fa2146c81d62ca84da21a
973,3.1061646938323975,0.6793173551559448,aad41eab5917b7d6bb20fd52a3a5d85c0337305b01276238547c2bb13cbf4870
974,3.075989246368408,0.7416552305221558,77513b2209e118205a19766190943c5752ccd6364eca9262bbcd505a955254b7
975,3.1376829147338867,0.6879270076751709,767da506d3dc2547474c939683cf6e428489dbf578aed1bee14cd8212ca06b0d
976,2.98299503326416,0.715674102306366,432e7be0b14fc045c2dd26fe3422d0bd8661339220915dae56f6b245eff233b2
977,2.978316307067871,0.7571802139282227,c5f39650829e6a96b25eeed3fcaab8caecd8d9b561becbc15cad5f9cd0017b7a
978,2.9521737098693848,0.7791802883148193,5ac92380618ee128e5aed4dd92672b9b87f1ff24bf60b7aae45e8f82c7a0b1d1
979,2.9554715156555176,0.7599987983703613,8c50b7c4ffbd8a47f2176569b131261315aed9fe67a7e16a13e9115042ddc5c1
980,3.120098114013672,0.7221773862838745,b7c55ff8d7a5ebbe4353f45e1ad86d3f8dacbf0d2c30f12962f106c878040834
981,2.9643568992614746,0.921014130115509,fa3be19772ebb3f5c5da37ee73d1c86cd4dd78bf87cd28fa18dadff7ae6ad4b2
982,3.0758166313171387,0.7278421521186829,0713959dd702c926e93b846a1ced781fa454477c73efd495a82bb1843662a4c3
983,2.992108106613159,0.7206141948699951,c102cb4323033386d76f9e6e9d65bab476e9f1d861a2949757ec855d854f0c6e
984,3.0770468711853027,0.8618800044059753,e65ac16ebc970de4c0d94ff3af7451bc974135760fe32e7866c3b268565130cf
985,3.124300479888916,0.7332934737205505,eadc0356ede86f92f84490307ba5d96537b454b66bd720a393fe9feb39bd811b
986,2.9933581352233887,0.758945882320404,2cee363653fac5c1f56656371a5cdfacd7661ead0687efa77a5e5feca4d56d70
987,2.9680094718933105,0.8237507343292236,24eec191de09e0efed00603ac5506ea6108ef36a916059712881df7cf531ce37
988,3.067246198654175,0.769385814666748,253929d736b4a4b9a1a72b0ac199e67b4a4f2b6dc3b7b32c69ce4eb66d117003
989,2.990654230117798,0.7667441368103027,d11770a0dc476e9e1a1a11a3f1a86999ec6697df738a50c6e6e41d3c778048ff
990,2.9982941150665283,0.6667346358299255,8bf312d40a226afec3da5a0c3218961ff8ea166ab15488d154a86758e36b5d91
991,3.0207431316375732,0.7768968939781189,4579e9b131f14994b60b87ccad575465f3ae4fc6f40e88fe00716987392d684a
992,2.8563547134399414,0.7400150895118713,71182a8cb500a9646f865747e4fb97756d6994d3934d19fce6e85fa7bb3fa49a
993,3.15278697013855,0.7470535039901733,3b57d0cf53844043f3c3286905e6a00afec8465918f408a7f1e1f8c527c87f8f
994,2.971069812774658,0.8162451982498169,38d345e9c590a29f2dee0f21babf6521a4af24b0d1c8a9b6826f22b2d3a9beda
995,2.9010117053985596,0.7780393362045288,1b79cdbf253b68bc04f3231abac25052172c135d3852cf296c3325b56e496636
996,3.070704936981201,0.8696208596229553,dcc7b010f8007e90dbda3c11c99e078632cd3f13aec69f0fa09e9d22be0fc75a
997,2.948908567428589,0.8125051259994507,db49225f4969f49b04309cf1687f095ddc40ca04cef5b97c614b0198f1c4b3a5
998,3.016970157623291,0.7822234630584717,6760db8d6278978a8ff410c0ae3b9396f89e031cedd2e5b0d89676b0958be0b6
999,2.911827802658081,0.7756008505821228,c5a24674cf2ecf7c8bc2a59ae74f75b17d26a1cf488a0a7c71c7481d6e8e7220
1000,2.9854605197906494,0.8093960285186768,f0ec4aa40b8d2758cce3d41fb37a672369830ea26b517f061a3ad6edd4a3cb7d
1001,3.033531665802002,0.6928426027297974,183fef5fb8bc47573de3ca17e9f53a90efbe6d379904c61ba60cc1e519c55fa5
